account_id,is_platform
944bad04-9161-4c6c-9f41-dfcfcdccb9d9,False
e9d6bb7e-361d-4014-b114-56de301c8db3,False
a522f92f-4b20-46a2-aa1c-8b533e2e7201,False
fe3f5662-0468-4a4a-a1e5-835e3e9f069a,False
87a6c63c-65a1-4e9c-bb39-b8aa39d0eb01,False
078c7f1d-2e65-4eb1-95f3-04a02de94792,False
0e721365-a4e6-4afd-a6cc-d201335dc080,False
354f184e-5739-4b03-90e9-4dce6241cba3,False
3286af00-2a8b-4289-9f19-297ebf86ad63,False
86879aa9-14f5-43d0-8991-2032df85c777,False
46586cb2-6fdb-4b51-af7b-80f1c2be7bac,False
48c3a59d-ec71-42e7-b028-eb2d5e9432d6,False
3c07c574-4925-4af1-b6aa-e05b13d5f2f7,False
029e435d-b0b6-45da-a8c1-8df945ca17af,False
68a650ce-f7fb-48d5-8e28-a0886771dc17,False
be2d740a-1e9b-43bc-90c7-c006314d3441,False
c7569b9b-ca12-4556-b5cc-a86b92e92aa7,False
f7a67b94-7b5a-411a-b1b6-4afed31edf1a,False
192bb3bc-e843-4f65-aef0-244b2c19ee3d,False
e645bb00-d3e6-4c21-b10b-394d6021a15b,False
f486a251-1414-4827-a632-c350ff712ff4,False
d4cd45a9-870d-4661-8e1c-0d4db2eb3819,False
8702f4ad-cca3-44c4-ae49-82cf7c239ebc,False
bd717da3-3581-4632-94f5-df7005d2d205,False
ecaf8800-ad8a-4364-a379-064fb241b95b,False
57bcad3a-d0a1-4fe8-9f64-2a5317cba85d,False
8ccc9cea-109f-48ee-b5a4-720058f0dd23,False
cea95510-54de-4c80-908d-13dff3dcd264,False
2ba46308-7e77-46aa-8015-575691b0af07,False
fd28750f-5868-4a1b-accb-cb41d7b205e5,False
a484be3e-2191-490c-bc86-1a6af55db8b9,False
a14923c2-f920-464c-8763-fcd01f15c7b6,False
da42698b-fbc0-43a8-8708-cf0f8b490e26,False
75566ff1-b91a-4e28-a1e6-8d3577c8c297,False
966be275-c2fe-4954-8dfd-9531302b7831,False
62c57829-6210-4734-9ded-b8538658c2e5,False
1c179c69-9535-49c6-8379-b61d1a9e82f5,False
fcfd348c-00f0-47fe-b8e7-bcf5854c0d1f,False
797e3984-ded7-43ef-b5e4-a9c12d761ffa,False
95866982-f7e8-48a2-821d-f2cfd9fc13b8,False
9a2fc701-f3af-4b09-8c12-6e0e121af952,False
e7ba26ac-ab7a-4d1c-8cfe-f6833e11bafe,False
df8b4008-7d01-45a3-8041-f5d49549e631,False
bcc9c2e6-9d2f-4a3e-a7b4-f9c831b5efb0,False
ce972144-4d17-494c-9288-cbf5a6bd63a4,False
9d6ba3b5-cda8-48b5-adf6-cca41761f1ce,False
4674a0eb-47ed-46dd-9da4-ec0f21ee0f6c,False
3955b110-fc2e-4301-9232-231d8dd7b77d,False
567e642e-052d-4b9a-9f58-4603e5a3d8e9,False
08a5ad03-3f4f-4031-b025-5b9dc5bcc4cd,False
a3a6ef83-cab6-4107-afd6-9b3af2dd9456,False
cc8cc291-fa23-48bc-86e4-abacf0effa1e,False
aa4e8b03-18b6-4fc7-bb50-f94f28bfffdd,False
30385dd7-4c7d-4313-a6c6-81b0e4729be5,False
3735262d-4184-4b03-84dd-7054144823f7,False
36fea0b4-38cd-4122-bc01-45e14ce2afa2,False
3f5fbf4f-d417-4230-9274-ee11b61df906,False
ece42aa5-930e-4549-924f-7225c519fd78,False
28c13091-444d-410b-bf87-e362cf8d446a,False
4d57d880-d865-469a-b4f3-310340066ff2,False
3ae0acdb-2a65-44af-b09d-338b23936d45,False
d4fecf58-a1f8-45a4-8a4b-455957765dc6,False
6df5fa4a-4a8e-4dd2-a067-982478adb182,False
8a81b778-8bf4-4171-8ab5-6e07a167974e,False
2344f207-f0a1-4255-a71e-bf8e979bc54c,False
9ad28c4a-9798-439e-9a78-6fcac5a06501,False
59fbb46d-51d3-449c-bfff-a983081190e9,False
c84042f9-db66-4c53-be15-91ee217fc48c,False
6b08984b-a731-46f3-9485-39236223733d,False
71594914-b1b6-4ecd-8009-45ce932c3ec9,False
33ffb402-a5d5-4bf9-8a3a-bb3ac439dfcf,False
6a25542e-ffbd-4cdd-9d84-d303ccb03fc5,False
9e541d3e-65e1-4146-ad8b-62b689cb09aa,False
9ff5846e-25d7-4d5e-8498-b40a16e1cf6b,False
5f89ed12-64d6-4fbf-98c0-1e2bf99f0704,False
d0713654-25cb-49de-8add-f902c46ea4cd,False
7daec949-d700-4461-8cb6-b0ba925f8199,False
3bca7ff6-71be-4c72-ad8c-c85c53559e80,False
d4f76322-b362-40d2-a498-8bdecd0254db,False
a5b40983-3eeb-404a-9df2-372e9e825aae,False
7800e27a-9ace-43cc-989c-83f68098580d,False
0760d408-0678-4e13-8bcd-6e4d24e11716,False
286ed390-edd9-4a1a-ba58-5b278ce3e7c3,False
1fe771d6-d917-4793-a9d3-c2e6505cc686,False
4ce794d7-e724-4119-af2f-32a720b6d43c,False
7f151663-189b-4535-83cf-ed3bb32f7256,False
8974e16a-2ef0-463c-9106-2a357d10bf9f,False
4da9b236-d15f-4acd-97df-c472e2fba2a1,False
b5ed7ce8-2ddf-4675-9235-d52e16d7ba54,False
05000bc6-b20d-4b6e-b231-1f1795863a76,False
8e67d7d8-431b-4c70-93a3-b34e87e504ce,False
5230dfbd-5553-42fe-a889-803e5913f9d3,False
1da85583-69cb-4141-9505-d99e2f7d987d,False
e6c9fd54-24bb-4796-89d6-8cdc5ed0b58c,False
2f191516-5fbb-4da5-a64a-1fe8b646e2b1,False
0ae95eb4-842a-4bac-ac7e-80ad29709912,False
4140752c-aa44-4259-9001-8b7b6d4067f4,False
25f88c74-53ea-4919-9b48-62c2d5ff2a1f,False
366f4268-7c7d-4490-9ab7-f449ff169376,False
2de1bda4-6a92-447b-9154-00a60283a43b,False
143029a9-d88f-4c94-88b7-63d5e519dd7e,False
a54680ad-8107-45f3-aa0c-e0e1cb70c67b,False
b819b15d-4f96-4a84-a0d4-4d244d074581,False
e7ab2ef7-7b8f-409a-8c8c-eba90662200c,False
bbaa574f-e0e3-45ce-84af-ecb79f2ebefc,False
8b6acc43-96af-4fcb-b3eb-f780c91d95c7,False
6c35e33c-70fe-45a1-b880-adc62af2b718,False
b770beaf-d5da-408b-ae94-c0b5aaf1c938,False
4f2e8a08-63b3-4fd0-8ef9-0bcc8988266f,False
9f999133-6e11-4dc4-bc37-531544bd8fcd,False
3e5bd4af-d587-47a3-b93c-04f7663ab809,False
541cdfcd-da0d-4a5f-948f-8b74a65bb1f2,False
66d4b394-61a7-4114-9994-f7ba4b7faa4c,False
41afeb2a-62c8-43f4-9d06-149ef1eab64a,False
e4425217-d6d4-436b-92ee-f5bb16b3bada,False
0ebd9eef-0836-42d1-84db-e9aa7999d29e,False
53ae0bce-0ccc-4432-a913-ed3b7f5c62cc,False
0840405a-ffd2-4491-9ff3-89aa4c36a70c,False
7f4a3544-817c-481a-afbc-2464ea524c69,False
722dce13-47a4-4c42-8665-34972fe922aa,False
4a26eb59-2101-4598-b7ad-3965b25b56dc,False
f65e52fd-2e03-49cc-8827-f0b5efa99c7e,False
4d862412-ae8c-497b-955c-4e185be2124f,False
20323ec5-2f4c-4a5e-869c-4218ecb55c92,False
b5ae2a56-fa03-4d6c-822f-b2f06175a257,False
502d58d9-9d46-4f41-95c6-5dc208d87a8b,False
5de82b8c-c234-40bb-8810-76dd79267133,False
49a4582a-a153-4da4-a2a1-30524de26097,False
cbd069d9-80e0-4a64-9fb8-3bc92b621afd,False
b543622e-ca84-42aa-b911-1299a3eb9098,False
6f302ca6-de58-475b-a5e3-9314ace6d9cb,False
7414d8f7-6d93-4815-aac0-ce2b819f7810,False
099fbb57-d2f7-4a83-ba59-5dc815b66499,False
21dcde12-0dbb-4a59-ba59-43e84c29b12a,False
04bc969a-452f-43c9-befd-b8dae5d6ab9b,False
c3595dc2-0bd3-42a9-abc7-8c063e9ace12,False
fffcd743-e3f1-4406-a31d-9c8be0f0fe79,False
93683dd6-5050-427e-8e38-5d03a0d80651,False
66c14dca-8255-4a61-9a3b-031932f57510,False
a74b151c-4b2c-4c4e-8e70-263a8245b08f,False
58c1aad6-f3f8-4ea4-bf14-eafa29f0ef7c,False
9381ebb3-a7f2-407e-b821-947c43a7320c,False
39b02e2a-d96e-484f-bdb0-174e7938878a,False
05cf079e-a095-4c4d-b3bd-2348854bc8fa,False
b8875caf-1991-403f-906e-ccbc3a8359b6,False
a6789753-8f1a-4d4a-b2ce-d11f8f59748b,False
f530c98d-6c7f-4bef-b086-47e1fa647958,False
0614ac41-275c-45dc-afa0-8cbebf343ca7,False
0f3f0f48-52d6-4779-9e43-79cbd8230076,False
d68bc80f-9dd2-4036-a737-cac9242e3d71,False
156c992b-cc97-4171-b926-393cf1974022,False
ffbb4bcc-a5cb-4f6f-bd33-31644bb8ebe2,False
47198f5c-f69b-4596-bf10-938caec7f267,False
ba236c22-e92a-4b97-91db-1a374204d733,False
cfef7fd7-a17e-4816-9a97-793bdddf8a27,False
c27f9590-333c-4c30-b4a1-1999dfcdd21a,False
2ab05af8-87e7-49e2-bf46-d9d3f2794e8b,False
e8fe6095-2cb3-4e23-9a94-0c6c1c8e806b,False
91b56e0b-5f0a-41ed-a341-9ff06b955f6f,False
a05a53c4-7c42-43c7-9bd8-978e92714fea,False
700ea842-f334-485d-b6ad-478c3e06f427,False
3b23feed-b9a4-4e2b-99e9-e3a418dcceb6,False
75e913d8-2a53-4bd6-a55f-daa5756e3fd6,False
98507072-7f44-4bca-9d3a-e1311b388581,False
bdb025ff-2451-45a4-91d0-59b26699cd99,False
bbe30fd2-4ed7-43f3-9609-52eb61fe6f28,False
ec5412b4-0d74-4c38-bc58-82ecb34de663,False
7464d6f2-11ea-4c00-863e-cbe2a8d99292,False
e0d6e969-478a-443a-bfb2-bfe18e7569bc,False
e877a70d-692f-476c-9a20-4dcc4ae8e236,False
8fffe845-6257-4e9c-8260-1132c02fb24f,False
d59f2b69-79a8-432f-a097-1a15c80682d3,False
7fb63b12-4cf2-4624-8243-0329f09fe936,False
0c5c9940-5753-4534-be48-7b1c4c1f088f,False
db869a02-a69b-4d21-afb3-8c42b0901da2,False
635d8150-d8dc-43a5-b09a-8327891d47fe,False
bfbf397b-ac3e-4b0d-9e5b-a13d746cdb77,False
910aeb6f-6b56-4091-a65c-9da5be160640,False
2c0ca9c0-314a-4ace-8677-4ddcaad414ad,False
0a199083-d83e-462a-b1ca-680c9a178669,False
7a49c96a-1168-4e55-82b1-4f24dc76a6a8,False
3664cafa-0f6d-4751-be9e-7b8af8c59ac6,False
03539b9a-ebeb-4d98-80b7-10a640f66fde,False
e39f95a1-61a9-429d-adc2-735db26dfebe,False
a793eb81-1d4c-4eb7-bb90-6c080cb140ed,False
bcbd6eeb-ceab-4f76-b776-f4e846f90964,False
05b08ce0-d09f-4fc4-b9e8-2ba53ecbc10b,False
b04816fd-fd86-4a13-809b-d8134f13823b,False
f88c2664-01bc-475c-9cdc-23fc50805bbf,False
14588063-5bf8-4d1d-86ad-7920aff7ff5d,False
761c7a2b-5263-48e0-bc59-69c6a6ea0997,False
37809a0a-4098-4e31-97f3-b054e266c16f,False
a72edd5f-4a0c-408d-9ee8-27fad451b59f,False
297a8503-d833-43c3-b88f-a199ccbcbf4b,False
b32281f3-3eac-4015-8a64-25fcbdb4f711,False
bf519362-41a6-4fed-a7ed-c8d8713f8f8c,False
8185ca84-90fc-49ed-bfba-5b2cba89c0b8,False
1ba651ed-3146-44a6-967a-efbb5404801d,False
cff2b1c4-e53f-4644-b39e-4df25c0a1feb,False
beb64fd8-ffc4-495b-8bc1-35a9503fe053,False
7013fa67-f244-481a-8e1f-e43215dcb535,False
13ffe66e-6ef2-4516-9f42-ca29a747520f,False
57522610-482a-48ff-8796-45b8212232df,False
fbc7b2a5-a368-47fa-b958-397900747f3f,False
67e2020e-f11f-4e97-b546-1a1c5a5a5dac,False
3fa1292a-507b-4b8e-abd6-f68435073a4e,False
57d3ec63-e3e1-43bb-ae8e-60755eebc618,False
76bd0773-d805-4e6a-ad91-6caf9c446194,False
a2e13d75-b2e2-43cc-b873-335fca3f48a4,False
2b7c5ee3-42a2-4950-adeb-5687949aca46,False
9e8fa807-5db9-4490-ac6b-2108ba9b519a,False
f97f4994-1f38-4f55-833a-c4d6d4085391,False
4fa03f26-f6f7-40cc-a9ec-8e49d1bdb8c0,False
c5709e30-417b-4634-a3ec-152ce0653245,False
ea4d7ed8-d04a-402a-a8db-2a2c3d8a0701,False
40bf5ca2-7064-42bb-a756-80bb3a215b51,False
612a9cc6-cfff-4d34-8aa8-1f139cdd39a7,False
cab285dc-85b7-4774-b608-937418caa0a9,False
1491b51d-e6a7-46b0-b961-9ae2960e9c1a,False
da970edb-a841-488d-93b3-4dafcca5ac2e,False
0b531932-bd94-49aa-bea6-e5b20c760d28,False
9f40ce6a-07c4-48ba-b1f2-7f0fd1a9af91,False
9736bb4f-f5c8-4e3c-aee3-1d4710ecf6ae,False
de1d4653-d112-4bb8-a7b2-df91adbd2e33,False
51071545-fc5b-44bd-85b1-49a096867676,False
9f8acdeb-2e8f-45a8-847a-3b7ed209383b,False
1fca0f16-78f8-455f-a2f5-a68bd590f435,False
93dc8eea-3e8e-436a-87e9-5e6d7f71eef6,False
a190aa44-a888-4521-845c-10ea1d842e8f,False
76492e64-f55d-4e6d-ad26-8b378f5242d3,False
57076494-05f4-449b-af10-b6ccdcaa5994,False
1f9deccd-ecf6-48c0-8861-3afa1ae17565,False
12049b0a-9e11-471c-a8ae-6b4bdec2c775,False
db9a0eb7-b48c-431b-8eeb-87ffc064f074,False
ea725584-5e6e-487a-a939-f79018177e4a,False
2213cdad-661d-4354-aa55-e9af537574b0,False
8afb9ff3-a7b1-4bcd-833a-c676b6d6e920,False
5afaeb32-419b-474e-8247-23c3a32a4516,False
cd5fe3f4-23a7-439d-8971-d849e3fb1c48,False
01ab1df1-7cd2-4263-aea3-5df6f2193325,False
a18af1fd-615a-4341-9d06-5ae84358ce3f,False
7d457a09-402d-45e8-9f47-d9021ba84a91,False
cdf5a57f-9c4e-4e7f-be44-b4c74955f0b0,False
f543c14d-5095-4881-a88d-37de6c1f0650,False
94ad6252-15bc-4a3e-bf76-55d7f97c6c3c,False
73d39457-b25f-43df-b8d4-9848702ba49f,False
8345d6d3-3d72-4c0e-a3ed-6309e25c2f4a,False
55273407-7cd2-492f-94b0-0f62c768b07f,False
09a3e57e-2c5b-4eb0-b03d-a2528c486219,False
924d4a86-efed-4e52-b9f7-3374e92af09b,False
afaf20ec-2a08-4526-ac4f-e33d47206b6c,False
cd4f8b2b-899a-4252-81e1-b94a78883058,False
318f7980-2ec2-45a6-9293-23e289e10a5a,False
217c82b1-c884-4ac6-a19a-4805e03a0ab6,False
6b6348f4-d14a-4950-b6e7-5939e2d76077,False
3e3869e2-0df6-4417-bd55-38c71cc464ed,False
c124b471-b64d-458c-8d8f-808d9c0e6192,False
3b45d977-c289-4a30-92db-575a79f633e8,False
6fb78271-504d-481f-8953-5b63ba81edd9,False
42803aa0-55ac-4d06-be9d-a9517329af6e,False
cd65e328-19fb-4ed2-8da1-2b024a2c7830,False
7746d0ba-8ae8-405b-94b4-a48268586eba,False
79eae461-0751-4daa-844a-2a482fe12ed8,False
596bf99f-a111-4bb1-b952-0c712e31e772,False
e49d681d-51d8-4c64-95fa-1ab8458f1f19,False
46230245-dd7c-415a-aeb2-51526002ed7b,False
7c08a960-26c4-41fd-b859-7bc643e9c94c,False
43a534d2-8e7d-4f5a-8773-e66a6db2b020,False
73b0e73d-5e51-4bf8-bfa0-29a6d0a73b72,False
f105c2d8-7acc-4c3b-b90c-a4475352db34,False
af1dcfb8-8a96-4a11-94be-6d9f2379c05f,False
c3575ff1-6caa-4c8d-bc3a-aa22d8f148fb,False
9c3de1b0-022b-4683-9033-da6587cf63fd,False
b8280725-70e9-4f08-89f0-9bd6a32785f7,False
5e7e2813-a967-4fe1-bfce-e629ea8e55a5,False
0dfabe46-dbd3-4865-8f38-1c01d5ce0626,False
da0eb3c3-f8f0-41ae-a924-e01a5f5cc473,False
6307d4d1-21c9-415d-9104-5a16ef15ab72,False
0a398bf7-27a1-48a0-afff-a2f4b5ae329d,False
bf8e8bfa-a0c9-4a72-b68a-cd40b8f14e3c,False
1b2ededb-8fc8-4fc0-83d5-bceb5edbb8ee,False
bf85bf0e-ad64-456c-a10f-aa3ff0bbac67,False
c49b9178-43a2-49e4-b981-f289185c39ed,False
f801a8bf-1467-473a-9507-14a73aac2179,False
93188472-9fa6-43ea-9b65-e8d62660f73f,False
c523b4e9-022f-46bb-82d9-c5d7e991e6d5,False
b9c8ddd8-8f8d-4ef2-a397-3de4fd414341,False
060fc65e-9011-4e99-9aee-c74ff2591fc7,False
7161c888-32c5-4d76-b70e-bb11affee02e,False
39ec8ca1-3fb2-4f47-bbcd-6c18a06e8de5,False
6aa0426d-f7c0-45f7-a9a5-3b4f8ff8869d,False
9dec2b83-3885-4f7e-af1a-25a829344e15,False
05776108-3166-4c94-bbb2-4366704fe1a8,False
a99f8c03-9c31-4930-a86e-f693da341653,False
f8ded777-bb1e-4ae8-97d8-21b8bb93cd40,False
277529a2-8d2c-4e83-8407-26547f5f61aa,False
89ef698a-ca46-439f-93ba-dc3ecc5bf684,False
861550f6-6b43-4b40-bb9a-21c41155581f,False
264e448e-1a87-47b0-855f-c748c6d273f9,False
7135f221-a6c9-437f-84da-d06a7872bdeb,False
0c0575ab-2dce-4207-800e-45409492ba69,False
3ef7839f-8df4-497b-98f8-001856fe4769,False
bc69c155-1a37-46bd-acd6-f011fd61f13b,False
a0d60422-1a32-4219-aeb1-3e3cd3cb6d14,False
6502d6a2-ca6a-4224-971e-16cc5da36f1b,False
6e6a3d5b-2154-4e4a-a1cf-91fb7e81cdfa,False
73e88db6-9e23-43d0-b491-5c14a30b669c,False
57d9cbb0-309e-47ba-90e6-56e592715f6e,False
e1fdc6d1-6978-4221-bfb7-5c574b8c031f,False
ce8b76a2-082f-4fb9-80e3-fe4fe4fb2a3b,False
0ec5bad7-b24a-46e3-9e41-1475b040d75a,False
9dca71ef-13e2-438a-bf9e-e7b6f0154f90,False
d0ef0cd4-5e6e-4398-8ff1-b675e6fb976b,False
b07aa066-7354-45ea-a894-9b8d00af5b3a,False
1bfc270c-8549-4255-89db-ebb5c9739495,False
d123f7c1-b7a1-467e-9a1e-00365cbaa496,False
2e401311-c973-484e-ad4c-041374be3766,False
6ef54cee-bc24-4f9f-9c01-4262815ada5d,False
3862abcf-db34-47bb-a90a-a98bfa87fba5,False
2a35ce30-303c-404b-8007-93365bf7dda1,False
02d3fb7e-84be-4e1c-9e5f-feaa0eb54078,False
5958a499-eeea-463e-a1e8-ac6843e42caf,False
d9caa609-ef43-4b80-bc85-630c94517f78,False
43d8c607-f27a-4635-a064-62aea0683570,False
4458b006-332c-4e0a-8e7d-a698ab95c72f,False
ae2bcab8-551f-44f7-a5d6-9a97360824da,False
a1ab975e-54a2-415d-bdfb-0259d07b3c55,False
d0411dec-6ab9-4a0f-b6c6-533e1b7a5c94,False
d5411860-8583-40bb-b2fb-59fd0c00f8ff,False
31c1b3f3-a2a5-400c-b6fa-64725436273c,False
40b374f8-8c1a-42c7-9fa3-ed1f61584f88,False
6610ba20-f0b0-4031-898a-ef7285d3f3ee,False
0f344fe1-c3c5-4bb5-a355-ce1655a47eab,False
9522496e-a7c8-49be-9082-140aed00e657,False
0e3141ec-5c31-4464-82c2-99f07487d772,False
60042231-36c3-4e85-8bae-295e902a405c,False
af76b6c2-dd6d-4b41-b692-a531c6097cd8,False
088dbd82-d883-43f8-8c98-03de12de9e5a,False
0f8a579c-b6db-4b2c-bb5e-2d657ce71cca,False
7a8b737a-31b5-476f-88e9-41fdb0850679,False
96c2e045-c75f-4b36-be30-cae95c83b98e,False
d0d70956-2205-4294-b319-c9c052d61c9a,False
35910434-d342-46c9-8d88-136e67f778de,False
7a761f37-e1a0-4de2-b6de-974a6d9d5598,False
a5e0ecfd-b96c-47ff-a5a0-f9e224f6548d,False
92a0c677-b700-43c5-90a9-0840c8e7f2f6,False
e6233aa1-9778-4819-ae9a-fb6be6a24a40,False
a847bce7-90fa-4b57-a4ac-2130deaf528d,False
ee550e96-037c-4932-a5b3-2f0bc91ca763,False
0dc78104-8c66-4766-b922-b440e0f1e44c,False
9df79a27-ddfc-4a92-b074-feb3fc5217cc,False
582b91ee-f8e8-435b-8c00-988a7ee1011a,False
93c6267d-dead-44fc-b395-26574ea12bd9,False
0361b157-b1fb-4587-a514-b3fcc809a0b4,False
bfddc3d9-9ee3-4c2a-b94d-62046808593f,False
29298691-ec93-443d-9e5e-8cfe2a96c526,False
aca58d95-915a-4c30-8b86-b5a1ca6fbff8,False
f3c2944a-b60a-4dcc-a7f7-745142da8609,False
e54ca6ca-dc70-4e22-a4ca-f1b8394a97fd,False
1e494952-ac5d-4e57-a3b6-64f40452f779,False
6d744a0b-3f2d-49c8-a338-e5797521aa18,False
2b76a718-566c-43cc-9d4d-fdb14e0ebe2e,False
bd1531c8-3764-4bda-b108-d4482f65fafa,False
c229a415-cb5f-4951-8534-f723c75694ac,False
f1abf7a0-cd59-4b8c-a362-7835555df8c6,False
15a905b4-08f6-4b3f-80c9-1cd8d9f8a24e,False
6f242a0f-2588-41bb-ad32-a7c68b64612c,False
01ae7eb1-4d45-4ea5-a3ec-4f6afe503fdc,False
82330e6e-b89c-46e9-9d39-b50542696d14,False
e387eb15-6765-43bf-b9ea-88738a9db593,False
3464fd00-ea21-4067-8cf1-493afbb8704e,False
f2f5b176-2c41-4bd3-b2f4-44abc1d71f4a,False
dbe38b89-a262-4fd2-a289-499e2a6716d4,False
3473b11a-73a5-44c1-bc8b-c1890d8adcc6,False
1b4142aa-8aa4-41e9-a9aa-aa7e483eb6a1,False
09b7fdf7-7d8d-4ddd-acf1-49cb4f1e1a37,False
3508507a-f622-4842-8402-2b3c508211a5,False
f22fdeb8-97ca-4ad1-a6aa-78092c3b4e9c,False
e7f2418a-953f-4fd4-a069-4b6d04b51c12,False
a5fcd671-125d-4206-82f8-65f8226001c6,False
c8169e32-5263-4195-b729-4c21208bc725,False
58f1a399-fbc7-4e98-b7ad-0afc5f429866,False
e3b2f985-2ad0-457e-b30c-19bc1073c0c3,False
490c3442-98c3-4a3d-8f92-8bca7aecc953,False
8a9da702-660f-44e6-845d-3231c6f7cc83,False
702f31e5-62cc-4604-8c53-644b0053f649,False
474d3a1a-695a-42da-ad14-e5bf848622e3,False
98eeac2b-fe9f-4caa-a182-f347533f5a72,False
f7073712-88b0-4b77-bfeb-4cf34ec77371,False
68d0a2a8-c4e7-47dd-a929-de738693fd9d,False
c0d978e7-cf6c-4143-8335-5860e84e9da0,False
f85bc2d3-0119-4e6d-a7f3-1b7851f9cd77,False
e5642b96-9624-4a9d-9cea-0ac0d466f946,False
3b576da7-c34a-4fa6-9bd4-87bbc75ee63d,False
e4a6da33-bda5-4100-bbaf-f9ca565854d5,False
8dedf9fb-4bb0-4f20-b27c-40266703b636,False
a5eea4a2-2cde-431f-9dce-8d9b5d96120d,False
a19f2485-31c4-4c9e-b0be-96304a6333e3,False
1a7167c7-6875-4545-832f-52c48e0370cf,False
893ad232-98c3-43ca-bff4-cec6e7b7b4c6,False
47efa886-d5b5-47b0-b92e-dfa1df266424,False
59bdfac9-0d99-4ab9-9fc0-ccce4ba08508,False
0ef40214-014b-4836-87ad-fc55c99cb5f3,False
90fcc9f1-2ddc-456b-a8c2-cce9723b80d4,False
6338fb29-7599-4b0a-895b-81d6b97d7617,False
a888e7af-fca3-4bae-b9e3-202eee4bd350,False
59259acd-4142-400e-aff6-fa9a16e6e8fc,False
cb505aa3-0c4a-4f81-a1c2-e70c629153bf,False
af374e8c-c473-4700-837e-7f6080000fac,False
b7b8c1a5-9a45-493d-b227-890e4e76833a,False
523e901f-2f23-4d0c-b6fd-f910e2742d5c,False
950df1a0-7aaf-4001-9912-316afd9e8e20,False
7f297630-bbca-4210-afe6-1a89d059b594,False
08825d14-341b-4c09-98a0-f6c0ab2d2fef,False
f4ac27ef-b734-4467-bbb9-5b07b1cb62d0,False
70b3e6df-c9c3-4dd8-a5a7-970558e8f1db,False
40328c40-b100-4314-b77c-ff4c99252280,False
e6b23125-d568-492f-9032-5480b01b5658,False
90a67567-23f2-468f-876a-25332d91ac23,False
d4018a45-ec1a-4adc-8a36-a7c0f0cc4f56,False
4b2a2bb4-097a-475d-b6ce-8d27bacc5ea6,False
ae1455f4-d6e8-4ad3-803a-423a990ddc73,False
e15680e9-ec06-4d73-b84e-2f114b523dc2,False
2bf95861-4827-4440-b6d9-fe1731094211,False
31e43850-86a8-4b2b-9c69-ee49712c3126,False
0e5d8626-19f7-4775-8f2f-633b60013e38,False
e8527018-bfa4-4e84-b987-51a2ddef7af4,False
97154633-9d4e-4b71-ab2e-c80e4c255823,False
ae3dc742-bef8-404b-bbcf-57d745f84c5d,False
1a9b0d42-154f-437d-befa-c198c3d6cd54,False
c7f4f4f9-8222-4ad3-aca3-91d47ba16dd7,False
b61d1f43-8df8-4ff9-83f8-6f2d436c9e18,False
75eb0e8f-a090-460d-a7c7-655a7b434a72,False
5a304528-0b59-4562-a227-219f551ff086,False
6ea28b15-d0a7-43b9-a7ea-ae636f850440,False
9417e0f5-aaff-46ff-b904-6b5213eb4599,False
70cafdd8-fc04-4f08-9207-0158f2771f63,False
043217e4-1847-4750-b78c-e7b72f14b369,False
0bce8eeb-684f-4e52-a2f1-5aad8752d9fb,False
02aa1c76-d0e0-4655-a03e-9b5d0ea8d0ee,False
7636ae1c-e961-41f3-8130-8be0fcea9a96,False
b1012b0f-174a-4825-964a-90627825e2f0,False
19d9d0b5-a962-4996-abbe-3b5a4d15f7d8,False
f3fd80f2-0423-493f-9e3a-564a8bf63e19,False
2d174fc9-6f7c-45ea-a72a-6d8eb5122df8,False
5256f928-bea8-4e9f-a911-fd6d0d586ee2,False
1ee93260-3002-4831-b227-e8d89c60c81b,False
bf0aabdf-d708-4dc7-831f-9724e80368e2,False
ba751921-2833-48ea-9c94-563ae9365d1b,False
615eca80-0d0b-4920-9d46-0c9117478b5c,False
291c9094-cb2c-4efb-84c3-b30d435f59e6,False
74cd4a41-5e07-4fb2-9919-be9116a26e58,False
3c088990-54a2-4051-bb0c-cad9eee13cae,False
9b6fbe20-4b3a-4a83-a286-16f4bbf9a04b,False
89b5aab0-c121-49db-af12-b150605fb1eb,False
386e995d-3b01-4893-bd9d-38e36e078bdc,False
d73aae7b-47cc-4a66-a638-d8bef83893a2,False
9b3b5b4c-ff2a-40c0-9ab3-83c9e88188c3,False
84222f58-f022-44af-bb76-4637d277ab64,False
05e3d107-1d0f-4e16-a554-674f8240252d,False
589a2b88-cd2e-4c8b-a436-c8dec40cfbde,False
45c45a3e-e9da-484a-8075-9f1f87e5f0fe,False
be86f5d0-f73e-4b07-a860-25bfde68666d,False
7f9ad277-db49-4e6d-9688-782f72b696ca,False
eb4d8f42-8735-40a2-a511-09611869a217,False
11e74656-9026-4d4c-88ba-135ebd3b17eb,False
16daa8f5-be8e-466f-b4d0-91d15c02f1da,False
24444f64-3025-4856-8967-65693cb29bf1,False
1ca3c448-0279-46a6-8f97-97b06d7ce3c9,False
20f5128d-51ab-4c77-a92f-adf7032124e8,False
39118497-3a43-42ba-9f0f-06cbcb9bc326,False
2bd346cb-e1ad-44fa-a974-eaeebdb1d20f,False
09ab99a3-658c-42ee-b1c4-6ef9db13f2ec,False
4bbb2e9a-8af5-4d42-8576-7c743ffb9577,False
4b4ef503-f872-4413-97c5-982cf6ae10e8,False
cb59b151-5dde-4466-bf03-66ef702724eb,False
18d98279-71e5-48a4-a8c0-563d258a9c6b,False
2e361846-b885-4367-b3c7-024de84543c7,False
16d49f2d-103b-42ed-9540-d6f59f8c9841,False
2d798f3e-8d8b-4c60-acc5-4c621ab444a7,False
439e754c-6930-46ea-a0bd-a1ee5807cf74,False
ef15b821-ade6-4f3c-8c2a-261d5d7233db,False
5fcc997d-1cbb-404b-accd-a2af4d64bb63,False
6374ed14-29b6-4b14-b54e-15ecda33562c,False
9a8b8524-4fac-40ff-9385-3f450ed57c8c,False
f1e4c27a-1cab-47e2-823c-794a415a53c1,False
88efe82b-1f3e-4a66-af6c-6f61cfefa2a2,False
5122f001-70e6-4474-8534-bd7686423a80,False
ea74bb18-de3b-496f-ac45-96f6c012a0ff,False
f7e9101d-3f8b-4433-b60e-695c1759ba96,False
1ccc33c1-7e34-4f69-b52f-bd7e7c360908,False
92a54d04-f2dd-41f5-b3b6-d344f2e3c6f0,False
08e3f771-b6dc-4d05-9a9b-ccc1e71c681a,False
c4811514-2cee-4a3a-b3e9-d42f19960b40,False
f3a2e957-5bd7-4a7c-b3d7-9809cf6de802,False
1cb9b73a-906d-4c8c-aad0-8c8913fe8a29,False
593edc83-c497-40a8-8842-04d52bb9a661,False
9adf4709-ac75-4344-a08e-149e44b9e602,False
31116b6a-4b38-457b-afdc-4da3aee51b7a,False
4c1e172a-15e9-4ee4-8e14-39774d126ab1,False
2a29e752-f139-4895-aa25-a5788cea3275,False
6b2d5b09-8707-4ad4-80be-7e3561c2645a,False
71127f4b-2df8-4502-8653-ee8561e30fb4,False
d64894cd-2766-4e92-9873-6d60b7f23862,False
552dad08-c536-40a2-8850-4c6b12cd1aeb,False
cf3a2f8d-57f7-41e3-8add-397642fc7edf,False
a38295d3-1e0e-4546-b0b6-dedf4f9c4027,False
8448d4ed-b2be-420f-9e1f-86f795ede22d,False
4f9a5f98-4d95-4273-8b2c-c805d1403430,False
9c672338-2c11-4a43-acc5-599972f580bd,False
98343ead-4239-413e-b33f-f435207479d2,False
db558642-3054-466b-ad8e-e559daf93e99,False
a37ae656-2a03-4bf9-9a4d-4948435bfa43,False
47d5ac92-0f45-45da-9194-1591b134b58f,False
b588489e-effb-4197-8d73-a782967197ec,False
8c8181b4-fe8b-4ccb-bd75-a5f3eeafca83,False
660237ed-aa42-4203-9c78-4ca4f0e4ca0b,False
6e8f75a1-17dd-4d81-95da-705cd4ef00aa,False
0d557b61-8a17-4dfe-bfc0-0dc804f64d86,False
53cc6b95-c689-4836-8f73-ab1c860c7b68,False
5a1baf0e-5911-46dc-9d3e-503a9645f0e4,False
314b4d36-9516-4359-8436-2fc753edc74f,False
96a9954f-dc33-41f9-8c1f-55ab715629ee,False
6cfa28cf-b62e-410a-a584-83851915bb1c,False
e9a7f5e0-5c84-48db-9839-40c97e86d7f8,False
a1919e12-7e1b-4edf-854f-6d2d99f2587c,False
f10c718b-1eb0-438a-a75d-d5af3c365296,False
2a2e1e6a-1bff-46f4-93b2-d1abf4e580aa,False
e008e8ed-3ecf-4f0a-b80e-c19dfbb713fd,False
ef19117f-a452-4def-827b-8c898d3f433b,False
ab1f5666-f52a-42c4-81fb-0bf53e8a1072,False
3e20718a-0bb9-48f6-9e4d-a214eb034c4e,False
23a13e20-7fd2-45ee-ac48-436668bd80d7,False
004f5362-244f-4ce3-aa50-18b5d623c671,False
524ec63c-1ab4-4e05-bdc1-dda00619feb0,False
0f5f9707-a008-4c20-8272-88e6ff39a117,False
e1ccff0d-8078-436d-81b0-62c19aad9234,False
e8646e0c-80d4-48b9-af61-5360182047f7,False
3d4a49ae-e83f-4a2a-92fc-6f48e7e337c4,False
6c3912ef-b9fc-429f-8dcf-2615c62f3461,False
08207d4e-812f-4d98-b777-6609db576a7f,False
aaf407f7-0fe7-4149-bc7e-5368b1594847,False
fc75de3d-d473-43b5-852a-2da70e00583d,False
97867b12-1328-4726-a4f4-34d6d1e91691,False
665ec4dd-222e-4711-af6d-5b4bc356dee2,False
01c4e229-7cc7-4b17-a9c1-84ce1fb426c0,False
c606ddc4-c2dd-401d-b59a-15334605ec0e,False
57a911b3-5139-44a1-9081-34dc54270925,False
367d9053-bec2-440d-b0b8-1b2952044e75,False
9df034d3-9caa-437c-bc67-95e2c32fc21b,False
1f473751-b579-4849-a22b-c2f850a8ad59,False
460db751-39cb-441a-8c50-1beade6d4e25,False
ea18d32c-7a9a-4ef5-811b-d1c4ffe3f366,False
a23036d2-88d7-447c-ac38-704b22c0eee9,False
874db4a6-d057-4b85-af1e-c0de297eb3f4,False
55f01600-e17f-448d-9ed6-270514b9bb4d,False
848be725-da6b-4060-bdcc-4915934a85d9,False
76d70561-d2d1-4ef5-9e4c-4fd1462363a9,False
35ebd32d-9ad6-40ab-8821-2ddb45b89cd9,False
5422ea97-e32a-4787-9824-6315ad49e072,False
28c2783d-c138-498b-9c88-da6ee551da7a,False
677f7c73-fd9b-4af3-9812-5123984f5a56,False
21da5db1-5ef3-41c2-abd7-d3f1650ad9aa,False
af326af5-78cf-436a-a020-72d991be0c2a,False
28874d02-fb54-45ba-8255-b13b46e32efc,False
a38cc35f-12bc-4090-86d6-fba776509bcd,False
9e1be56d-3f6c-4de5-adcf-cb58c2ca55ed,False
a3b4a240-7f48-4536-9f2e-444a501bcf44,False
552d4865-d756-4d35-ad2e-ebea69b7d533,False
8eb58d5c-7e8f-4f03-87e0-3fade9b2af2e,False
12e1725b-0b94-42ab-b8e0-c2e1fe7f9299,False
092385fe-23d3-4d22-b080-bed6bc3e34af,False
d3f4a49b-33ba-4a88-b6c7-d6fa7aa4f052,False
ef4c113d-c35f-4e12-bbfb-48d5e09f6e24,False
720b274b-82a7-4586-a61d-9cde1747f387,False
aad29f81-7fe9-4b4f-8a7a-d5f3bdacb371,False
fe4995a4-112a-4ef5-b872-420e267d46e7,False
3ff5ea79-7cae-4dfe-b4dc-70c6e8acd757,False
b26f8bb2-3178-4dbb-9f7f-acac0814b225,False
1b552618-e57e-42d3-a3dd-e733b225574e,False
8991b01a-a2b0-4c4b-bc96-6b552f8d8ded,False
aee14f87-fcff-49e3-940f-f5896c624c2c,False
b5878d33-1d5b-48b0-8027-b28302bfaf1c,False
5738b277-8576-4472-8fef-c63f8d41d660,False
0b705933-4cde-4b6b-9132-567c51a40d2a,False
9211d6cc-997d-4ca9-949c-0766ffb88ef4,False
9bd65068-ba8d-4f8c-be05-fcef842c49fa,False
e6876705-0431-49ef-a46e-c70f3e97037d,False
27571245-b884-4902-8897-3a4a33b636dc,False
82a0f6e9-4b44-4a71-a545-4a72dd372743,False
982e2afd-77fc-462b-9ffe-37090fa4c293,False
bf16e3e9-49b7-4037-8425-dea7c83924d7,False
c9a7d91f-ef2a-4713-9702-10496a39aaa6,False
d65bc676-429e-40e0-aaaa-94c8a097efe3,False
ac482af2-6e98-4798-82ac-0d6d10c88179,False
b905a7b6-b97e-4830-9e01-86462c64f73d,False
67884209-92ca-425a-ade5-93329364f3d0,False
938df7c1-ab0b-44fc-99b0-6cf925dfa1fb,False
47d9dd10-272d-4ace-bfd0-dce0612c3b0d,False
19eef9d6-fdfa-4cb1-82d4-93eb2a7b65de,False
43c07d43-93a7-4792-8561-b8dca4364fcd,False
6b358d15-590c-4e67-8d1b-6d80c8575c8a,False
1eca80e9-68bd-47aa-9666-600eeb0f61a4,False
6d204496-66d0-4371-98e8-8ebb7a9e8eef,False
f2af577d-43c5-47a4-bbc0-2c385e55bd48,False
0ad7d77c-9bf4-4cc6-af1f-be1687324f52,False
a812cf1b-69b3-4bf2-9dd0-9e342b4088da,False
a6aa59e5-dc08-4f29-92d3-3488d0c30018,False
1dd19a42-cb8b-457b-915c-13dec14df98e,False
937838f9-bd46-4b37-885f-3b06aefb886b,False
2c3aacdc-aed5-4a46-8bde-005b5d8babd7,False
42b07e31-2f3f-4e11-973a-603d7feb25e2,False
46e1ee40-dc8a-46a7-933c-2ed5a3fe0479,False
cefc0e85-efbb-4216-8ff9-7696615a58bd,False
c53a8da2-2f2f-4254-a22f-3da5dab2a215,False
42bd31c4-660f-4c40-acd9-dc3f7123bc96,False
eab10bcf-64c4-4063-ad68-53c64cd3a6a4,False
dcb913b4-7d3d-46ca-8592-a38fdb62a1f7,False
14e4180c-fe99-46a3-a2db-c8503c5bf3a7,False
3902d8a7-e5ae-488f-9942-339503d301cf,False
a37dafca-e9a6-4f13-91c4-b8c675961b93,False
11162039-ea92-459b-aaaa-077f4ab946a2,False
ada58417-5e2a-432d-b1ab-0b56d5c9fdc7,False
accc8e70-5663-4490-acfa-d76f40987d5c,False
4702fe75-5e98-4fdf-8a3a-1171a432cc60,False
f2d1235d-d1f9-4f96-bd4d-28c8b14d53b0,False
79dbf407-c5c6-4b7d-8ad0-4982ceb28a32,False
22249813-0a6b-4e3d-94fd-0594ecf91245,False
88438de2-59cf-4b0d-91f0-647d0f321333,False
97fa7f04-8363-4007-9cae-9610c72c1fe3,False
7b142917-9274-46b6-82ff-975452917b6d,False
067ab1d7-7059-4387-b89f-52d2a8737d14,False
ef8c485b-c07a-40f2-add4-253b50f0fd0a,False
92419671-da2f-499b-a923-895d08429e20,False
3677f5b4-63a1-4caa-8311-362650f51e97,False
8776b75f-ecef-43a2-be19-b37aa966544f,False
0dc5d7d9-f5bc-40c0-89df-af7c55492107,False
fa5fafdb-5123-49fa-aa61-b32f08e1624e,False
bbab3b0e-60a1-451d-a4a0-aaadb436e8fb,False
8513176c-1efc-4c94-a141-10b69a920655,False
e17f5e53-2260-4be8-b8ca-903b1c6c8382,False
c72850c1-3322-468b-9be7-8aec32da81f0,False
3c1a8ce2-95ec-4c2c-8798-3bc0579744ba,False
e09ef2a3-ae77-4249-b4a6-3e7632173525,False
0426fe7b-0604-46dd-b0e5-ce91d082b3b4,False
99adf607-c26e-4dbd-9acb-0045a449aefa,False
c7610e83-84d9-4451-8f18-8e729696dc6c,False
f77e1ee6-0c15-4b28-8728-971988c75e8a,False
1b0ae22e-ecc8-47a6-99a6-f80ef08ce6c2,False
49a5baeb-d1f4-4c8d-951b-1974de668dd0,False
434a7e17-eece-45b3-ba8d-a12744f64bef,False
c89a10a3-17ef-41fc-841b-1a37a931f647,False
a1b95e07-af38-4794-a0eb-16f1d3e8947f,False
4f10aae3-b518-474f-8587-4243cbd10fdc,False
c950824d-5a9b-441d-8508-2f78f17b25ef,False
070f48c2-ba4e-432f-a582-eba2f2859a73,False
a33b3dfd-9048-45c6-b820-5aa7996f7e88,False
7b7ce7cc-f950-47fa-a8b5-8db58c466308,False
15bebdd0-97b0-47ce-8fe5-c13ba5e8c198,False
6ccb9163-4d8e-4d5e-8df4-73bbc577d3a5,False
c1a8a33b-6b77-4e6e-a123-61753e22a676,False
5982aa44-5573-48cf-8ba5-605069fe99a9,False
05155381-e4dc-4680-b284-71562e8ca6bf,False
635a11f2-5c7a-483d-8a9d-2704e860bcb1,False
ff4c96d6-71f2-4e8f-b69f-68c3e60fd420,False
75863743-9174-4c0b-aeb7-4413454f3fbf,False
d20eac17-4e20-4d1a-9983-36e375d66ed4,False
695e5ea9-c923-4c64-8006-2b5bf67839b2,False
b5b25ed1-af1b-4316-ba0e-681bbd5db7a4,False
bb404bc8-709a-42bc-b6da-79bba91e25a1,False
247803a1-fb4a-4283-9e28-7c97a9e0917f,False
d1e2b878-c576-426d-98ae-0666d066ad21,False
e5d0111f-8521-46cd-8e30-0e9c8edb0ef1,False
2bc2bdd4-d736-490c-a8ae-5c671598203e,False
2651daa3-d8bb-4c4e-b3e6-270444087b43,False
fee91972-6f7b-43e7-9e19-f0104bf7e012,False
39f18027-6f88-42c0-b968-ab06b0067b61,False
4bed523c-085f-44d1-87ea-651b5539562b,False
7d957e47-aed1-4cec-bcd7-e0eabf817a17,False
ff75659e-4f3a-4530-89ed-6369ee869beb,False
b3efbaa9-05c6-4c4d-8523-19ae45ec257f,False
a70a409d-ac50-4260-b0f2-4933d544c79b,False
b8b758b8-22d8-408b-9269-6eeb77cf1eb6,False
30e912f2-f2b4-4abf-8441-aefd0299436a,False
a0ee404f-9ea8-4cb1-8732-68c98c1e9464,False
1d2d1771-6e3d-4494-9675-c8f3104c6350,False
9fd60922-8b5f-44aa-a338-6d523483a23b,False
a6e62c01-8529-474f-bc48-13d916c60b3d,False
ab132032-b2e1-4f66-b1f0-2ea8242f5829,False
47c68688-ecf3-4053-af36-b8cc13087974,False
cf1ca021-6431-4fc2-a946-4f3f514f6fd9,False
39b9c13a-56fe-472b-9acb-287dd5949c84,False
757e2b43-af51-4850-b77e-5f7a80a233e3,False
252151f9-5f39-4d2b-9f25-210ea82e2d61,False
4775d7ab-d207-4bc4-b885-8b6d23e7cd20,False
3c847821-4f10-4422-9fc2-2517e593562b,False
0fb83639-289a-480f-b6ad-57f16eec50cb,False
c78a7900-d2bd-46ec-9481-13b4ddcf5003,False
3e7447a2-a672-432f-9c9f-0999e869839a,False
76733597-75cf-4755-bdaf-76e7e115d52b,False
b23f4738-aff6-48bc-8d2b-f2063f931507,False
4ac9778d-8da8-4ee4-8df5-6ac6f96b648a,False
b8943df8-c9ab-4a91-9674-b9e20e5995aa,False
c226ab53-b680-473b-b2b9-c542d143e0a2,False
284b2e1d-73fb-4c56-a2ea-5644547e1c39,False
3b9b2d45-a350-45e4-b9c5-9df987f255d6,False
0722ab3c-18c3-4aa9-a013-5044a041301d,False
b58194e0-04a0-4d55-b98e-1dc038a8ab55,False
217bc29e-ec95-43e9-a1fa-246624f982ec,False
06289878-6a39-4607-ae35-c5c86fe05fa2,False
027deb45-da64-45b5-82a0-72ddade03e6c,False
7cba8dea-5086-4861-861c-ba485fa5c8d5,False
6e4ae071-7da5-4648-9905-6421b6af49df,False
fae45d7c-a1b1-487e-ba4c-b5590ecc9ff5,False
7f0544ca-40f6-454a-989d-f5ed6df2b925,False
30e4541b-f07c-4ca7-abac-d8e1ff7661bb,False
083759f8-2090-435e-95fc-f99133c417d5,False
4da7f632-0244-4c10-87d0-1cf295e81a39,False
946a95a6-f2e4-41af-8702-1755f11cc0a4,False
6c1056b3-47c3-4463-b1be-f5889c0851d4,False
f14152c7-a0dc-4c7d-bb17-23197f4d55b9,False
e71594ff-d6a6-4618-8eb1-8c8843b63613,False
6b790d01-3cf8-4d20-bbad-793f87a1ec02,False
257035db-3fea-490a-a1f8-072dddb7570e,False
b89b9722-3aa4-4cd7-89e5-8ebc673d4de0,False
72cdfdd0-2e61-4bd7-969d-7aeb640e50e7,False
4fa3baf6-48f3-48ba-a697-64976cfb6acc,False
0693d01a-cfd6-4b31-8fcc-85202c2de0bd,False
13cf44fe-17c0-4e28-ae3d-9de2e504d1c6,False
daea544a-291a-4905-9a29-fe6b590bd0c6,False
b04dee79-4ff6-408a-9135-6bfe6193dc3d,False
eb1fa9f2-d10b-41d0-b317-347038f16a81,False
d8a5aa52-157b-4495-b22b-e4aa68208025,False
4eb818dd-bb05-40e4-aabf-222fab640937,False
a7fb859f-7925-4d0f-a545-5ccc35b39c0e,False
df449bff-bad6-4109-9636-d3b7c06947d3,False
89b3889d-46aa-4714-97ba-a888a3beb445,False
dd811c65-1f56-4aa2-ad9a-7dd60c075053,False
be69ad39-0e37-4b07-8c53-5c3e52bb530d,False
13ed280a-d5e1-4d1f-a5f2-2dfba741104b,False
28d3e1aa-c23f-4471-ac1a-a530c0ff0bc4,False
5207c6cc-9b5a-4674-8896-54b2ce926059,False
87935d69-c33b-403e-8923-527f7925dc65,False
5a5ed7eb-1532-4177-b61d-170a4bd600e6,False
3f612028-cb4a-4aa4-a520-53b68faa2da8,False
6928043e-d492-451a-b828-3a052baa43c9,False
1af026df-3f64-45ee-bccd-9b8c8508df91,False
2851a8be-2639-4214-85cc-aa931e1e5d91,False
5132fe68-a1a0-44a9-b058-3380ea77d1d6,False
fd235def-3e5a-47e3-9560-db22c96b5edb,False
f1faf665-7115-43f3-92e8-9d1028711733,False
0d259caa-b8ad-4d87-ba40-45dd93dfd907,False
fa34d2e8-dd3f-4d7e-a508-dc9513a4a492,False
8d7da747-d48d-4f9a-8be1-a297a8222853,False
292bd156-db94-4570-9ac7-0ec0ab8ddeb4,False
d0f7c7b0-1708-4bbd-b106-e8ce5b9a289a,False
cd04c001-56a3-4ccc-893c-9cc6668b28da,False
c194f97f-00e3-4026-95b6-de85390239d9,False
2df8d4a8-3fc7-4cb8-aa40-e5cc2cd51392,False
0f25477d-a559-40e7-8910-fade52380bf2,False
4dd7cb5c-b5a7-4756-af40-55ddd98d213c,False
12d15585-b68e-47fa-bf17-5534cc4d5819,False
81b85934-af37-4cf9-af2b-5e3109db40a9,False
e60584a2-08f5-48e7-853b-cc3a4c26fd27,False
11654cb3-d4e9-4a65-822b-7e76ac3cbe34,False
cc8a6796-7015-493c-b23e-9a06ed37c2ce,False
47003fcf-deb2-4490-9c66-fdd96565e779,False
a7641ff1-ce8a-4e7f-be99-919ec696e772,False
f3bc9a71-07f4-4ee5-ac82-989ffd9cfbb0,False
2904a6d6-e3e7-45ab-9c02-bc2935dbe396,False
69d1b037-0385-4534-b23b-be88d478f5dc,False
85334baf-222b-4537-b377-7a8232efb83d,False
65daced0-460a-4125-bf8c-93d4c32afc4a,False
1dd03ecd-0595-49a3-ac00-46f07957595f,False
28628b4e-c714-4549-a04a-1fe29cc8f772,False
0a14e77e-918b-4860-81a9-6b3b90cc44af,False
6cacf6d9-c8bc-4c88-be60-0c12da8746db,False
cd840a47-fd7b-4279-9253-55159dc0a8b5,False
0cbe735d-bbfc-4897-b027-1efc049fb2fd,False
93b91ea1-4211-4052-b4de-bda7f4a6af9d,False
05e05148-26d6-404f-bc82-3de9d73c9259,False
bd9277a4-1d2a-4042-842a-2f6480e1be4d,False
98e52499-218c-4e1c-9e37-4f7ac42cbc39,False
bcc93b94-835d-4e20-859e-45bf5b262633,False
ec9f1803-64f3-480f-88f5-1390a32e6cb4,False
7edf1d61-4d55-467c-801f-39a647465064,False
f52eaf63-badf-47a8-aeaf-39512f701b32,False
d655005d-ce52-4176-966e-46aefed01fca,False
f6d20b48-7477-4444-8a17-c5acccdf1d3e,False
db7be180-aac2-4afb-bc9d-b15bcb8553f6,False
1690636b-6f74-455d-99a9-af6aed054732,False
a1001bc8-9758-425f-9ad8-e2dafe17ddb3,False
8ad09042-ef18-4725-b10c-88c063b55bfb,False
cfb0d68d-b189-45a6-86ce-c51b93efb5c4,False
a205e54f-b1e8-409d-bc20-b9f24a9c589e,False
9b4cccb0-8f88-4e63-bce4-858eb5622984,False
8eba0d06-0a18-4676-b473-c022981b99f9,False
5492112f-259d-437f-bf8a-16b8919a5591,False
b12b6680-7f07-4cb9-afd3-40c0f945f2fd,False
9c296b78-90f6-4dce-b1f4-e511e6f9c201,False
b7017485-7b18-40a5-ad3e-8705cd525f9f,False
8181a8cc-3691-47eb-89a2-688b12c136e0,False
a9d049dc-369e-4af8-a226-49ee38a06ffe,False
f9705e4b-2d71-4040-8554-e88b558492ba,False
794f9276-d454-4573-b70f-9392863daa90,False
9cc05b67-a19b-424a-abfc-2a47565f1491,False
3defa7ba-07d2-4d4d-ae61-716a1fb621ae,False
dc160e3d-eb15-4f5b-81a0-578257ec95f3,False
2e89bdbd-5369-4c45-877e-0371ed140bfa,False
129543a4-fcc3-4cc7-bd67-eb3e836d2c1f,False
be5f902f-b58a-4738-8166-72213063ae7f,False
d685b08b-61aa-489d-8a7d-1de0fceae86b,False
673a0c97-987e-428b-8caf-ae2b15caf379,False
250801c0-8d2a-4e18-a51d-7a23d5b483b6,False
fd8fb938-fbac-4ade-bfe4-36d1994f7c31,False
ce2fbaf4-17f0-4802-9e68-4eac9c9d3925,False
8a73483e-26ec-41dc-b751-68f6c0485d0b,False
efe5f873-da60-414c-9f16-bfe5df8b6c1c,False
b88e33d1-6c10-46cd-9249-944e713db204,False
9d6b9b62-6b53-4a19-a902-b73fcf39f648,False
87352231-a469-4757-ba70-c9f6e9368ad0,False
787f2425-dbcc-4477-89e9-db0adf465290,False
33e1f2af-32cc-4a25-b1fd-1e5ef86561ef,False
58e9bbad-35b1-473c-ad56-cfd579ab3018,False
3f010e25-6ac0-4ccb-9eb8-e0db7273b7af,False
716fda0a-45a8-4829-94e2-86e5ac8936bc,False
6a241f46-3af7-4a21-a93e-7b5b1e4ae3a7,False
a87319fe-981d-4530-84f2-0d97f4881671,False
d32e6dcd-83bc-4478-9d6a-c7b86778043b,False
aa47bfc8-164b-4766-b4c7-573a84c84c23,False
c6435300-68a5-4c68-a32d-bb5e486bb6bf,False
671adde5-86b8-4fef-ad44-3c485e8a10da,False
e2b6a842-d2a8-4922-a518-93471e910b71,False
d7b73862-b347-41d4-98c6-b1c674d082c5,False
7cd0129d-2e8d-4e87-9334-20e6d9d80b8d,False
ecab3301-bc8f-4d29-adea-94930658663a,False
f2cffcae-f833-4bfb-a296-e3f171e15b9f,False
b466fab6-962c-44dd-a5d0-7461059c1574,False
788fd0cd-65c0-4b93-88ed-abdd4ef03f80,False
411feb55-410c-4e46-8762-fc232c189303,False
4151344e-ee98-46b7-8677-098c144a1458,False
9be71737-06b8-4231-8e86-7f3ca487eeab,False
7ef74fdb-17fc-4335-baa0-3208e6f47dcf,False
8d814215-2d49-4058-9f84-e3c56daa8c7e,False
4c4d6e40-24e2-426c-a250-d133f5cb5be4,False
5d2d113b-fb5e-4c15-8bfa-e8d6b4ed4d1d,False
e8b77f7b-7321-4f6b-8a80-76ece5582e16,False
2ba95b90-9654-45e4-ba65-860330b6857a,False
5e175b66-4b87-459f-b0cd-7f05ea87855e,False
a03e7003-e29c-4897-9429-25a0768e212d,False
e798d9bf-4ce1-4a16-b3cb-3b3fa6f90864,False
489af195-62b6-4594-90f4-c9418fc7ad79,False
3f8e2d0d-5261-4dec-b979-d5f56b5bc975,False
b780606a-02ca-48d5-b033-ee83518f0ed4,False
65ef2c84-c06e-4481-9963-37aa9c4e1662,False
d284b528-b091-4fb7-b17f-3f92d26aa790,False
2f8c83e5-6e8d-4644-a01b-fbcbf0eebcce,False
15690641-07c4-4918-b91c-6d9dcf41c7ca,False
ebe9e207-4f19-4ec0-832d-4526b3e4110a,False
bfbff315-0507-4453-898f-d17b4097d297,False
3be79df4-72ec-416e-88a7-23e9bfa016c2,False
debf96d3-c64a-48bf-b4aa-e84ad5382419,False
decc0209-93cd-4ce8-af69-e0858c871a3a,False
57f46801-69a2-4466-94c6-d16d569186b9,False
680bac63-b856-4035-bdc9-829015eabb27,False
93b1ee1d-a1a6-4f32-9e4d-acd68116fd6c,False
a27a2bda-1713-442b-9862-042e500f86b1,False
21bddb41-0699-4731-9dcf-8766a93b12cd,False
f93e08d5-bea2-4dfe-873f-6e1baf908e3c,False
bd00ff19-608d-4135-8f19-9b9217b4e6d0,False
9ca3fbb3-ff11-48ba-b6ee-1640723ef466,False
f00f63ef-e59f-41c2-804e-a81ad3d877a8,False
b5e18851-619f-4688-b6a8-6371bf693365,False
6ecf4ff1-6f97-480c-8bcb-b729b0646038,False
b63b4dc3-a559-4463-b9e1-3ceab0cbc61f,False
6511e61a-1436-45f5-8c81-926079ec533c,False
fe95c8c9-c16c-493f-9c40-5fa3de2752ba,False
ab1e5fcf-3abe-4cc1-9115-a0ca09e8ede2,False
a5b8f158-f64c-41bf-b774-6c098669ba60,False
fb756923-f910-4bb3-b105-32523990e2c9,False
daac1277-be73-41e9-9e16-a0ea71a6de48,False
d0b21f98-85a7-497f-a90c-07eb5793f195,False
3f444245-4a33-4325-a4a1-0253cee8efcf,False
05aa5eab-88f3-47ea-b83f-52740cb4afe1,False
242bba10-c7d0-40d1-8b5f-df7039185b72,False
c3231466-aebb-490e-a4e7-51de57ff51d9,False
ec257a75-421d-4dca-aa95-59080e503fd8,False
8b0ea0b9-1246-4474-a475-c0eec6913069,False
75c41c37-8eea-487f-9d3c-c9cadb247ea2,False
b60b4f87-5dd8-4ffc-9f87-8b322b429596,False
314e9b45-0715-41b6-a506-6540c7d77fbb,False
109792a4-4b00-4cfc-a1f5-5aa5529e0da0,False
d46a1235-80c7-40d4-8b9a-0113b81c9d0b,False
a01ed90e-6d71-48e9-b05a-501c11310c8b,False
c2ffd690-a2a6-461a-ace2-7ec9550100bf,False
99b3568d-6dcc-4c60-9e35-836f66aa394c,False
394d9156-5c31-4125-a123-433f895517ec,False
10b6a662-2ac1-45ca-8e5d-8f1296b31f4a,False
0ac22e6d-25ee-42db-95a5-7ad7fd05bd92,False
4d59616b-7779-457f-b7dc-8c784082fcda,False
32b6f533-c5cc-4fb0-a1a6-2208a1f40627,False
0a368ce7-dc57-4131-b8e1-daa7cbceabde,False
4927db4a-4a12-40d4-8da4-2f8510995969,False
edcabf94-65f6-4a53-9226-a8b3b674410d,False
cc5015cf-7c81-4d5a-8e5a-43726574708d,False
fde02b7a-6af0-4bbd-971f-640de41bb3b9,False
32f9b771-0799-4940-b9ad-de7d0b3d58ad,False
ad4b24ec-5b67-4a25-82c4-5041e1831003,False
38ace486-7eb6-40a9-95f5-f2ac3e247c2b,False
6755b2d4-2bfe-452a-9350-46f4f7f80118,False
1533fe82-21b3-4264-99d7-6878def42b39,False
fb0d3cda-1e63-4261-90e9-688872730e7b,False
3e72e402-3a43-47a1-b52d-ed780f94db38,False
9f6facc1-451d-48fe-8532-fc74a9987bdf,False
73a44f97-e6fa-403b-ac85-ef207db8aa1c,False
e2ed8686-b334-42cb-9a3f-0ad169a9aff9,False
641118ec-ddf0-4771-92e9-b7659b9b3926,False
8390bd94-8713-481f-82f8-6229972c8583,False
ac5e1ec3-e1be-4ed9-b483-518e458fa881,False
4223623b-cc3e-4dde-9ad5-cf06364d7c87,False
cb21aa80-19d4-439a-bdff-e27d9b125dfb,False
3aae37b5-87de-42ea-8118-d2a543ef0542,False
de46222e-2514-47ce-b4e3-5f7ba1b7e3d8,False
a885f19e-dcac-4096-8595-7a60194d397d,False
cba88a28-1727-40d8-bdf1-02c2b9b4c225,False
ee87905e-4ca4-45ea-8dfa-6a56d12dbc9a,False
aaae3222-3f19-4d0f-94c3-9b6d0e31275c,False
7951d52b-21cc-4ba7-ae85-4c728a9b7b20,False
ede02d33-a36d-4567-b3a4-4f408d3ba57f,False
18f1a1e4-1d30-4290-b3d9-2aceb7461b72,False
363e6ef4-f8df-4c3a-aacb-4fbdfbff8a7d,False
d72b6108-2a40-4f12-b963-f37f67814c1f,False
88433a38-46d2-4109-895c-7ac8314aabdd,False
de60d544-e953-4b87-8344-819d1d80f7cd,False
2d28746a-5a6d-4285-978f-48ebc9fbe7f1,False
669f9a4a-f2eb-4d5a-b819-fa11f584be73,False
a197339c-913a-4b6c-a8df-e59a2dbdc7cf,False
56db638a-097b-4119-8433-fd20feeef3e1,False
b7a63ca5-b08c-447d-ba74-7c443ebe066c,False
781799ff-b49e-44cc-8243-69e72387eaf6,False
250768f2-ba0e-4d56-a045-1dbd1835e89b,False
d048c8af-ff5f-474a-8a53-76abc027c505,False
9aab1efb-0838-4528-a477-e25ae19383a9,False
84a91789-b2c0-47e8-9ed0-72e9f9fc6034,False
032a09e0-5071-45f0-a7ac-590c42f90f92,False
eededb07-e623-4689-9d59-cd2a4eea04e7,False
0df81d2b-260c-437e-b05d-0ef70d9ff83d,False
60fba34c-3701-42fd-b09f-e5ab5813d72f,False
62a40afe-dcb7-4b1f-b85f-a1adfedb5a32,False
c9a692f0-073b-478d-860a-a7f94a05e06d,False
33579b27-5225-474a-b5b8-726ce462ff64,False
68fd1179-75d9-4768-b5ca-07f4b34d8b83,False
f99003d8-cad4-43f4-9e68-9a6c91c98ab6,False
8331d711-5de2-4a7d-b0da-152821051c60,False
89a92af3-a0ca-4f8e-a1ef-2dd3461633bc,False
165607c0-b3fd-4c76-b826-45adbf8f81ea,False
462270cb-db3d-419b-b0aa-999280c0e667,False
fa0f01a4-87bb-4f6d-bc92-0c731e14fe04,False
cbbd3732-42a1-4429-9b05-0a6c235d2722,False
dcd1c413-0760-401f-9c81-fc465bcd236c,False
b70bc594-ae4f-445f-b48f-ab0641a9edd3,False
bb21d347-fd3c-402a-a1e3-eda6bc106ec9,False
71414f58-db8e-435b-bc83-861eddf0a0a2,False
26087b53-ca22-4cfe-8b4f-8f748914741c,False
902a73ae-b81e-4682-a7eb-40085a13f4bb,False
3922a7e4-2de9-42f8-8d7b-ec04e6e59b32,False
fb95d0fc-ad72-4d05-924c-de09ccea5031,False
76d9d64d-7ae6-4ecf-999f-5901e65cad51,False
85c53910-93f6-4723-81d2-3a76ca179780,False
cf8be8bd-d2fa-4b0a-b337-05f9894b9f90,False
0e737523-59ec-4846-a974-37ea5b7c57e8,False
b5103e9c-8618-440d-95d6-a6585ce9dbbc,False
706ad042-ae6b-4455-9cdd-d7c2d25a0b3f,False
aae50490-ecdc-4b27-9ed2-1b1584db01dd,False
a3b0e3da-845e-4ab9-8c00-7490888d7c51,False
1c526dd1-fdfc-4a9d-b618-187c37e2dc86,False
b81cc43b-f99a-4620-aee2-f9bf8ad303b1,False
57549c43-ce96-4698-bc8b-7eb7037146f7,False
4251d2f0-20a8-4260-97a1-a2f67a139e90,False
c145419c-74eb-4a0d-b80a-ea0265dec4ed,False
b55a478e-0541-43ca-ae12-bda9b2ec7ff4,False
8503e3b7-1700-4953-a2ae-f5080213d090,False
c0b15ca3-89ae-47cb-9893-e27dd5204b48,False
712ab8eb-3756-4005-8844-bc0caccfb130,False
b4f7af31-1fe8-4be4-a3ba-b56cdb2bfd4f,False
793daf5a-b35c-4601-817a-f0cb07f2422d,False
1d5720cd-fa52-43bb-805f-33377f67c68a,False
1bff3142-a5e1-4b55-97d3-f4ddd963dc72,False
7458d92c-a1da-4c7a-9b88-26edff4a9185,False
6f2537ce-a206-427c-bc68-41d61ce8e12f,False
13365c0c-82ff-4f2e-878f-07cf170fa87b,False
c316959c-ce64-4ebe-a0e7-118acf8da52b,False
4e710f53-baec-4ca3-8fdc-8ac813958e2f,False
3e19fc1d-9f6a-4a65-bd54-da044dcd0009,False
e42c0aea-23d7-463d-9391-d017dbd4a86d,False
df9b141e-c7f7-4da1-bff1-5840207e863f,False
e6f8dac3-b8ef-4250-b9fe-60c6b2b302d3,False
df223246-e6fb-41d3-bba2-6c214264e318,False
0a670143-6090-403c-9e8d-f8ad838b77ad,False
7a114e56-12e2-4c2a-94e4-339da9a9cef7,False
4a85fbd1-c22a-4772-bcbf-f645cb61716c,False
b695c2bf-8379-45ed-afc8-d769026e6d11,False
7b6fb65b-8d70-400f-84a1-dd66bce88f22,False
35ba5e93-bfc7-4282-b92c-8a723a17d79a,False
78660765-14f7-4e8d-95bc-b8d04094dded,False
653d171f-c0bd-4748-9bb4-64a3cec79642,False
027e789c-ce40-483b-b915-ad7e2648c819,False
4f4c3f0b-34a7-4f9d-9ed5-c01721433dfc,False
be60808d-bcb3-4076-b688-f76ea504ee5a,False
f35757c5-7836-4477-9b39-455032103c49,False
4b6c14e4-cc58-4b60-ba4e-8355f5e8a7e1,False
26996aab-daaf-4529-9eef-f82a0dd70158,False
94ad345a-e323-4264-a390-0c1dd1291d13,False
639c4c6c-2926-405d-8d53-551ab4f02f6f,False
77a1cf7d-6f47-46b6-81d4-2b2f0a568d1c,False
2b589b3f-e2a6-4e3c-b940-093a705cd91e,False
f296d9f0-cd23-42c2-abff-e17b532401fc,False
9f88be6e-a0cc-4aff-8e7e-9ac831b4709c,False
903506bb-ef6d-4fc6-afbd-f3690636f35e,False
813a3aa5-7d81-4c21-bf76-4fcea97ef131,False
c016215d-3807-4f3a-9cd4-aa85613c826a,False
65ebd4dc-b49b-4b72-8631-9c165827bc1d,False
c234af07-f3e0-4b1f-85df-9333de36992f,False
cb53e1ae-daed-41e5-929a-3babd08e6441,False
d4575305-73b0-420d-9f20-19ea3cd61f5e,False
61cb0527-72e5-4892-8c1c-7204ed5e749b,False
60094db3-b265-493e-8531-4fd0ac01e53d,False
8e5fd65f-536c-42d0-9b63-205fcbf85149,False
c50ef346-f34c-4c78-8892-111c1bee4909,False
6c27316b-dd05-4827-a863-782e75fe2857,False
a50784cb-c9df-401e-8ef0-0de1fb4f1972,False
355cca9c-fb6b-41dc-aa7f-7e0685695f97,False
34323ec6-b0c4-401c-a9b7-c0fa26c432f6,False
1f20c257-ed34-4e32-8126-fa8fbddfd7eb,False
a53a43d6-1ef5-40d6-b5d9-89367085770f,False
640324f0-99b3-41a6-af2a-e2fd838edbe4,False
f6c8b8b9-d915-4664-bd27-4ad5a9a54c24,False
45e49a9e-5128-4026-bf5e-fb6bcdf40137,False
4cc6d67e-cddb-4f9e-8130-0e684d45d885,False
7400c7a1-0de8-45b2-9246-cc34bcdbe579,False
42c40e37-4ac9-4d23-80a5-c3374a3461e7,False
849ebfa5-68f0-4a5d-90ac-72bdaf4c9dfc,False
0ab74b5d-fcd4-4681-8a09-7b17951b2503,False
2586dcd1-a7e6-4e4e-871c-dac2260d76ca,False
534bfa86-7681-4ad7-9898-6758979800c3,False
5a0461c9-947d-4fcf-88cf-c53d188889ce,False
855fecc6-f9d7-4979-9767-a6da231b0c86,False
07fbb920-dd9d-4e4d-883e-dd69dc7abd16,False
4aaa7f99-4a34-441e-8c78-947b5b21c9f0,False
34b6685d-acd4-480a-b0dc-75fb199d5089,False
70100d7e-2a5f-46e4-9332-406ff8b6bdee,False
61a93ecf-ec0d-49ba-8b94-729c03fde24e,False
88baef4a-a8be-4d1f-8b1c-0df3c865b35c,False
e94053af-d488-4dff-9c35-25775193412d,False
5a8aaeca-1a50-4ec3-aabc-25fa3fe12e47,False
0ceaaf73-aced-4d55-a73e-2bc578822064,False
da55f825-5086-4384-b33a-c54f62359144,False
0d394b57-a4d4-4f15-ad54-a50182866d40,False
25637cc3-ca97-4bf5-95d5-96afa663d2cd,False
80ed319c-ef01-4e79-a9b2-4a990a8260b6,False
4b47b715-f937-4fff-b146-56f1787ed06b,False
0aa5aaf2-677f-43b8-8b47-1eca30370fff,False
d8e77ca2-19b1-4043-bb70-324e36a09573,False
b4f136fc-fc7c-4e71-89c6-7b51ef13864b,False
8b7fa47e-adc5-4fc7-a07b-f99be08c82ea,False
5a2837b2-cb83-43f2-bb96-f6022b115c36,False
0cf2b69b-0577-4ea9-b899-924698de8ebb,False
a3bdd4d6-0a01-48b6-8ab6-3e0f3cfbc642,False
eb91d7bc-42e1-4eb9-a49d-da44191f9e05,False
c942e6e8-2df7-41e0-b67f-3c15a95d3271,False
f1f58294-a66c-43f2-87f2-b5814809c026,False
d4b6f0f2-3bb9-49b9-bf8c-c66b4423fcd5,False
a028dc87-d6fb-4a95-a9db-b362c0dfb921,False
6be26493-c32a-4b1b-a4dc-6a67a6d18c91,False
16acb78e-1a61-4efe-85d8-cc0839819354,False
d1f2789b-ea95-4113-96ed-4815c415ac73,False
16591c89-21eb-4aa9-9a2b-d69c450f69ee,False
518b2f21-9cf2-4859-ae6e-2e7253f591dc,False
3ac1b782-d907-4c2d-94bd-fe613abc666c,False
1874ed7d-9190-453f-b2d2-570a2ef634f2,False
c4bd338e-17d7-4fc0-892c-d030ee757637,False
5b182716-b9c6-426b-a401-118dc078bc3e,False
132fdba1-f106-4955-8265-3ccf06ec3c00,False
cd649aff-445f-4de1-8534-17b555c06c8e,False
068187e9-a46d-4b51-ad30-0e335d8c4fea,False
8a25cd95-539e-4c1f-8cb8-cf5d5be87a2a,False
5a357945-5813-4496-aed9-dac5d18097f4,False
17c95aaa-21bd-45eb-915a-a3c07737cfb5,False
46fde062-a33d-47af-9701-410d3f4b1a70,False
f7bce0ef-72c1-468e-9390-6193490ce315,False
0e0630cd-996d-4c50-bc04-a168652ffb49,False
4d59f68e-05ff-42f2-be54-eceb8329bd1a,False
42650798-4b80-4fa6-bab1-fa122d5737a0,False
5938949e-8a42-4ff0-a098-4689c78ae6ce,False
85e620fe-a44e-43e1-85ba-136f594ed61a,False
aab612c9-415d-474a-b5a6-69814104a8b5,False
c5828939-058e-489e-909d-97cddb107e7f,False
e476231a-ecdf-4364-bdce-7f651a0a7680,False
16718639-fcb8-4f9e-8769-0baaa104bdce,False
0488a0e8-1028-45b4-b938-ce7ff86e2588,False
0c754a17-0131-4601-9923-fc7a0d6b160f,False
b495db4e-8245-4fb4-8ab7-706eb77350ca,False
701fb3ea-a1fe-4bc6-a29d-650a15b98c20,False
d5b5984b-50af-4b53-ac4f-98383b1f3a0d,False
4c23e844-3c47-42f3-81b4-fd44d29cf92a,False
51d41c6a-5731-4c46-97cb-9e5b03379b0b,False
29cf4c70-e756-41e0-a657-41db61bc7c56,False
96be541b-0b0a-400f-8462-ecae0cce769b,False
3e612d66-05bf-4618-a930-b0c4d5576899,False
2294fa0a-8482-4c08-842c-65ad9883e9b1,False
d25697ad-0def-4fd0-951f-de3f573ecc3a,False
5a0fdf61-5571-4266-96c0-2601db4d2d18,False
6e6b34b9-07ef-4ba8-b45a-6ab37b94a34d,False
0599e1f2-ccd3-454c-b68b-bbc673c66188,False
c1192634-cad3-4250-aa5f-09cb81a603db,False
bb27f6bc-9888-40d9-9423-251ebcb12a00,False
8623a5ca-efc3-4842-a5b4-11ed05d1f737,False
618ae305-95a5-4afa-831d-029fac1e86d8,False
1c24220e-2cab-47e7-8c6b-66e5402adf9c,False
a396fc57-8c76-460f-b109-e9718ad57402,False
eea90156-d5bd-4de2-a751-0ccfd358a5d7,False
18d939eb-ad1a-4fd5-8909-8704e03c119a,False
a2ded1de-c302-40d5-a214-5243f5d23fc6,False
6d3e4848-54d7-4728-99e3-05e54a5039e6,False
5719d3e4-16d1-4768-9c83-90ba1672380e,False
8d87b7be-271d-40f1-8985-c98d985defc4,False
b6315c55-0ca3-4980-ac95-575283c2539c,False
5027b309-cedb-4488-b623-87b49be9ec86,False
82ca3ac9-2867-4c72-af24-5e07158327a4,False
f168c605-ce1a-4669-9bbc-6cbc409ca8f2,False
ca665da6-ebd2-4b71-a35a-e36966a466d4,False
2fa17fe6-698e-4981-b136-9512916e1089,False
cd0d4d73-ca1c-4218-819d-11c545e18b77,False
28489240-2fd9-4ce1-a676-27ca3625fc20,False
5fffe8e6-7f38-4ce2-8f40-7865a5c11300,False
2abc4b2f-b0a6-4457-8620-5f4a6e718848,False
21e10ae8-5795-4ee7-b510-561a683def14,False
d36ec1bd-000b-4f5e-8c91-bd138ea02346,False
6e4c1501-808f-4cb9-a59d-12db268f090a,False
44f760a8-bb90-4511-a12b-61ae12101787,False
ae7303c0-50ab-4660-ab94-5cbb3d162ab9,False
8fc45e9e-b60a-4a9c-be8c-ea8a255c4297,False
7c8c9267-3c55-4d3a-8ed9-92e01e4415f4,False
6d283989-1271-4873-a4bd-e1a811c7bec9,False
ec86a890-d7b0-4bdc-966e-3cbe9aea622f,False
55dddf38-fc94-44ae-867a-211ade162c17,False
67e54646-8430-40fa-b90f-ecf5e8410a39,False
47c1c017-6045-4909-936d-47d73e0f84ce,False
65637d1f-5763-4902-9552-0712af92ef22,False
84add36e-67b3-4154-a67a-e19a3c6736b0,False
0bc57207-3e9a-4c86-8325-4fbddce8e1c5,False
f4e95734-5052-4700-a077-96a38685abaa,False
53d509af-c2b5-4c1b-8685-38bcac17cb47,False
128e92ad-6b70-4ef6-be62-314e22e142fc,False
a56b61e0-4ba8-44ca-a449-cb6fbf72ae52,False
e28065d7-bc49-4467-8f81-0db2bbc1686b,False
4d4ef3fa-bfcf-4645-a301-767aed6cbe79,False
7c16128d-b2c0-4394-a17f-29e170286046,False
11e12ee9-f664-42b9-b8d8-061976538a69,False
e4d479e7-ace8-43d1-a0b4-3a731eb6dd1c,False
240ed1db-0c3b-4dd8-92b1-9d01942caa0c,False
79c9c839-c8ef-4377-a368-84f588ddd880,False
0ff4c2d6-e0d6-4081-a98d-c5f7a9d06567,False
12e63e97-178f-4dd7-84c7-b9766c0d8d97,False
c8cba592-b0ca-42eb-8fe1-621ad6e1ba00,False
636f6e5c-2253-4706-87ad-8b268eaa5841,False
2a9528c3-5ae1-4bad-aa29-60fda85894df,False
d58c449e-57e0-457b-b3ab-800b8523d070,False
b0e6a969-e213-42b0-b1ee-dba313432e61,False
083ed925-c90d-45aa-914c-c11c05f30bc5,False
f7d7465d-37c3-43c9-a5d0-b51788d00abd,False
a4282ec4-27e6-487b-84ec-ea3290389f81,False
1d2c2721-7522-4646-b273-75bf5373bf4d,False
5fcf5c22-b9b0-4c1a-baf9-706d802ddcc4,False
14a3ffe6-b3aa-4060-9971-116a01d4bcf6,False
248607c2-2059-4d46-a856-0b7427ce46ce,False
73dd3bc6-d064-45a8-9bd2-9cb108453b2f,False
9c2d9672-e3d1-403c-85fa-b5ea14072edb,False
5944a69c-a341-441c-bc16-5571957a66e5,False
846af2e6-5c89-4b2a-bedd-fc1777723a5a,False
6994bf84-50d3-4a03-8cd7-608f3adcb38c,False
cdbe6de6-1c74-4dfd-a431-6e6c800e1610,False
dcad8ec2-963a-4333-a582-95dc75f1c654,False
2e2d0681-a8b2-4070-9b18-72ac78c4c27f,False
6025cf7c-4966-455e-98a8-a428266ecb23,False
5d21a235-d053-47f4-9ec9-1fdc03add1a4,False
82278cac-0cfe-4cdf-a872-c5573d9049bb,False
7bc19e2f-a332-4e99-9efe-c6c530ad41bb,False
d2e106a4-0d6c-4599-89aa-e145f6d4f767,False
65108b6f-aedb-4272-8ef2-6cacca32c1eb,False
1f5df912-54e0-4431-8f13-3b65d450afa2,False
3ae28023-5472-4d2d-b239-9ffb27046f25,False
0abdbcd1-782c-4fec-9e5d-78a1c5bdb495,False
310c0c00-3fa7-4104-9bf9-0e27dc96925e,False
4ad07831-8a0a-4ef0-9bdd-fef5496e186a,False
731bd233-c011-4674-928a-77e53a99bbcb,False
7cdfa469-82ed-4aad-b84c-2537f2d0a15c,False
9b48c6fb-333f-417b-a054-e592101b3c72,False
9918ee46-1497-4658-b010-f7197e695d0d,False
30260bb1-73f1-4f26-8950-2a6c0abe31af,False
1a062a0e-ad93-4d1a-aa0d-c97ee85af565,False
1dee4b6d-3ce7-4d1e-a947-fd26274ac7a7,False
22897671-7234-4df0-85f0-3f1ccd4a3c8e,False
227cc456-193a-4e2a-b8da-93c8c0b4283a,False
485d831c-9bea-4529-9801-7a2fa5b83693,False
078d27e5-378a-4ba6-a608-d6d31d62c6b5,False
85eb2b3f-aad5-4fb8-a762-b59cce9e5929,False
5e244824-a5cb-4c6e-b5a4-c55bb4629214,False
d49cc547-c371-4e42-8378-25dad399956c,False
46573d38-2138-481b-a83f-18e26a11315a,False
d8d99ad8-255f-40b9-9a87-09bd1fc23099,False
a124fdb2-97be-4f31-a42a-a836989b68c0,False
b11af726-2d5d-4395-a901-a768ebd14b0c,False
b7c4b3ee-9b1f-46d1-b881-49dc5dc96097,False
e7b4638b-e871-490e-9cf9-cefa9dbb2aeb,False
1c2b498f-054d-4360-a24d-347360bc6cbc,False
19edcdbc-ec39-412e-a3d8-89fae5a456d8,False
046b96f9-7675-4903-b19d-722f2dc4d065,False
25c73c44-3e75-43b4-a64f-a6637e8f8095,False
6e411e23-7dd1-4b8f-aa05-5b69b4c04bdf,False
89344b06-0790-4eb4-9b2a-1376315e4e80,False
c5f8e2f8-414f-4994-a845-77805e20c957,False
f7b217c7-ae92-4a71-8f7d-cb431679742f,False
48a05e4f-b064-472a-b94a-6d319b428238,False
abd13f1a-3d20-4440-80cf-a44d1b7db566,False
7250ee18-260a-4962-9d81-b7f57d5911c6,False
68bd075b-7eb6-481e-a72f-947d816462cb,False
1d48a071-ab61-47b1-b93b-4c3220500494,False
70c0a4f6-1065-4764-b40b-077950640ae6,False
88fc929a-4dda-4b87-8291-b38ce4e7e7a3,False
9b4bf636-6035-448d-90cc-7a42d660a275,False
6d9c5b50-a1fd-4187-9c3a-1e0bb5f3f8aa,False
8a1b0744-0be7-4352-a85c-0862e9e02d8d,False
833334f6-6a6a-4149-8b44-676d2ac39be9,False
2e2cb850-6b17-4d75-b07a-1acbad5c3c49,False
712636bb-a455-4a22-87d0-2e2ce4406398,False
48817b98-741f-4545-8e4c-01f676b1d8fa,False
f186e47a-a794-4320-8cf6-e8b87fd238c3,False
7a5653b3-4354-47e1-8eaf-b35b5f91b1af,False
a4b1f991-7542-4646-8d37-a539857dd3b3,False
96053035-6545-4030-a981-fa54f121e129,False
330062f1-e231-4ce6-85d6-2ecd3030d7f4,False
d86f4bb4-aefc-4ef1-84bb-4aced0c8da67,False
e8fb5a96-3b85-46e1-840f-54057a25ed81,False
3f5e3b8c-c058-4da5-a757-075bd47f83b1,False
2d1368f3-0580-4066-b22c-3dae2db4e428,False
230681aa-dd50-4d6b-963c-b5294357ac51,False
608bb508-69e4-4d26-92d4-7ec76a77982b,False
03aa96d2-2ea2-4aec-bac2-84dd32a95261,False
bcaff931-ead1-4464-8a8e-858cd0f81063,False
3768d6aa-fd34-421e-bb59-475ec88a9a74,False
9a2363fe-6901-488c-bd8a-3090353a044d,False
a7674726-61b3-48f3-b99b-70d6bc6aa8a7,False
4cdbf99e-ebe9-4dd4-a80d-9169c24489e1,False
30104525-5809-4249-9b90-f2327bdd41b3,False
d81b6bb7-55c6-48d6-b647-2ba8793a650c,False
9d482c49-f53f-42d3-8df6-720520ff622c,False
08560684-8a6f-44b3-b08d-312e7a732f35,False
d43cdd6d-e0c1-4f1e-a0da-897258321ee4,False
b8ba61b8-41c1-4233-bf2c-1fd1f34ab83d,False
bb64a525-bc65-4d94-a56d-4d11f7bd8499,False
56cb1ab0-62fb-46d7-b4db-ca07e506f670,False
74b8b222-4607-41e5-afd8-dfa91b952ae5,False
745d8729-5bc7-4822-bcfe-06e3c395899e,False
5ea2d56b-42aa-4bc7-b0de-13fc2060917a,False
069ccc0a-c884-4f88-874a-588f5231d2a5,False
70184f95-9e6a-40fa-b5d2-36e30d9e9c48,False
2a32e553-7370-4a7e-a8fc-0e45537598d4,False
6e4ff4a4-19cb-44c8-9b45-03bce892464d,False
12b2102d-940c-4503-b7c8-6152beed0af9,False
1e22ade1-a3e6-4bfd-a5e2-ebba27ae2220,False
279163f4-0208-4c91-8f90-9d9dd23c7585,False
8b1d2284-5b6c-4b7a-990c-2e2a6467e0c0,False
dd69a596-2dba-433f-8a12-c64f921c5875,False
3b482d28-b7ed-4c13-b3eb-e65817e1e8f6,False
3b4c0646-d38a-4b74-9dd8-6b0e6d0faded,False
92502e59-13f0-4822-9374-8a1145712959,False
ad3053ce-a896-4e70-85cd-338470249792,False
4207fb51-52ff-4ff5-a49c-5edd69aec17b,False
44007d5a-e88d-4719-a624-2b40a5cb63a2,False
09943e76-1d4e-4772-801f-b5a69ca5b74f,False
82f2a59e-2bb7-4146-bd9d-542aa84fa67f,False
6e935615-38da-4a90-970f-ad328135f15a,False
6b0ffa79-3113-413a-a0b9-98300b373468,False
94010dfe-7921-4c7c-a119-ceee0fb91307,False
f9a62522-ca83-4709-ba14-675762538cdf,False
4526ed62-13d8-46e6-bf5c-022a9a86013d,False
b2051cec-c9f7-469f-a4c1-d21074be4b20,False
bce0caef-f17f-45c0-8e39-f65a20db4294,False
e237c877-2e0e-4673-8ed7-cd177e14c595,False
23226464-ad6d-44ef-94d9-a0ae055fd8d1,False
243012da-b185-4eb8-9f90-fc872edc017e,False
b544f70c-593a-4b51-978b-55e7f406d6e0,False
3a3e46b0-96f8-4ff7-81a7-2883f8802878,False
f69f239b-578e-411f-adb4-6c7fe6d1fe21,False
214bd473-e375-4867-acc5-60710febecad,False
3427e466-17f4-485d-997f-aaf01fa7cddf,False
862a76f2-f15e-409c-b297-fa7ff719ae43,False
1b0c62eb-27c8-4c6c-9be5-a4c395af6d0c,False
29d0c613-b0c7-4002-9956-699065fdaadb,False
344a21b7-dfff-4cea-a687-0a987f0f6662,False
71b2b47a-b661-4c50-a895-b96f14fdc3a7,False
e82c7d7b-06e7-45f9-88bc-539c9f4c3b79,False
a8702d97-10e6-4176-b858-3966757256f6,False
a22966c4-ca39-465a-991f-210234aaf8d4,False
960be0f4-9513-4c22-9583-9b99a50a13dc,False
0b6c03c8-721e-4419-afc3-e6495e911b91,False
137ba9ec-f569-4392-8c3a-3ed86e152f71,False
6508f5c4-2994-4775-ba4b-90e3fdf26daf,False
4a2f2373-f777-4816-85ef-875e26755363,False
1be52474-bb14-4720-b9d2-6141c5a435cb,False
5eef0d1e-38c5-4f5e-8359-ff43106793b6,False
0c3ce284-c7e5-4bbb-9cb5-1c535b62a8df,False
cd88e44e-23c4-4184-b48e-90aed680b541,False
a564ee98-fc3e-4ed1-9cdb-d909f9cd1b18,False
3c7d53a0-4d56-4834-ba5d-8ae747338a26,False
1febc9af-b2a8-4456-884b-fa8ce3593ee9,False
edd32be9-2905-4dd7-877b-1426b73c62ab,False
e0827f76-11a5-49b4-a6a3-02d6f43e8c48,False
e26e750f-c27d-4696-bc44-35083a9321f7,False
13131048-93b3-4363-9307-32958326c2dd,False
504b10c8-f3b9-47f2-9fe7-e068d847260b,False
667ae277-348f-4ce0-a03b-c183bd75f95c,False
f2f25eef-1f45-4bfd-b7dc-67e030974b2b,False
517400f8-0b2c-482a-a928-8e92c68a152f,False
305a1bef-6909-43c4-ab13-b71df96846e7,False
48d3d2ce-fba3-491f-88df-aaf8b9efaad6,False
a93c9413-1396-4289-829a-988f18a95210,False
c3a6b204-fc01-4a22-aed0-b0b27da56b6e,False
c7f7040b-8718-4322-b43c-6de656fdc504,False
de3e0557-910a-460d-8063-3a98ea5dc3de,False
e70d8d07-594d-40a9-b5f5-afea80d2157b,False
d907ba3f-1949-4b8a-9754-81a3d6ccc7cd,False
8d80c2fe-b7b1-4072-b436-873728ffa490,False
1a8a76f3-6949-4fce-aeb8-1b7d9dc33d41,False
7397b987-5edd-4492-aac2-33021a3bc8d8,False
b1f0b429-d54f-4d02-b976-c6377e9716ad,False
c21f84fc-d0bc-4ad5-85f8-0d9b00060d5a,False
e1035e1c-e3bb-42ae-a552-ac5309eda6f5,False
a2ac7896-7f38-4a3e-b3a6-74036f9d1d74,False
01572a56-e4ae-485f-a3fb-e8f2cf5cbd7f,False
5f90bed6-fb25-464d-a30a-a767a2bb522b,False
9d9b72b9-e5ab-486c-9e34-c29a701dadb0,False
afbb411a-a123-4a8c-93b7-a88612f70c97,False
04860bee-8bef-4a76-8a60-1b92dc137c04,False
477809ce-71f0-4cbe-8b72-8b16d6315151,False
7dd0a74b-952e-453e-bac0-e784357650f9,False
439cf4f8-e93b-4044-9292-5f7cb624013a,False
319ec58b-4c03-4d16-b8c4-f346e5dd614c,False
06e3f949-8cd3-4c62-8482-9b71ae84b81c,False
a1a27485-7134-4c2a-b80b-3657117b355b,False
13aae9c8-efb2-48fd-a391-ffdb8794ac7e,False
18b475b1-c12a-44f4-82a1-3629aae6f1a1,False
6b2d9ccc-6279-403c-a1a2-cfe7810d5c57,False
823c7ef9-cd85-45ce-83a9-c2355ffd4015,False
fef44a33-ae78-4d3f-8b23-96072d5e114d,False
0c5921f8-050d-4bfe-960b-f603a750350e,False
9c89d374-c664-45a7-8077-3e33690e7e62,False
e282338d-27ae-400a-86c2-e2be83b5c73d,False
cebeabaa-2859-4b34-9725-d2c71eb2a7b8,False
fb48ac14-0d0d-4136-8404-fe9a32fe1dea,False
46feacd4-fe13-43cd-8f2d-5c15eb346d3a,False
51e744e4-b864-4a08-aa75-752d6a8fcacb,False
7202fae5-767d-4b27-bade-4367e0bd202c,False
c329732b-5114-4ac7-9588-e38e8dbff478,False
ef158d5b-2d00-4d05-966d-4627e1dace6a,False
fb1eaa6e-d19b-4b23-9602-3639047ad506,False
310e8aed-07dc-4a0c-ab72-d6947d41cba8,False
aa604892-3926-42e9-9b58-eb49c9784b52,False
bda3c162-3a78-464a-9d86-80cbb90800f3,False
7b9ea9eb-aac4-463f-9610-ac0abfcf214e,False
2d17534a-4834-49b1-88f5-d39ec3ad1a08,False
bb5e14d6-5b74-4fdd-9c97-46949884f76d,False
1daf7374-a255-40ef-bdf7-f8f04236d2f9,False
23ef5561-839e-4623-81d8-41d32a74b90c,False
7c45d65d-b517-48ef-9b21-3e3143c2181f,False
8643eed7-dd30-44fc-b864-aaf78d73e7aa,False
d0116cb3-8bb7-4cee-95c5-35c928c635ff,False
a8cfe589-9dc8-4e1a-940e-7d01735d88f3,False
7731b193-e283-4b28-af9e-a625f091f0f9,False
92051da0-e264-4336-95ad-86bcf1db9ad8,False
68181f5b-bb56-488b-b172-ec53032e2730,False
2024c407-3447-434a-b032-c262243b7101,False
91b3f921-1224-415f-9fbc-f340604948be,False
d67e0f37-f4e9-438e-afa7-6c80f7746c4b,False
d8feb8de-6779-4b58-82ab-23a0fc862110,False
c3101e2e-7107-414f-b54a-31ba4ac8927e,False
8b20cc44-5705-4300-9e79-e796acfe02ea,False
8a8a4105-c0eb-4875-b439-67294b8e5509,False
fdb1429e-7010-4d13-b526-b22d3f6c21f7,False
d3520a91-4873-4252-b7a2-a1800a7be6e7,False
137b41c2-5f71-41e1-a05e-ad1cbde9a6a8,False
d52721e7-19bc-443e-bb02-bebb48729a4d,False
0c9e5550-3cd1-4f3f-b0c5-827854dccba5,False
569b111f-15b4-466e-91d0-12a7f19293c9,False
0d31812e-30c3-4756-9453-f867b97e6224,False
e4cb277f-bc95-4041-8cdf-b034e9a84c51,False
ad9112c5-f5ea-4128-854d-c3bf61d85365,False
f316891d-8896-4456-b344-dde4bcac4426,False
a538c6a7-0565-4e80-8ee4-5227d2450039,False
14a34f7f-d90d-419b-93fb-e043af1d5a1a,False
bf00f56c-6a49-49a6-8ee2-5e54bfcb3388,False
478fcedd-7134-4dec-89f6-53a97324c2bb,False
4e8d2654-cd37-40e6-a7eb-e3a50af9da16,False
ab0e664e-9c3e-42d5-91e1-aa9676f72255,False
001e7006-29d3-44d6-9a59-6f63141ec659,False
fd9c635d-3a54-4890-82fd-a10144f801b9,False
92779574-c457-4cc3-b5f7-89bca6b07458,False
2cdb1625-b41f-4721-96af-d9ce799f52c0,False
27035b27-958c-4936-b186-78ce4e40bfba,False
2e2f2127-babf-4375-b17f-b7867d929cc0,False
3e141965-14c4-422c-8c90-cdc454ca6257,False
0d18ab95-668c-4477-8b95-017c5dae1201,False
49e785c7-cbd8-415e-ae98-b722cf97b016,False
7d7c59a5-e6c1-4650-bf02-f5b057bd56c9,False
d972c236-db84-4c06-984d-6427adaad2f9,False
b1cbe822-cbee-4876-9d87-6a3e94d6cbb0,False
7c059799-bdae-4eff-a83c-510ed2efa93b,False
57dda51e-a4dc-4d4e-908e-04ac99c6207f,False
236dd176-da1c-46ae-8279-e2ab0bbf6334,False
00cb9caa-bbdf-4574-89b8-f7ba98a7fea2,False
15b2c2b4-8cf0-497b-8128-d40b5fc57ff4,False
0c858251-10e9-40ff-9857-8862310565b6,False
266a8b90-ee28-42f4-8a76-a0ea0b6b9944,False
98a547b2-09a1-4b34-b111-84e79c4c37b3,False
30d73df7-1c22-4cea-b355-56a5f2bd92f2,False
aee4f488-df41-4155-98d2-bfd058622bb4,False
c4376d89-5a4e-49f3-ad2e-4db89defc23f,False
be007552-f3d6-45c7-9455-213bf1867d89,False
01f39146-60ca-40ea-b946-5f6628b8bcc2,False
551ac8ea-585a-4afa-bbfd-cc1289e06ab3,False
760e36aa-a0d9-40ba-ad57-a5c89110f698,False
7d883d25-fe54-4772-92fe-2d04640fac70,False
ca3e7f3a-51a0-433c-8d13-c33bc80aa7cf,False
7fab9b07-1e30-4f10-99d5-6f424c589a8e,False
b3700e92-92f1-4a69-a74f-6635f236b2ee,False
4087be6a-4514-4416-ac44-821eaf051764,False
fa11f0e7-566d-46e8-9c86-cf6f0285ede1,False
b74966cb-25df-48fa-a5c6-5c7b5c6ebf5a,False
ab86bafd-b57e-4883-9258-6d9016b6bf61,False
c6acdcaf-a4ba-4ef5-a84a-f9d8428e31ed,False
e9b89caf-8a93-4d39-813d-3c538cda74ec,False
7885187d-18fc-43b7-8b35-6e9a2e5eeb6a,False
81ee30e4-8a2b-466e-bc9d-c0d0c2d94cc9,False
ded255d0-bf1e-4366-8b8e-63d4ce7607ad,False
41526bff-661b-4738-97b1-6c4361a2d612,False
fa3bc921-c484-4743-8c8b-a7603e3a0dfc,False
3772d3a3-1b72-4a6c-b3c9-bfa153e87b79,False
24d4dba9-8cf7-4bd8-8d9a-58d83c7c5372,False
ada3b63d-ad08-48c6-bad1-6e1dbefb1a15,False
0261c87a-a15c-459a-af8c-a888b1f81ad9,False
06cd3e3b-d202-4202-b56d-98962f50f0fb,False
28ef2f46-f323-423e-9cb0-c90c82fc9294,False
2da6b974-47ad-41dd-b768-b54abb0c686a,False
f2c0a0cf-bf03-48c2-b9ec-958b4d266574,False
f17aa7a9-243d-416d-8563-abbe51883a26,False
0b45cb04-e5bc-49c0-93a6-9684036599fc,False
0a76bd91-9e7f-47a7-b721-5daa5d975cdc,False
4a229ba5-925f-4cc6-9e9d-2f8a1ef11a27,False
00af085d-2b08-4fcd-b595-1ffd793130ce,False
061efb95-68f8-4063-aeb1-9ad201a1fb0f,False
999413cc-ff99-47a8-88ad-b388287e4086,False
445dcc38-341c-4494-8d36-6dfcc28ebd70,False
de61f70d-76b0-4d9f-a73a-d8cbf8e7158b,False
0b34fc84-1111-4e29-a8ad-153985f0786a,False
ecc38555-2b9b-4ffc-b2db-b2c54518f4c6,False
dd59ba71-36b8-4481-bb3a-4e3e7c52fa17,False
b062259e-524a-4652-8958-b354268e81b4,False
ac9b389a-6adf-4568-b5ca-a993aacad101,False
5550f4ea-a86b-48b5-97cc-b76c6b905645,False
d980a784-1857-48fa-826e-08b6a0b58a0c,False
7e808d05-ac71-4531-93c7-24e8742632d7,False
06b19eec-05d1-47ad-a828-b0b74cc1032d,False
0cf697a5-7603-436c-b139-4e3c0aee2557,False
14669189-5ca4-4e71-a8f0-e5f2e1568ad3,False
8dda4ff2-b27b-4bb4-a8c6-90b230a2cee8,False
f836f571-3cce-476c-b836-c448ad261ec5,False
b75c3825-1c0f-487f-ab01-bba74b814a84,False
8f56fffc-c1bb-4767-8bd4-01528f7bf6c2,False
497dd968-b4b6-4702-a11a-7d790da761fd,False
19b7775f-e7bb-4e42-b312-6a11db6ae7db,False
c743eed3-ad54-4be9-9712-4b5a715c2507,False
9c1c3517-85d2-40a6-8629-5b5d707df251,False
ef5e0d74-fe2e-4c0f-9c68-a6142644b6f9,False
df482e7c-a8cf-4f62-90d9-170cf2dec75c,False
94047909-d81c-41a0-b7bb-a2aa178a8c73,False
ce777f00-ecf2-4e76-8519-7ff4006ed6e3,False
50647c59-774f-4354-b316-ce642a147a96,False
82f552c8-9ae6-4149-9a69-78cf51589375,False
126301a0-641c-4619-a430-58d9c1f98e90,False
31209ff4-2809-46a9-92e2-4a8e2793b627,False
05855672-fdb6-41a6-a8c0-e305d9387dfb,False
cb53f0be-5e7b-4866-9270-54706a7be8b1,False
98cd2655-5297-41ad-adba-948427591ad4,False
78a118df-0088-4a76-8d25-c8d0fde90c2d,False
345e2eaf-c1fd-4581-b3ec-e6b1fcfd8547,False
f9f8f5f4-ce96-4887-b8db-37f6c3bc5ca7,False
5d2e7b90-acb6-4e81-a8f6-0796f200a32c,False
fc73e358-4208-4fc8-b5f3-21cbc59de4aa,False
402d105b-113e-4f84-abf3-90964a68369c,False
994e4303-b0cb-47f3-83ab-6793e30065bb,False
5fa18468-64e8-4ffc-9f3a-cc68ae3e6268,False
f42323d9-11ea-4815-bddc-44f5deaf9631,False
3967e60a-823d-4107-9c8a-c066cb2fafa3,False
a4a8a844-8bdf-4208-81c5-bc8b64e94d6a,False
7bd7b4bf-8e0e-4bb7-8f20-c5e75ec646eb,False
c5efd670-1f4d-48ce-998d-e3d83cf29ade,False
ad8716e1-4679-4c1e-9755-19cd3fbfe7eb,False
a1f3a5bc-6580-44de-9bc0-04500ddf8da3,False
35c606b5-4e00-4d55-95ca-dfaff26d3dd3,False
e9622f9d-3242-4aba-92c0-75229cb14954,False
fc00814b-c70b-4b6e-8451-e56228bbecfb,False
9458054e-c287-4f06-9050-f7efc1235c91,False
d0f64c6d-fa2b-4ff7-a3b7-aaf692dd8487,False
0a164306-e1ea-4d41-819a-1843d9dbff58,False
bf3f51d5-2557-482c-888c-6ea499f9a338,False
6c936f69-8269-441a-b453-30442e07336d,False
d5d4999b-39d8-4a14-a9fa-c66650c74b31,False
cc79eeca-d9e1-4c82-a8d0-4562beaad00d,False
3f843c8f-a46f-47b5-8d45-e921e64b5523,False
a2a8d37d-aa22-43a9-ba25-90fcd91218a9,False
d4ec0595-3ff0-4d13-add7-1599e9fedd48,False
9dcb65be-3fc0-496e-84f4-caeb49a4443e,False
5b6d6b7c-54b2-4582-b398-1e9e7cb882a0,False
5f0b5135-8566-48c8-a173-e27437fc511b,False
0a148b9f-b6db-45fb-8d73-7aa20ab832ea,False
be153187-b783-41d5-9264-04b923f47a55,False
0a39561f-3473-49d3-ac5b-059aafcd2960,False
6b579789-4bb4-4889-b900-5224851031c0,False
a117b864-82f5-4390-ad69-6cb3b774b61d,False
45f8e14d-ea16-4e6e-a388-ca3268d26992,False
7b07fd31-a424-4f23-8d5b-a7cd400035f0,False
ffad7df2-c959-45ec-9ae6-54b79e3b37e6,False
c96782fb-c417-4ebd-820c-be742e07a11f,False
d8e06ea2-de5e-48e5-bb3a-3e15ef1920da,False
c8a6a005-2463-463c-a493-16b4ca8c5366,False
7f353843-d25b-4219-9912-28bed483764a,False
7a3a6e96-23ff-43d3-bb4f-b88a2f4dd219,False
8a0ea57a-9a7d-409d-a6e8-790b215d3b1f,False
802a63cc-4d5e-42e8-b11c-377f40bc2b56,False
345ec501-df85-4192-921c-922affa2df47,False
520c31d3-ab65-49eb-b9dc-e742ccea7dd0,False
e00da49d-effa-4002-b040-413c4690fb15,False
b6bd6dbe-3a8e-46fd-be4c-410bd87534bf,False
c1f31143-93ac-4eb8-8ab5-a7999e63638c,False
2da5ba63-d3ff-4631-a2dc-b06c8c85328e,False
1604c332-09a6-4674-8b1f-a32544e5f394,False
16b5b5fc-199f-4b17-94ab-a577e3311ee6,False
da4a9d0b-d18e-431b-b35d-8adb6c4928d4,False
c2e79a98-5c23-4d8d-b1da-35b94eea9db8,False
85915047-e6a5-47d0-a3c8-1fb94be730a1,False
e51bdfff-17aa-4aee-8dc2-0df3d49edd91,False
7f702973-7aca-4b76-a2ec-f870bb15894a,False
b9f9d376-c79e-449b-aaba-8f0cc9eb6e3c,False
0b33b7a0-5163-4a91-b993-b65f35ded447,False
4ba99d78-b498-45d0-a5b1-c79954cecee7,False
fb10987f-20ac-4703-ab67-146a77a6e17c,False
df629d0c-bc76-47a0-ad98-a416bae27198,False
573bfc17-2167-435e-8e73-34f233932b6c,False
47419b48-34ae-4abd-b6fc-e0acb4698db3,False
b7ed70cf-f111-4e9e-8545-b11f6d820335,False
48603b32-b4fb-4eb9-89c1-3de73b4206c5,False
c89a0cbd-cc19-4b50-9e56-a4fbc4e7770d,False
b3338169-dcfc-4b72-abbb-ae74db9b4d43,False
49793220-d14b-4771-9ff0-287a4d334878,False
947ab584-5b06-498e-aef4-74a3fb31a55f,False
8baaf744-a08d-421b-a395-4cb17f7f6c0a,False
c9ceacdb-9f24-4788-805c-c2d749fa68d6,False
c847b130-dd56-430e-9de9-87a2985e7e89,False
0c36ad4e-915d-4a63-9bc6-c9288fe84e20,False
01f239e4-3965-4c7a-82ff-3b13d32a27d1,False
f5948a54-5f80-4eeb-943a-9aff659b0105,False
d5f25073-f414-42b1-a442-9ebbda7b9095,False
9e45455e-24d3-4751-a729-4d3c46818a88,False
77a63918-acac-4f3b-b395-734b50b9ff30,False
8d536c75-65b9-4e94-8e6d-e263635a775d,False
4b88445a-1582-4e78-806a-5949226378ab,False
ff3c03a6-3575-44ee-bd36-5abf633bffff,False
c02d7e7f-9d74-4bb0-99c0-076f626cfccc,False
1b67f7bb-33bb-4382-8801-8e83df9d3910,False
640b1814-2812-49bc-9d3c-d2be08a97c0f,False
e17766b1-82ce-4e0c-903e-eaf204f73882,False
bca6a6b0-93b0-427e-a154-7769f43dd740,False
0409b7c8-ef59-44b5-ae89-015e92f765e7,False
90a71d24-b277-4e31-8655-6f9a7692f681,False
00000000-0000-0000-0000-000000000001,True
f9ad97ae-0ea7-41a6-9c5d-fb8d60e12973,False
e0ee5e8a-b3e6-44c6-9428-df6c89aa4293,False
b9da7480-4b8f-45ff-ad8b-0dd99e7badb8,False
000cd21a-65a7-4a30-b5b7-0dd9728f5897,False
673ba8bd-c38c-4dec-9da3-9a73ba3df7ff,False
d513da02-544c-44d1-903b-a8c3ce830e27,False
58c714f2-a3aa-4839-bc35-bc9a521a21a4,False
53ed75f6-3ec7-4cca-b031-e2cd1687819b,False
c6ac1b04-dd1d-4cd1-811f-6bf5379ef467,False
d9b59f84-edc3-41c3-adea-2d2d086c405f,False
370b9a29-0a53-4df9-9a72-083cb266986c,False
53b3618b-ade0-4648-9ac6-030661f43c2b,False
8f47c5ae-6c68-437a-aba0-24bd99932899,False
5b80b8d1-8788-4fed-b8c0-4ed8fdd4ff21,False
7df37378-9f6c-4ab4-b352-2c1845aa9503,False
893e2b89-dadf-4499-82e4-bf0140ee131d,False
698f3072-05ba-48a1-973f-7fd5dca9b10a,False
bffa7a4f-0f19-42db-b370-dc1d2f85f99d,False
461e24a3-f2fb-494a-bd29-6f9c7d6af5c4,False
4a5d6cea-b565-464e-bb93-a53f9c02040d,False
a9e7bb4f-a0b8-4ebf-b82b-2b9310404bf3,False
52b3a0d1-1727-4924-a508-f357474a3674,False
ebf3ef99-39d3-4f2b-896e-c0c9a7c5f960,False
eb2873e6-e465-4ed7-a07a-d1d42888c573,False
15263fef-7c65-4bfb-883f-ca724a1a7c2e,False
0131ff3b-6221-4670-ba36-e788f71fb9a6,False
69c165ae-4c61-4ae8-87a3-7f1061b512ed,False
a879d8f8-9042-4eb7-8b04-0f53e63949d4,False
4a25cec8-c3fa-463d-829f-8b3904edf187,False
03200c4e-40cb-4188-83f0-fac39f601d17,False
f1043785-658b-4523-a014-1de9f54ad0a2,False
1036ca81-0bc4-47ba-b0d0-ebcb6949ece5,False
332ac35a-833d-4df1-9e11-a680d5016ada,False
7eccdaf4-c413-4dc2-85c5-ae8abe15ad12,False
5bad4331-7366-4606-91ae-2d48d6f83aa7,False
fe389c35-e28c-459c-8124-14079870fafa,False
0f90bfaa-b44d-4088-97bc-6e8af9653f72,False
7a6e43d0-d9c5-4cd9-b09d-721b62be4009,False
cc1b4157-ec9f-4c54-9e0a-72ab7f5db163,False
7f6bf62c-a1c1-4b96-baab-d9f2850b7073,False
74c9abd9-daac-4e2b-bb32-440ec2d66d46,False
7ec469d8-6c97-44c0-a2b0-505509fff6ab,False
510861bb-3a42-468f-b745-75cdd6138a1e,False
dcffd7b6-361c-4373-a11b-20eb91b45e06,False
a189682b-75f4-4056-b817-93a1df10c0ab,False
709b7d97-464c-44af-bd3f-3799a07295e9,False
73131038-b2df-4075-9b8f-abe952377d88,False
6f94da50-e3f7-43a7-8de9-2f1b7c0224e5,False
e9f746e7-1fd3-48d0-b7a4-d097aaa22344,False
81496136-6bc8-42f4-a893-a38a14dd9314,False
2f8aeb01-c73f-41d2-b059-5815bf32dbc5,False
e171582b-9ec7-4199-964d-ce39b047824a,False
aaefdbe1-d674-498a-aa97-cbce673659ef,False
6001f54d-01d7-4831-850f-1cdc1e2a03f1,False
b18753e6-d457-4ad9-a867-a096edd877c8,False
959677e9-35c4-4e08-86a4-7588a676ace1,False
e2ba9fce-aebb-4f9c-8a35-653cf57a431e,False
8a60b332-99fb-48a9-8d2d-ba723b06dd82,False
20a0c244-5ab7-48b2-ac1f-b2fce77d9bec,False
88c982ec-b3dd-4cfb-accb-6ae1b6d331ca,False
a01989d1-b998-4301-bdf9-e116df58c65f,False
d66f3fff-a93f-47ec-8ee4-3f7fd7680657,False
e0b641d0-4345-429c-9655-8df410af54cc,False
2a0b83f4-22a5-47cf-ad87-07d5da36a2b6,False
0b90b03d-1c00-4895-b8fa-3b843f5cd7ed,False
ca7d60a1-d6f3-4b49-a168-2935b8b91656,False
7c6166df-515a-4b43-b189-1f48e66e2c11,False
9136d4ad-f27e-4ce7-ab8d-2c495e3003e1,False
b7f60cdf-41dc-4c60-a5f6-0735757b6b29,False
a1d60cf1-8a95-40d8-8794-c44dab583656,False
989d9d4a-e15c-4666-8797-b2c957207246,False
7942000a-cf24-4413-95b6-54383ecd0888,False
171a8b65-e272-47ca-bf17-6b5540767e21,False
86e5edf4-6bfd-4189-b705-10f894ba0d7c,False
2c56e0cd-a5ba-4472-a1df-5609e959137f,False
20afaf9e-0f7c-49ad-8b48-3935cc09de64,False
774c0afa-7f4d-408c-a1ff-f6c08347f1da,False
3499a783-9b47-4e77-b133-5445d695847a,False
692c6843-e682-4710-98bd-19da0dd2c843,False
9baefd9e-88c0-4786-b238-7a5acfb57f2e,False
ba85e403-6c80-444b-a5d1-36e2f8698e93,False
a44c26d4-03fc-4e6c-9b6e-63538d6ebe62,False
64c46086-919f-402e-a194-c7b1bcef40f8,False
b417dee1-b8dc-4390-8127-8b8612ea7890,False
f1530f68-9215-483a-9532-caba7af985ff,False
ad9fb00d-4882-473c-9c63-45ab6e0ed1e8,False
6cb96a2c-d68e-41f0-bb9d-58321f6d5768,False
e6a98352-de8c-4a13-9bdf-d4cea125151b,False
79810edf-5b8e-46fd-aa29-ee4cf2db83c8,False
c5285425-c7a9-433c-a2d8-39d333e4f986,False
c3b0de86-15b7-4e01-9bc8-41bd6b9c7e6b,False
5b9facde-b409-4855-a3f2-fc26405a8f9e,False
b717548d-5f57-4d27-8419-99b615d1e2f8,False
842ca512-f369-4683-96b5-cf7ae0389eb7,False
a06a7de4-9755-428f-9147-c3ba2f875748,False
36d0bb41-7a8e-45a9-ba70-425b7989d78e,False
269cd696-236c-4b87-94a0-bccb8a476a87,False
5eb63bc5-e2f1-4e16-95c3-3faefce176a1,False
a6129a1c-889d-4b76-b75c-30b561730c48,False
1d480843-a339-4f8e-920d-e24a3914dce2,False
9f325c4c-0415-4961-bea7-ededcca0152e,False
7d05121c-ceee-4d65-9904-8ca79291e493,False
3dfa45fa-1da6-40f0-8a53-d7c4f68fa05b,False
e3e32e42-29ac-42f0-a6f6-290a592b4112,False
11925880-301d-4817-a673-d42dc7af75de,False
5ff540ca-9038-4b45-916d-9a42e7b795f9,False
a9217ddc-3cea-4f89-a217-3b7fc536d2ce,False
0c995e2d-a7a9-48ab-903f-3a468d8a7957,False
e3fb8c1d-7841-43dd-9034-4c867d14190d,False
4cad3598-603d-4161-a1f0-41d06993e611,False
72557e4e-d408-4cd1-a78e-4df0955ce1d2,False
0265a223-71cf-4772-b167-d947efadf069,False
682904ca-febf-4c56-9826-c4966ebb7a17,False
74797b61-2737-4b52-ba6a-210722319050,False
0c858238-4746-4fb7-b3c3-2015dbb93bf6,False
2a983090-831f-4302-a9fd-9b08074f6459,False
1b2765f6-f383-44f7-addc-ac0a97206c66,False
9c03d65c-ed8a-428c-b756-999b251adf0e,False
d25864f2-25d4-40fc-a154-2765d756ba9c,False
5d0c8205-0a22-4e56-bcfe-8ab0919883f9,False
afe2487f-4fdf-4f5d-bc75-ed5399b32070,False
935e2c27-5485-40db-a208-c875c41c233d,False
67b41520-b11a-4696-b5cd-3e5c7a248720,False
07179ef3-3121-4863-a663-ed111d122ccf,False
ab00fba9-a5e0-4e86-83bd-7384176cc975,False
1c153057-5bf7-44cf-ba8b-d601d21ce315,False
beed10b6-4f6e-474b-9eda-b0276550f74a,False
a8c1fb64-39bd-43ed-a481-2414f139dc4b,False
e916da57-f248-43ab-977a-8a5f6ffe33b3,False
d59dcbfa-db32-4207-af30-3fd078d3ca66,False
cb37a85d-93c4-4d32-973b-df7a8e14338e,False
0b3b81a9-ddd6-42a8-a925-f2d53b36c46e,False
4fe54745-5827-4e80-a082-1918b18ad67d,False
6016c743-8bc8-4a02-99ea-493660f34ebc,False
3a58d606-a302-4b2f-81de-ca4c625cade5,False
f47e3ca0-723f-485a-a57b-084d2b0582e0,False
5fbbf0b1-8083-49c8-a57e-01c90da23e5c,False
2fad3d7e-a4bf-4846-a60a-3bdb002ae6c6,False
8612944f-977b-4e96-b232-398b1f3c4a38,False
6e66a273-c4ca-40d7-8a66-de6724d4d5a3,False
c1ff9427-9477-49d7-9265-80c067dfc9af,False
d7c4fe9c-e1e0-4ffc-98f6-fd7f7eb162f1,False
c4e57a92-98d5-46b9-b128-7916248bd5aa,False
30bdf7be-5149-4675-8573-b517cb508544,False
a34db7c5-760d-4bbb-bb70-b3a124a35cf2,False
67b4a019-a452-4530-a717-5804502d3281,False
304b2370-8270-4238-9b5f-8f39848b34f0,False
76a6e2e6-d4d3-4808-a054-a51cab1ead74,False
65125d2e-24b3-4c8e-9e85-0f8015c2f297,False
1987e6d0-9a71-41aa-8304-92b3ced89c97,False
7e64c44f-fe67-4797-b16c-084e6a7df379,False
f480ada5-e68c-4348-9046-e3dfddfef849,False
2aed0848-639a-451f-97e5-d468f1ed1e4a,False
b8a35c0c-4486-4697-9c1d-73b3250a8bc0,False
3878becf-60dc-42eb-9413-c85063c4e76d,False
503be788-2d44-4af8-bc94-76b1a18b5d15,False
d2d07acf-7f1e-4dcc-955d-8f95b1ceb8e6,False
46a3110a-9813-4b31-ad38-9d1f6716d461,False
f76ffc87-a888-4750-b6a8-31c77f63d2b6,False
040a3aae-52e2-4fd9-96bf-10ab3ce915e7,False
6afa828c-2cd1-4b9f-abe5-841fe9c96c52,False
78e00f78-2cda-40b2-bd43-c4fedfe91357,False
f5f5431f-4f40-46ed-9aa5-d4e236c077aa,False
0ec0ad4b-d644-4a9d-b362-d476d53ae57f,False
6906d118-6f75-43b2-9818-61124cdedddb,False
a0970ff4-dc42-4980-8059-5e29a226a75b,False
f08d5f51-9742-42a6-a8a7-926043a8007e,False
3c10316d-3f63-4065-be85-c8c4a9470663,False
826f081a-0651-4897-8f54-c086450511e1,False
38e7e019-fb89-46c8-87ec-fe71d49347fc,False
aee7c7a5-8629-4fbe-b09b-48dd63329992,False
1ec80917-af74-4001-8023-539bc9f99d37,False
364b9aa2-ec93-43cd-8e9a-8e7293fca973,False
e581c1bc-6843-4e98-94d1-44d518ede297,False
3b8ede31-e614-45dd-9251-d645cb94cf8d,False
d8ccacd5-b35c-448c-b193-4d22976611ee,False
4926ce5f-7878-4140-ac2a-4f71a77d95f1,False
b8525de3-e916-4e82-8116-8b7efa9f4841,False
3fa916f9-eeb1-4cb9-b008-f9e0c28c36b8,False
7ecc0177-fce8-43f0-b54f-0f8a32823c8a,False
5fed5cb7-a6e8-4b4f-a5bb-7f3b687bb3ce,False
7a0ecfea-958c-49ba-8cd6-20c20ea2622b,False
53cd6268-610c-4373-8299-9aa40cdf742b,False
7062dff6-0591-47e1-8086-08612fa83aa4,False
b3aa475c-af31-4f40-9e8f-7d7e3c36c559,False
8c357321-4abf-4f5c-8cc7-147ff6e5203c,False
33013b08-7b48-4db6-860f-01a54480d02d,False
d1cbc092-9383-486d-b3ed-d6edb0894de4,False
5aaab32f-ce63-42b6-ab05-347fd556b37d,False
efd1b588-1054-42d5-9876-35761a5ed196,False
3de54ee2-a655-496c-a528-d32da60c2bed,False
a04d4d14-197d-4ae1-8bc2-ea720c648ca2,False
8eb22579-0cdb-4ca4-b6ec-bdd68498e113,False
ef145b36-06b6-4727-afcf-9246a81f3e5b,False
7bae0f3b-4c96-4dc2-8a41-aed81e2c6d4b,False
c156e501-b30e-46e8-b9da-5f8c4e35da80,False
0a872ac2-8f3f-4995-a468-eb64f7d2a2ee,False
7508e10c-1035-4dda-acf0-c77d7801792b,False
baeb286b-f0d0-470f-94d1-3d551db6b844,False
8da03d88-0c6f-4051-bc78-842387c5f526,False
9e11d2cd-0930-4ef6-8a80-068ddf547e50,False
aa1c5dca-f0c7-415e-83a0-b96b842ee348,False
2518ec09-efdd-4a87-88c6-21bee1228e75,False
29cd4d5c-4d8c-49c6-b3a2-b47b35746477,False
56885791-8f92-42c3-a727-aea402f93785,False
7f13de67-9008-4dc9-9d42-1bae2134e15b,False
f5239f95-6ac6-4272-8875-7d0612037b06,False
6fd1134e-b25a-4809-b730-e52e2922ecb0,False
44087701-aa66-40ed-af0b-5b2b97514f49,False
c4246277-8544-44ab-9a64-f27d0bcfd0fc,False
dd43b0cf-54d0-4314-b0ca-b2497b417aed,False
1bef39f1-7700-4b2e-917b-6fc6e66eb0e2,False
45590d60-265f-45c1-b8e7-e190642bb07d,False
8ed8a80d-84cf-4e39-bf31-c29f82bbad84,False
940d8bcc-e926-4a56-a95a-e210973cb616,False
edabddab-7dcc-4026-a7df-30b2356fdc0a,False
d4701dd2-ada5-4eb9-8d52-7b893c8b966c,False
02cf63a8-98dc-4031-b63f-bae910b8c1c5,False
e214d458-f0dd-4de0-ba63-bde0cf0d3f06,False
c80c2195-8b65-44ce-bacc-99705beec570,False
61e561bb-ca79-4b30-ad70-881b52647c6f,False
379d58f9-dc26-4108-b140-11a1afc2ccfc,False
f1578470-0182-47c4-ba1b-58066160a6b4,False
8852c78e-0633-4286-9852-62b176935d1f,False
ba89eda3-7eb6-4f51-adc7-8d7ba63f89b5,False
aa528f85-01d9-4b33-b488-e328c075e119,False
d56f0350-8c45-4ce2-a7f4-8ad54d0b0d1a,False
bdd4c1f2-71b8-4ce0-a347-2e25ba5498fd,False
0e5dd462-cbd0-4ef2-930a-37df0bc61066,False
735741e5-fe1a-4ba9-8896-9c5b45f8c28d,False
87f3c9a4-cd1a-410d-9101-71d21138978b,False
08b9b2e9-4d81-4859-949e-24ad02d22ee7,False
5ae0bb5a-7977-43fe-b4cc-721462b215ad,False
8beb4e78-e683-43a3-bb82-b7963207343e,False
5e15433b-68b1-411a-aeb8-b0e277b16be3,False
e156df17-22b6-495e-8a14-b309c173d1d9,False
ea4cd607-8e48-4a8c-a3e4-79461fcfcb8e,False
a3506764-37af-463b-82ac-1c61c9eaa5b9,False
440dd09f-c2e8-4fc2-b649-6cdefca54576,False
e7718e1b-d1df-4ff0-b5f3-2c8e83fc7a2b,False
528a34f3-63ea-40a1-9202-b09c60b36938,False
2057111f-243b-4306-93f6-5b6fd84ccc20,False
fb26699f-1bf5-427f-8ea8-be58e2cae78d,False
55c551fc-fba5-4cc8-adaf-37661b780ede,False
c19bf990-5247-4092-993e-eb082fe26180,False
c7ed8888-5939-4c71-80d9-863f66bcf6f0,False
91d51b06-3059-4fbc-ad15-94cbdcc31cb2,False
d10bf4dc-0de4-4af4-9347-94cc5d04032d,False
40508324-875c-4067-b432-327f0db04a2c,False
7580e4e9-5945-4186-9a01-8d296060b1eb,False
63265564-0175-405a-bfc1-428a7c7ab691,False
350b0860-095e-497c-a655-2e7f957fe29f,False
15ab7cd2-71b9-45c8-945d-91a5e33d6982,False
e6cfcbd8-79d2-4001-ad6b-8a4e18a70609,False
7b4e9ecd-de07-47b1-b8ae-8d5dfe268e77,False
2223ab94-f157-4169-83ad-6ffdb4479e70,False
3429ce3b-8931-4697-a4ab-a2a0b1cbc263,False
296da4cd-431b-411f-af90-d9afca07906e,False
2bd3cdcd-2779-4685-94a5-3fdef10d27c8,False
c08fe6d7-b361-470a-ab49-acc635e574e0,False
f01a5097-9ed0-4e5f-b3bc-57914882f6eb,False
1391d18a-8171-4955-8f7a-1e435a1ba9db,False
84aeffbe-ae1f-4957-9f28-e41746273272,False
71a67925-1094-4b53-a6d5-1dc14ff90831,False
504867ba-bf7b-439b-8f9a-ea4b8acd4e10,False
703c1286-b717-44cd-a002-91bb44e9f8fb,False
115c42cd-5147-4e86-a875-d40aeac7dc2e,False
f5ed7ddf-783f-4cd0-a0b2-f35699b62656,False
afedc6c3-6979-45ea-99de-fd207d3a8826,False
46cbeb60-37d7-4d4a-b718-a6ad2209cd5f,False
dbc21e42-fd0d-4cb1-8916-7a93ada63c4b,False
289ac251-52b4-44e8-afab-cd734fe66636,False
5f18e583-f0b6-483f-a377-f6f1d289f0ab,False
6fef2c5d-d702-4edd-a494-0bbdb61ae1b0,False
e85fda55-21c2-48f3-bcfc-7050ecb697a2,False
099396ff-da1e-42b2-9e6a-7c6e961b9221,False
cc7e66de-3cf7-426e-98ed-c1e686474182,False
295c1b59-3807-4a8e-be3b-eb35e1ebef9c,False
6624f8ed-ed96-4f31-8bef-2ae1f87339cc,False
8412a335-d88c-456d-b61e-5fdb1a435206,False
9341dd73-a5d8-4541-ae82-2ce612b1d17e,False
e9ff1cae-41c8-4a8c-aa1f-955ad499da99,False
c5f833cf-f4ce-4477-b8bc-a9ac2ada62ce,False
c3b8a22b-5d76-4bc4-83f5-4e71cadafd4a,False
2a314f1d-7bf7-4f91-9958-21e07b310f54,False
8fca7b6a-8fc4-4092-b4e5-59e596229348,False
c5d899df-113f-440f-93b9-6213b6684e19,False
ee6d7a27-e95b-4b7b-a585-fc3d7bf7202e,False
f51ed666-6e4a-4daa-ba42-87f37e3f1d45,False
8cca8963-2e2e-47a4-8ade-c3792ab403f6,False
b03d3665-5c93-4629-a106-ae3288fb044a,False
69ccaeb0-a4a5-408d-8aec-4d62f30fa5b6,False
06bf79cf-4616-4d6e-be20-193baae2ad63,False
108fd94b-b294-49b6-a53d-ff523e7b8fb1,False
de72d970-10c4-4f9e-b020-321be90f4137,False
32d7cc22-2a1e-4a7b-8c01-f701c0d02553,False
c016c62b-a371-4326-866b-1f526f7f6354,False
4654e77d-de67-4278-9313-b3a7e5a1c6e4,False
83d0bae7-7c2c-4bcf-8770-d18fc9160147,False
e6b9d31a-361f-4d90-bad1-fa330ae4ac11,False
5f5e9c52-ef15-427d-aa21-ee30fcd77150,False
dc2f952c-2583-4b38-8ebf-3ea4c7a69982,False
07a76739-609e-4d33-ad92-abbf65c51c9a,False
2b729d66-504f-4e7c-b46e-49a81817dac5,False
15c52392-44e8-41e1-bd86-9ad2084930a1,False
88ba1f6f-36a2-4607-9486-6e3cfd267a93,False
3a42958b-65c2-480d-9d8f-3007263749ec,False
1e245a97-273e-46f4-85d4-bf0f0a4fee3b,False
0991946d-537c-44b0-89d5-af23050bd848,False
d37d8533-714a-4ae0-b98e-1f36ffdb3a38,False
d586ff50-7002-4916-a112-8e82969c8d45,False
f42973f5-d1d1-4e0b-a7e7-a6bdc2a49fd8,False
9feefdff-c566-4a81-b15e-54f6d4d30795,False
3d57ee27-33da-4fc1-8d47-e26d1ef7a52e,False
55f8bbb8-c3dc-4b92-b95c-a96d85ee751c,False
20156a72-12e1-43a6-932c-ae01d2c65ee4,False
90b2b633-956b-4c0c-a849-9b926b5252e3,False
945b3711-0a85-4722-b0c9-5ec44f2fcfd6,False
7c12d198-50c1-48f7-a764-28c4197fa0fd,False
6c521d13-b719-4b68-a775-ee42a89e22f2,False
6c93a791-8b60-4511-b816-8aebac6a7c85,False
8fa50e32-4137-4168-af2e-cdc9673c984b,False
fd9f45f4-0816-4739-8393-3447f3dc50bf,False
341d85cd-c925-4285-abc8-906f34a91b86,False
8f97b21d-028a-4f1c-92b1-2838639e8bbc,False
80daa8ca-6230-4d27-9a4b-160621019bff,False
ce339ee0-15b5-4510-abfb-9abfeb34e953,False
87c5577f-d091-4dcd-b5c0-b4909361b11d,False
21f6c63d-ac20-4f11-abd3-3927586528e6,False
f66c7331-a172-4ee3-83e1-847c8420e0d8,False
fe8c686a-9bdf-4c67-a2f9-11de087fcdef,False
9599b267-390f-416d-9b06-f07242442fce,False
17c50a7c-6f76-4a77-8d4b-cdb2361352a0,False
1b435fdc-41f4-4834-9cf5-d1fccd3a7e73,False
394b5d35-df37-4ff8-9532-7432b118cad6,False
f8a5764a-87c5-4450-8c78-7ac622c97943,False
c09d557f-bc44-4fbc-adb6-8854baae905c,False
4f67448e-10ec-4b1f-a4a5-c736ae59aa52,False
05c208e0-eb05-4b48-aa90-f6488155db84,False
0b76d6f7-1f02-46eb-a54c-f7b62af3d7cd,False
88575117-6155-4667-a112-507c2cfa55b0,False
b64e26cf-3c9b-4542-bb1d-23a8d8c823b0,False
16c72b1a-e826-4ac7-ba8c-8ed5a06aa68a,False
d7be7b4f-b967-4dc6-96fd-d1a5f17312f4,False
cd35637c-234b-4e09-9a79-d6868f06c963,False
8f8dd995-1127-4cb2-b472-99b68f0ce422,False
df4e713e-f64e-4dfc-bfbe-ac7aefc59738,False
f75c0751-8fd8-4cb4-88fb-2050a460cf44,False
3e74ba44-a65e-4003-91bf-4361edb5db91,False
2e183554-cae2-4e66-ae8a-781390e0a95b,False
bdcf6fd4-88df-42c1-9fc8-628d4b4d1079,False
441dde33-0fa1-459f-826f-05f619cea0c3,False
3d15d3ee-c397-43ae-b77b-97421e12bbed,False
1d3ea32c-7e54-4a1e-ac30-4971ecc11ecb,False
e9f410c9-1cfa-48a2-9517-fa40ed233795,False
21737acd-3e37-47dc-84d9-92ecea3c2de7,False
cd75e6de-c19d-4186-b3c7-a1a88d15baef,False
8188de48-719b-4dd6-97b4-e75be9d18ec2,False
4491be40-1042-4a8e-8da2-2a3950db8e34,False
11a72609-5edd-4bbf-a959-76636daa2e68,False
fd8398c3-5821-49f8-aa45-2afdfb8a61eb,False
e1d46f82-21c5-4e41-a8ce-e951b0478ea4,False
bdc242a8-d1ed-4618-84da-c679d113b5ff,False
d03c9c2c-bc37-49b1-b48b-9a8c7eb3aefc,False
0db5d441-2837-4418-af27-c1b9e3c6dedb,False
9a5c68ad-aeb0-4110-ac13-b24990d22d54,False
574aa942-415a-41ff-afb2-a0d7e47ca3af,False
f2e5cecf-9b6c-4494-a0e0-b67321b6eb84,False
c89f884f-2568-421b-8fd7-3af97b8899f9,False
fdbf4aa4-e211-4c10-9368-c594e09b6f17,False
27dc3b65-62bb-484c-95d1-2c70d5b07c12,False
b43c7851-e78d-4f32-be2a-9f7347dfa607,False
242ac30f-5d80-453b-a59a-5d6c07ba408b,False
2b2bf58c-6da5-4dad-b56a-abc050fb35b0,False
97f483d6-74d9-4fb1-9dda-4e36cf292101,False
4bfaa29e-032d-496d-a537-68573749af64,False
0ab6c155-2e42-4010-a9cd-10722127130e,False
6207db63-74e5-4611-ad65-27a15a968960,False
7cc27448-28ea-4192-9a02-4444f28446fa,False
7f2382b5-0d1b-493b-a9ce-f59399a9a788,False
9bfc24bd-b647-458d-ba68-f42949af5000,False
5fa5e0aa-9b11-4530-bd24-7c11bf6b8cdf,False
fd481505-b8f0-4270-967f-d2e9c2f18bfc,False
8fe069b6-eeda-4802-8568-f42689e03e22,False
63d2b7c6-ab1f-4327-a59a-5f4ef8f218d0,False
0dd7cac2-8a10-45c5-b4b0-738e3e040782,False
a8aa7158-2b70-4525-bc67-f831cbc84759,False
a7d4cf50-f791-41e5-83f9-cd6b797ebe87,False
a7939a2e-34f4-4404-8ff5-070182226c16,False
a7a3208e-b1fd-44de-892a-2783e9b50a89,False
0c485217-5d54-4496-a1a6-51c5faaa53fc,False
5893ef12-ab3f-4d22-9d5e-6aee0240f59a,False
7886f504-ed75-4b74-b7d0-c829dcf9b680,False
0cbe938d-2b33-4734-9a11-9684b385d9de,False
dcd81a8b-a8d6-4af6-9f0d-def190c40e45,False
59bb8900-6198-4718-84c7-aab4ca20508d,False
bb10f0be-db76-4604-befa-e203b206da83,False
5714fc0b-b744-4158-a550-e249436c3827,False
2911268f-3e3e-47b3-930d-a4761b5982d2,False
93364f7e-83ef-49f3-a1c7-cc8a04351b64,False
03f2ffe0-c8ef-482f-b588-73899b5ffa2d,False
ec68fc07-4d8c-4019-a88f-c85ac33a402e,False
0420521e-41e7-4bba-b9ac-1a4f42516974,False
ec1f41ce-57b9-4dfb-af82-e70cb9644e4f,False
0f34bd08-8e10-43c7-8b4b-af231c4dacfd,False
61a66444-e2af-4629-9efb-336e2f546033,False
43472a28-9f0e-470b-b404-7ec736ff812d,False
8fde042a-1ee5-4930-ba08-5f6a9e189a98,False
69eb337c-059e-48d8-8ba2-0d387db4990d,False
e1789474-380d-4643-8891-e9bcd83060dc,False
62e0adf7-a315-4bbb-adb2-31a2cfcc2abd,False
51f4a724-9950-4858-88ca-c260b3f5a21c,False
34c6d620-8d06-43e2-9ab6-2311a261d918,False
61650f34-465f-496b-b3b6-b1439d96d6dd,False
e9ea9d49-bc94-446e-a741-0d2ce0f13db6,False
79900a27-6c7c-4eb7-8bb5-f24251057c35,False
da2a4996-aaef-4529-81aa-db8000401b20,False
77e8b762-bb7e-4979-92dc-bffd59008d65,False
c63d04ee-541c-4a86-bba5-cd2fdea45c19,False
b5d9ad36-5287-464d-a30a-6658b1be6df2,False
3bd13a43-8853-490b-ac26-4a0cc09f1c91,False
22bf18f5-1f65-4a87-b33e-e3447dbf4bc1,False
372f9fb6-041b-4c79-8014-680432de3097,False
84e3b774-569a-4ef0-9f86-5633ab7aeb66,False
22c0c475-a549-46d0-891a-5875cc18dd0e,False
20f0156a-1e6a-4628-9c6d-52d5ae2e9af9,False
8c2b678e-1f50-41aa-8088-b13a7d2194cb,False
9e1d5748-e3fe-466b-a23b-3ed770adf7ed,False
c8b1ef8c-12a5-4eaf-b0d4-ad0c23a29fe4,False
0273be68-e6c5-4969-8118-71cf79fdcd33,False
a145676d-1779-4b66-9a45-2aca1d8385f3,False
b62a7941-59dc-4e0f-b168-5db847d28391,False
4f0b5593-542d-4393-a1d9-e819c51c5229,False
ed5f24c3-7fb9-4e49-8222-3c10f82f2dc3,False
323eab00-9fe7-4bb8-b8cb-74696142894a,False
8ac8ad93-7e02-421d-b86b-543ae1b243cc,False
123c6a29-969b-4b4b-bcce-3ef8a41bc4c2,False
aea03292-6bf7-4125-a571-f542e485a118,False
c94b3a6f-72ef-417e-baf8-34f29aef9aec,False
3b7f1998-1eed-4236-ad89-9035f05d45c7,False
9e91a71c-7374-4cbf-978c-57d3508850d3,False
0490eb68-48f8-4df6-8571-dd83938fdb37,False
5e66d8fa-de69-4076-9f8c-edcdc91ceaae,False
146b9fbc-667c-4788-9887-f3d2c0f1fa3a,False
37c6bc5d-1a38-4e8e-a9bc-4734e92966be,False
62d0abcd-bc3f-412e-89f3-2a99dfc735f8,False
0528d309-6a56-487d-bb8e-37e2c32bba73,False
8332d1b9-f42d-457f-87e7-918130396a9f,False
48769153-c688-43fe-9255-5c758d55119e,False
e9eba9fe-9a5e-43f5-8c94-d15ca13d2600,False
4853338d-7024-4f94-8830-898256fc1a76,False
90441ec6-5ef0-495e-a152-dc3a3894de06,False
6c8de840-ed30-4556-a2a5-3193a6a1cc2b,False
e3837348-873d-48bd-922d-d7be980bc81e,False
41f74651-a033-4dad-8fdf-de19cfd835fc,False
f53ba020-be2d-48c8-9fe3-f82439d3a9cf,False
9f1c9fd4-d449-4964-b9cd-213b5748218a,False
725f875a-047c-4fe5-aac4-75a55b5cd6c5,False
e7b986cb-76df-4b9a-bfad-4b74f4c800a4,False
a7087280-34ee-4b67-a1bb-d1838acfd4d6,False
2cd4e76d-f40a-46cf-b1c7-8a33db5983d3,False
9c2f3381-7736-4b28-a25e-75c8f8f431f9,False
cb9aefff-6ef7-45aa-9f7a-63af9cc41ca3,False
3c862582-6202-435d-9756-fd3353ae1065,False
b01f90e7-6b0c-4da5-89ef-a19b2d98f251,False
c2d01c42-fd59-4978-b965-12e3b9b094ac,False
d3ec1562-91c0-49ee-bad1-c48f6b39c4dc,False
275b7c2c-12be-46cb-b637-8db328542b64,False
0c8b2089-a94c-4612-9e9b-e593525706d0,False
70d18e9e-e435-4335-ad4b-2c1392f0ae83,False
7e083461-d5b2-4840-b4b3-593f0b382c49,False
dd0d3739-c553-4b6d-8ef8-66193599fe91,False
fb81519b-ddc9-49b0-a89e-77e54f304094,False
fabb6609-7de1-4a85-91c4-194a70c98336,False
32d4d3a5-98dd-4c3c-a4ce-b832c8776e4b,False
941eddf9-6460-4660-808d-551fb9e89990,False
c798c498-499d-4830-8d67-6a99a94a3567,False
d079fe4e-261b-447a-81e0-4baa2d701ddf,False
bbc99473-4363-489c-b249-5cff89e2df24,False
bb8cea35-1bc4-4161-aff7-9a573183eab0,False
a1ae96a0-c1df-4a89-acba-0cb1fdb99dc1,False
51c680ca-57a6-4460-9b66-f3d3e6afcce9,False
676cf539-c9be-43d7-ab1b-0f5260ae9b09,False
caf91924-4f2c-4cfd-9724-5dacf8673a5b,False
f2dcb12b-0f7a-4302-ac2e-28150a3217d2,False
49ca4ae6-2d0a-495a-bdb8-65cff106b83d,False
8d56bff6-69c9-420f-b425-449cc145d6ba,False
61af663c-ed2e-4bcd-8c06-df90aa1c4023,False
e55b93ad-8976-4471-9d7f-57d1e45def26,False
e1568c60-1205-49cc-a757-59a074516c96,False
0cb5ee5c-62f5-47c2-8706-fec248fa4e98,False
ac93281a-92eb-4ab0-a4ee-c67c1a57f9e4,False
b4456f0d-7164-49a2-83d6-0e1e19929767,False
67c0518b-17ef-4621-881c-79d4c27437eb,False
29568d7d-d57e-4322-8396-63d0133ee71e,False
794e0838-7dcf-40fd-a330-98edda252795,False
16054b9e-313a-4c74-8a3d-b769cf052461,False
705f052b-d682-40b4-bbb7-cc429cba7bc6,False
5fd24b9a-a527-4af5-bbd6-df9b36430f4d,False
bc2e2b59-2c7d-4667-b664-c7202fddb26a,False
6403c4bc-1486-4c2d-9659-ddcc75373d14,False
e8b81813-e672-4bf5-8110-783e3dd6831b,False
a3595d1f-7fe4-442e-bdb7-88a61cdcc4c2,False
a7e29299-2bf6-4915-8367-ee2c1ddea07d,False
aa759a8a-deb5-4d16-b020-d03f5a69e2c6,False
2ad9c360-84bb-4f7a-9711-35452e2fcae7,False
cf03f0c8-0eff-45bd-87eb-340dc74e48ff,False
bb3f4297-1033-4eb4-bacf-41f0902fe243,False
29a7f041-2d51-4614-842a-584a6f8cd15f,False
d8e3cb62-fe24-4cd4-86bc-55dbae6c3a9b,False
bd03d33b-eee9-495e-a308-6e48e4e5b5b0,False
b1195d16-9aec-419f-b38e-f31f08ae64bb,False
8151ef6c-7963-4f34-b0c7-556a6576796d,False
80acefb5-79d0-4e2b-8024-9b51307c3f63,False
2233212a-f526-4ea2-b953-3cb78ef1a114,False
af5235bc-f8ab-43f4-b2f9-ade159debc39,False
ae57927f-730c-4e0e-96f9-92984634a5f6,False
fb924354-f34d-4b13-a065-f5cf25c978b5,False
25db9dbd-817f-4e3b-9a1a-59cf9b480ff5,False
49a214ae-f7e8-48e5-8d2b-91efb8976ec5,False
3ad24ac8-bf70-4042-9e7c-6795a8c6c2df,False
331bd602-9dd0-4e04-8485-742a6d22313c,False
2d90e4ee-0de4-433e-92c0-620c1667c518,False
26696e53-022c-4449-bcc8-39fbcbd363a5,False
1ac7ea5b-b387-411d-9286-f97708aa6127,False
43d88870-f81d-4aa1-8812-0a8e78308930,False
e27bb6c4-4d94-4434-8785-9c05dc409942,False
9d8e20d6-17a6-4138-a8a4-14a7ea7523fa,False
f574175b-3d05-4bf4-b93c-4fbf1b9b71f0,False
5d71a898-6497-4593-892e-8c93d105c8d6,False
49a5fd0d-e487-4ab3-aa79-4de7a7604977,False
08252b39-1947-4a42-b10d-c9d17c413a2a,False
d2eba277-f64d-4de0-a92a-988036841339,False
02dabd76-f310-4525-b517-9e725f857b21,False
312997af-d7e3-45d5-807e-85061ec4816d,False
785299f4-175b-498d-b814-01027de1bdfe,False
750d112e-8164-4eec-a4ab-851bf1fac6e7,False
4764a956-9968-4a3c-a684-79846b0dd81d,False
d8528abb-1a87-4c25-a29f-1962ebd795f5,False
5c699e1f-458c-441d-81b8-d47e7a5f1d32,False
86e52753-7c93-46cc-97d7-a560adb14670,False
5a765b48-5d03-44d8-9396-440547b5c4cd,False
da78f4c5-26b3-403a-a575-13a5447a4e2c,False
91ae3d4c-6659-4d83-920b-725b17871810,False
4823debe-ccad-492e-93dc-4faed3a71b83,False
8c53b74c-0c9f-46e6-becc-f7609249ee3a,False
eb6c1016-cee6-44d0-9dac-6e8345241ea6,False
214dc588-c35e-418a-a630-b287d4a39a51,False
83f9b580-a499-4b92-b589-de14eee06433,False
06822e13-6007-47be-b2b1-068ad58b5423,False
cb317618-daaf-463a-8a06-3bf5839818fc,False
f2a45575-ee58-4967-b063-796a70a91477,False
71ab4711-6279-4a6e-a1f1-4c98dcdeadc8,False
0227b8d5-b070-4a53-90ce-857f75c72fb6,False
64880945-ad1d-4537-97f3-4368c2efeecb,False
45fb3e8a-563b-44fa-9784-713d18407642,False
8f57cd9e-1b30-4e97-8125-aedbf0884735,False
f692641a-9aad-40ce-8ab2-4f241744ee3f,False
aba23511-f544-428c-8bba-d72a8a7e9cce,False
f6d2a20d-b3d5-4708-9d1a-f023a73ff524,False
2875ad5d-2d06-4862-8990-779cecc3b699,False
ee4401c9-71af-45ff-9bbd-cdb6f117bec0,False
d690efa9-2830-4ffa-bc37-337a32ccf39d,False
e1509425-891f-4683-9e12-dbf1493d6196,False
68c4b51a-8166-456c-b04f-bce932dcea5b,False
af4637b3-c9a6-4c37-b507-8c5dcb62f5b6,False
0eaf04b5-f2a9-4c8a-8a9e-4a62fae3114b,False
af051197-3ebb-45f1-b58d-aaee760fdd95,False
df7d0dd7-236e-4608-9acb-394acd1f5318,False
2d49d235-bc77-4a20-b4a4-cb8027379316,False
c7efd8e2-5f71-4ac6-8087-1ba97344e407,False
c7d012b0-de9c-4b51-a038-e284ceddadec,False
c03832d0-4ab4-4a29-8dd5-16c85e8354da,False
9a86040e-7263-4c6a-a4ad-77b02e32a832,False
32773b28-ab3d-48ac-b5dd-b7d2ca7cd927,False
a8535961-632d-4302-9a82-833c20dda0ff,False
1027fbf7-3877-40f0-9d99-d4c5cc96bf43,False
b53a2800-7d86-4a55-b6d8-3fad1ccda878,False
b7e1cb21-2e80-4748-9e78-c6038ca3c793,False
3730dfba-6494-4d5c-9a29-6905ee22a70b,False
3bdccce0-9875-44da-9830-dffe88859ae5,False
f89617fa-6493-45ef-bf53-76a4bb48bbba,False
161d5c87-53c9-4e59-8f89-e3b2d847dc53,False
60bf684e-240d-483a-8dd0-64e34b50c34d,False
011bb348-8981-4f35-8107-50bce6d33572,False
5a766ac4-0f4c-4562-aa71-295cf816ee8a,False
4ce953a7-22d9-4db3-982a-2277f966d59f,False
8fa8ae34-3233-4053-9242-ba54a6f9c0e1,False
a13ecf15-72cf-4b0e-9db2-f6cee5190530,False
b01cad4e-b4f1-4ca9-92f7-76d1c6ec757f,False
9313ea0f-b5d6-4793-8003-fd3ed49bf21a,False
75366b9f-320f-42c0-9dde-01889803b22e,False
80cfb1db-1287-4313-8f02-6c2c1b414999,False
784aee43-11c7-4eb2-842a-6bd7a51004b8,False
b2b3bb39-4510-4aad-80bd-44c06d07ee0b,False
e0094827-9672-463f-8f0a-1d5b14570a44,False
b3932fb8-4fd4-4793-816f-2931fa1b1bac,False
18ecde2b-0a80-4167-b4b3-f20eaed0fb57,False
eaab0629-6a5e-4c28-a86e-8c8db98b06f3,False
b0d18df1-484f-4db9-b50b-9f519f310fff,False
a6d5dac6-ca41-4052-919e-af98b6b84329,False
21ffcf72-9b0f-4aa7-956c-478fb8541d6a,False
db872c8f-0551-4102-b6ef-66e43e61d359,False
f2e9702d-11e9-4daa-ae69-81a35d3d9e56,False
cc5732f2-871b-4b1f-a0e4-0a11d8fbfda5,False
ae864837-ccc1-4250-bedd-84838cd4e7bc,False
67e2189b-f4b4-4704-8edb-6dc82d19bd52,False
177d6e7e-07d9-44ce-b8c8-8faea2178f84,False
0ea66dbf-a011-48d8-8630-419c40c71862,False
1c66021e-1a79-4ec1-9def-b7bb945094c8,False
20514111-7fee-46c1-9ba1-17ce80ce9afc,False
cf1d46be-2e0e-443d-9d59-b30807aa2515,False
138d8006-13a9-4a92-a816-4d181f540e96,False
6c944bca-e8c0-4c02-b200-fc98b963c2fc,False
efb56207-ddec-440b-afe3-af13891778e8,False
c60fb252-4df7-42ae-a267-e12b65e5f13f,False
3dec163c-fd5d-4a42-b193-41779a6e868d,False
e0354d75-a90d-45ad-8c8f-e6ceb69f627c,False
ee2291ef-ab97-47ef-bfc1-9e7bf17a273b,False
9167adea-f8f1-466b-b395-1a4532ce6a3d,False
b7a745e2-e327-419f-9895-cceaafe2ff5c,False
9c83cfae-1050-4d65-b897-3d1553199080,False
66e66f92-a0fc-4ea8-b310-401b9610b3cd,False
349b5089-2733-4670-b3ad-a2ba797209c0,False
788f06ed-3c1e-419b-ae5a-400755367ab6,False
6bbdb66f-9181-4091-96c6-f45cdc5e4e78,False
cb1b8eff-d02a-4cbb-89b4-094ae048f1de,False
2fe5b140-23ea-4956-89f1-137d7d592e19,False
8c57a277-01d9-49b4-8bf8-f29e3b30ee97,False
98dc9e0b-51a1-45df-86ac-10102e0869c1,False
2b85ffb7-b29e-4126-8840-e78a35ec5514,False
8a9cfc8d-5429-479b-9861-0b0ba280760f,False
600fc79c-fbce-4087-96d2-b14d07faf6f7,False
0b398e89-f842-4163-9455-5290017c75c5,False
95a97dd7-bd8f-426f-9f16-de170f94d562,False
5424aae4-3e78-4f27-a93b-da3b4b0653e2,False
06103d84-2672-420c-866a-5821ceb7f2d6,False
fcc1c48c-7303-40ca-a992-6bade6335f58,False
59e4b671-4774-4c58-85f8-bc16f7860b50,False
8fbba749-5fcd-459e-96e1-8109d7e174e6,False
f92b7b46-c17d-449c-a253-4b28e47919dd,False
e2d903c8-a61a-4d8e-abf7-240fccc62fed,False
663b4427-bef7-410a-97f9-f3a761936947,False
783e40ab-b22a-45a6-8539-1557444122a5,False
8121c051-c09c-4132-8235-00f97e33e68f,False
43af6c46-a46b-4932-8de8-4b635856e1fc,False
235b275b-dcd2-4b97-b3ca-9a6bccd3af7c,False
a542deb9-2cff-45f8-9bdc-74a98d3a5d76,False
4b8fb475-e2eb-42d2-b848-52b657f498e0,False
769eb31c-2683-4a4c-8133-25f1e76032c3,False
28e333b6-4e8a-4c4b-b724-20411e43fbd2,False
55b82364-9ca4-406c-9076-ddad317e43a4,False
99966612-9ea8-4552-8475-66bf8f660bbd,False
c69eb431-cf34-4c15-a9b3-589ccf2109f1,False
c257cf73-c29d-482b-a722-796e9a36d1ec,False
c355853e-b0d9-451c-acc0-067f141f746e,False
e87d1c78-e7c4-41c7-8049-7b717d106c60,False
244220c6-4b0c-400c-a626-c97d73fe6a93,False
aa5f8dfc-a0b3-4a83-b002-9577e4f364d5,False
af1e0ecd-c555-430a-8985-8ab5c54f447e,False
4684833e-19dd-4b90-8839-c8e410db5fdc,False
c4593083-db40-4797-8ecc-4bd986db41b4,False
84f16d9d-af8f-4cf0-851a-9ec71cdde8ca,False
82f73861-1adb-48cf-a60c-1638d4a5a81e,False
14fe9960-a539-4212-a34a-35ebec2be308,False
2a869922-f492-4b35-b6c2-1bc3d799d80d,False
a7c10adb-743a-4892-b561-10f64fd3ca88,False
7c193e6f-496c-403a-86fd-01e69fd33d40,False
e00bd534-3158-41fb-ac7a-0d3107692583,False
8d938a78-634a-41a4-ac23-9586195b2525,False
3c675934-95e7-4fd0-833f-ed33a7b4d7c9,False
34491318-42d0-4a0b-8c55-542d02cb42d1,False
8222cd7f-36e6-4a85-99ab-dc15296b67bf,False
a21b0307-82af-485c-938d-994c2b0abedd,False
5c62b3a2-3a3c-463e-8bd6-cee631b1b099,False
0aeccec7-204d-49da-b156-7f2acef74829,False
76e5ae78-7bf7-41d3-aa66-2fce7089fc6d,False
f5530567-03e7-4d21-9d4d-46d6460d113d,False
12a34b04-a15e-4dba-a82c-3bb2583f66bd,False
3ad782dc-8dc8-4d97-a99e-5dc9cae33dbb,False
2a25a888-0f02-4ad0-a706-7ef466aa9385,False
1c8d23b4-4dea-4200-9593-83cf5d13a906,False
d2524487-6b70-4287-a9fe-ba149adda7c8,False
c4af9dc9-416c-4562-aec3-641124df6dcc,False
06617f95-eba1-4fa8-9f19-f85b4d330569,False
754182e8-f8cb-47ff-986b-3c2246527e16,False
1b7e0502-ca9d-4831-894e-7397b38a3db1,False
01b1c626-16a4-4bfa-a032-9ee6c190b0cf,False
5735773c-761e-4287-907c-5e53b8f6703b,False
2a257ecc-75fd-4d83-9264-43bac298823a,False
a55fa725-bcb3-4168-b706-2cfa29cc0789,False
c544a049-6811-4a5c-8e3f-d50bf28c635f,False
9780c215-2b2b-48e9-a417-c09380a8a23d,False
be00b0cb-c1ef-4aef-aa38-746e528f2346,False
95be6c8a-9ff7-407b-a7e9-184f07918b35,False
1812362f-c076-492d-b3a4-69a556f7e6bb,False
46c3c90c-c92e-4e01-9402-3a93a4c688ec,False
ba098a27-4870-4a92-92f7-7d5dfec5ea47,False
dbf11941-4ad6-43d0-9b81-ce242582bca6,False
27180985-f2d6-418c-83a3-574a919cf735,False
9aa1f98b-b4a4-4eee-b0cd-f14946434f21,False
5074ac13-fc0f-44cd-82eb-baa21ce370ed,False
f31046dc-6202-4ee6-9cb5-e69c5dc7b3e6,False
f99cea5c-b65a-40f1-8350-ab061059ea28,False
8ab171e0-e657-4d38-8793-acb12afcc87e,False
5497062b-a683-4a72-a6f6-ed64bd2af2c4,False
b52f5f46-c0b0-4dd0-bac9-b5b642e88605,False
c63e0e47-8bcc-4e8d-b24a-4a6d6b90a95b,False
bbfecb11-f060-46a1-92d1-2566fc829c09,False
9691f45d-10bb-494e-acef-755790ad07c6,False
42a1279b-8bf5-4aed-9904-b887d77b03b3,False
929d778e-9fde-4d5f-8441-c3db6bb57af7,False
4de5f4af-f278-45f6-8c49-f33a1c5d9fe9,False
6fa5f03f-e92d-4961-9e0f-d29bb7a2ab33,False
f3f73d69-c853-45f9-b35b-ea93923ad413,False
1b2aa4e4-c0e3-44e7-9b2d-f807fd225cba,False
da7f624b-5716-4640-87a0-424659f43595,False
7bb8373c-81dd-43ea-9421-b62c2d31317c,False
52961fb3-4d40-4b28-9628-ddcd19dd3e8c,False
cf61ea35-d636-4272-a309-33ad1b3eaba1,False
e61c4368-72f1-4318-ac4e-77f738da98b0,False
fd561b27-2833-49b8-a41f-79aa692e33b9,False
dc63a196-9463-40bc-af68-d3b34ef97a7d,False
9b4547e0-72fe-4dc2-b772-aa9715f39d39,False
1a43db54-523a-4993-8b34-46bc8ba435cc,False
507a61a9-9d8f-4ee1-a12c-6678933c3b76,False
741b77f5-4c24-4053-a7f5-ae02af5b8f47,False
6690a951-fc04-4a7a-ae41-5f166263307c,False
af9e7a0e-936d-44a7-bab1-996a21925613,False
07f8d4f0-f3ea-4184-a8f4-e3ceadedda80,False
d7718c05-b671-41b2-89a0-a9ef513c5c4d,False
b82d40de-f2d7-4d53-8870-2ae78eadda9a,False
b1768686-d31e-46c4-b4b0-258bcad2b7c2,False
a367b563-2f89-4e9b-8b4e-52fd9c83e2d2,False
bdf66ba5-dc9c-46de-a5a6-74c212738a23,False
4bf5cf0e-97a1-42a2-9606-be66a2a2d1a6,False
be36c36d-ecfd-4eed-988c-49b2c8abbf0d,False
746a18dc-9990-4c0d-b618-1e8e18360f46,False
680ac07a-2a93-4d62-bc83-5dc0d9441fa5,False
dfae1803-93d7-47e7-a392-3df45fec59ac,False
155c8139-3842-43b4-a378-ff4453d9a4dd,False
894539ec-8850-4e9d-be1b-203488a5316f,False
50a2c011-160f-49f3-a82d-0a46d0f7d4e7,False
6f6bbdf3-c673-42e0-bdca-c10ff9e9cf93,False
97c75839-1dd2-4b24-8420-c72d8fb8b736,False
d6cd3155-08a8-4c7f-8621-38ad0f09105c,False
a254da12-6fff-45cc-ae26-f348b044db1b,False
c227e0f2-0510-4943-be3e-b6f738b595b9,False
a7f3cf5c-9818-43c7-8657-894f0c953522,False
fe85544c-3e85-4c67-9855-e4a0bfea3d2a,False
b400a5e1-dfcb-421b-a37c-db55c596fab7,False
72811822-fd26-4e31-8a00-c9be55c5e74b,False
3fa27ffd-3180-4811-9767-10d764188dde,False
b8ddf15d-8ea0-45f0-89cc-253fb4693ec4,False
fe43541a-b0b6-448c-ad7e-eff756604762,False
c7a2f280-927f-4103-9a94-08c029b44cb1,False
c96e517f-e49e-4f6e-ac56-1f785e5a590a,False
8716f0b3-9619-4356-bcf8-d6f86cf322ab,False
77ed78d9-a82e-4889-b717-4acfd7abed02,False
4838a888-1a2e-4864-b8ea-ca362f999b2a,False
b0333c0d-5381-4235-b1cf-c83f359ee84a,False
eebd342d-22d9-4b18-8680-55f355114558,False
214990ed-abe0-4080-a961-a383dceea2eb,False
bb63721d-1c45-4ba3-8159-ace5fca91028,False
d773f98d-550c-4fe9-a54c-11d9f2e61828,False
f9a55cf2-a66c-4fa1-b5dc-8a9afb38cd91,False
1bc2197e-7df7-4791-a53e-62ba2dae62c0,False
7c976337-ee66-4fd2-833b-14ed216c0ed0,False
6f0d7229-1b38-4c72-ac64-8459df22367d,False
0e18ab96-25f4-4dd6-af51-ac6e0c85f154,False
5200044b-3148-4df8-a6ca-8d50e5f5c891,False
3a710f9e-d5da-46fd-8a68-998ffd8bb697,False
e83cdff9-78a1-4988-84e1-502aa76180c7,False
937ca77c-b25b-4de7-9652-1e08c2f43c10,False
3dc0f8cf-1b6c-4937-a282-d170f5080d9c,False
8f942977-b582-4f0c-bd23-36f45b44e6ed,False
bfeca531-7036-4ba0-9ad8-1d87c20ae0f1,False
48acdcf8-f92d-4dcd-805a-fd9405fe16de,False
844e2e8b-ff01-4ec6-9ec7-8f9ebed64914,False
15604ec8-1ca9-41d9-a5bf-13792587f6a0,False
f5141058-3138-4975-bbf3-3a349c2dfa97,False
8f1c5f8c-f1ae-4af9-a826-a561bf1a61d7,False
ba991da0-85e8-4165-a189-6b253a5bece9,False
54b58635-3dab-4614-9215-0ed87ddca413,False
256df639-edd9-436e-b132-8995fd8ac696,False
909e21ba-8a38-45aa-91be-ba8e0a8aeb94,False
7d23d479-9549-4a82-b787-ef8d3495311e,False
bc594585-9445-48c0-8ef8-c2d6f7fd5646,False
29529420-0ba4-432b-8804-044c82a4e22e,False
9290a83a-2bef-4363-ab7c-7396f942fcb2,False
8849066e-539d-4223-848d-276cacae8af8,False
30a19d7d-4b86-4f69-b036-89a4c518c20b,False
6f5aad52-9061-498f-a096-521ea2c723d4,False
e958c430-d21c-4643-88c0-8457464aea48,False
b177116d-f203-4633-ac5d-d02dccc67ffd,False
6986305a-5da3-49cf-8ed0-730d711dc1dd,False
64a70279-8609-4880-af29-c0f72ebbfe0a,False
48ca7651-92f5-4f7b-8323-d342df6a8f93,False
c84bbdf5-603f-4ddc-aef1-7a908bbb8f3f,False
e1886146-fc40-43d4-a5eb-45497e0a04c2,False
f2ce7eeb-4c56-4b8f-8bb4-32b3d2e76deb,False
38e59b27-16dc-4a6e-a789-077055ec024a,False
9d264599-c4dd-4df5-9aec-56a857311609,False
15669e36-4708-403b-a716-10c19db54283,False
e432f23e-1b59-400c-8106-c378969b1bad,False
e606d7c2-1e18-446d-ae42-1840a05f36c8,False
c25110f8-7cc9-4b10-b677-fb0609e6614a,False
ab0b4cc5-15f0-4a19-98c1-80d2aadf3692,False
73b171e5-cc56-4dff-8314-d41cf699734e,False
a65d958e-936d-41a8-93ac-b00e32eeeb38,False
ec8a7209-afd1-4425-9de2-134c1e3a7063,False
9b23854f-a3df-45f0-a97e-86fe3f8b015e,False
6cc2e20f-c3a0-4289-b88b-a4454e6c2bae,False
54c63cd8-8945-4f27-97fa-2d8dfb2ca025,False
72114575-fa3e-4d03-8ede-ae5f59f2674c,False
acdb425c-cff4-40eb-8730-24e4263490a1,False
7fcbcf31-93ac-409a-afc1-0403dcda8cc1,False
d385d453-c7ea-4fd1-bf4f-38081a9d7acc,False
abdce0da-be0b-4ddd-b8f9-500169bd40d8,False
c05db774-132a-4e58-aa57-e880de9205ea,False
47d6723c-d77f-4eeb-94fc-3a5d9b4bf377,False
9364ecb5-db29-420a-8886-b7c6a4c755b0,False
2803feb5-dab6-473d-8fef-f87b79d54e9f,False
966b62ea-9f80-496b-b34e-356ac95b61f8,False
81c61eeb-0ce3-48c8-8735-4e4ff85b6d0a,False
bcf2fc3b-d958-44c2-a053-8c1ba84510a1,False
8037b969-7946-4eae-93dc-00ee9203c5d2,False
99487f82-1831-4802-83c2-aee62ee94ed9,False
c2492e5e-005f-40e6-95c3-b2dbf374190d,False
c166a8b3-f26b-4ebf-bdef-3b8eec0dfc3a,False
b01ba134-544e-4743-8383-9f121335f6c3,False
486fac8f-a4c5-4ae5-8d32-e7120c767092,False
c8794a56-a795-4d2b-9296-81b00d5979bf,False
94fb09f0-53c9-4ae7-bcf0-7bb3f343d9eb,False
f0514b1d-eb61-4b74-8f53-6189d294f5a8,False
9c00cb52-97c4-4530-b546-5c933a9af0b6,False
047032f6-33b5-451d-8a5a-2180c4c0eaf1,False
048c8480-a743-4402-bec7-fb117f53dc0a,False
6a36af18-06d3-4b93-ae33-688d597e6845,False
6e6c4c64-6f56-41b1-9d07-285b8e8752c2,False
1b5829c9-24ef-45a7-b7cf-65ca6c412493,False
fd063a58-aa3d-4585-aaec-f4e0e81909ce,False
f5a02c0a-5021-43fc-bff3-e8188babb414,False
3b8ee0e0-1ba3-4c18-a84a-05d0b6f8dba9,False
b9725caf-fea4-4063-b16a-83488fc8ed53,False
8c6ef4cd-f9d6-4e8e-bd61-de15ae53719c,False
a2379e6f-d473-4534-9aea-635257632e1e,False
66d71d97-b193-48b8-ae49-c0799bd0d4c7,False
63f6bf77-aa23-4ba2-89af-9883eed21f94,False
f75efed8-2d6b-4953-8fea-d84ec98cfd48,False
73b9c2ac-0134-476b-8ed9-fa95a26e865b,False
b0d515ab-c891-455d-94c1-76b90ac013d5,False
5115d7ee-3b90-408e-bce3-456320363a73,False
7f184a88-f02d-41dd-9c64-34ef6714aea1,False
d141b9e4-a783-41c8-a250-891ae9846baa,False
f525d556-bb98-4bdf-b1ec-02ad3db538c9,False
1a06cff0-73f5-4452-a899-25840ade0b41,False
f88505f9-d126-4905-9e99-3ecda0f35470,False
6001e75d-b872-4503-94f1-211050b57397,False
e6267164-d361-4b3a-bcff-ae922c435667,False
fd06a179-7980-4efa-8da0-8e483531518a,False
aaf78c67-51d0-4109-bc90-2838d8741408,False
52c83bfc-5b48-461f-9b1b-4cd736ba4918,False
e3ea2d7f-c219-4845-99eb-404c1851d1cf,False
d926fe41-b36d-4121-8ba6-fe0995ea6825,False
d27e5846-4c7f-4cd6-b032-97d2a911610c,False
5c65a65c-0f8a-4c2c-a390-0bc0cd0fa4a6,False
651c21fd-efda-449e-8c67-43e15f9209ec,False
5e1b015f-6a1c-401b-959b-2b6b32dba028,False
18fdd2b9-79e5-49aa-992a-35497ba109d0,False
eb1313b7-95d1-4b6d-ae9a-e156325cba4e,False
ceb380ac-e223-4389-b23e-d1fc9b9f9efe,False
d96da200-d947-472a-9c61-3985596ed71c,False
585d3f86-1d23-44e6-8329-20b7c143f426,False
7f37c8f7-5dfe-477c-9ea0-f4f1d8355a00,False
488e5bd8-0729-45c7-a5ee-3dfd6cc1da4d,False
da743152-627b-41a1-bfd6-f23232ffe294,False
b67333e0-8ceb-424f-9eca-85b31c7378e6,False
c4196c8a-c44f-42a8-9a4a-96aee987cfb2,False
a9d500dd-2140-4672-a3b9-7f36c0793f64,False
8eec22a4-f966-49c2-9796-b7b190b7f26f,False
88cfffa2-1324-47ee-89be-e3ddf7d65f6a,False
df40fe04-54cd-47b4-967f-017d9aa03078,False
31274148-7c7c-404e-8422-d03ef29a6339,False
e552d0a8-b66f-4507-a588-b999971eea39,False
0692fe02-238c-4712-accf-3b91e35209a0,False
92fcbafc-4501-4390-b249-c3c8a18e1a64,False
b8e19f56-8787-4a21-8448-2a220308aa5e,False
81a4dce0-c800-4f5e-b139-c12d3881efd7,False
f1da833d-1550-4390-b4c0-db3e666a4a82,False
7d7ddbed-d284-476c-ab88-f83dd97dc9cd,False
96ef2ad6-b97e-4703-86c8-adfe7bf47042,False
865a7766-ad8c-4fea-9e4b-061eb45e9463,False
469ff562-8052-4405-ba84-bb5ffa6e3743,False
88f4ca54-1584-484b-acdc-1cc03fa60025,False
1df05d18-4e2d-4255-bd13-1a3d1e2c2e7d,False
bad4f3e0-3b52-4525-b230-b85b27d81ea0,False
8b991282-3075-49af-8e7d-765b634c25ea,False
6fcc57dd-168f-4e12-9ca2-60c9eb7607c9,False
114c440d-675d-493b-9473-6d379e12d7cf,False
fa82f65d-6e1b-4be2-8a20-8c075c8aca1b,False
b8d49cf2-1c9d-4bd3-8aa7-8357c0ea7a67,False
3da34aca-1e07-44a8-828f-d8cb80189536,False
877bfb50-14d0-445b-9257-fa5d9fa4b54f,False
4ecad266-3f29-4615-b178-0077b96a33aa,False
0b39c366-3319-4ce0-a2db-a98191cb87c7,False
5d42b9e9-692e-47b6-8b2f-6d5c700b5d5f,False
1758d47e-a7cd-4143-ade2-14293bf0d9c1,False
6f8963b3-d5b5-424c-bd9e-599373230f23,False
6b6a838e-498a-4d9d-8391-59b8c145217f,False
f0636972-c737-427a-9e34-106afa902bfb,False
ff9558a3-8d1d-482e-8e6b-24396a1e5d9a,False
80851d53-2d82-4b6a-89bc-819e9d180608,False
720f2288-0760-4502-b39f-51c3490ec6f3,False
902f3465-0b57-4720-9cd8-758ba5a1c825,False
418860b9-2d3e-454b-8799-c04bf71925ae,False
24812872-e704-4b7d-a4e7-13588fb6002d,False
adc1e2f7-5de4-40f7-97f4-d848fbd3d538,False
9b0707e5-f68e-4e81-adf9-568bde0bde18,False
042b03ca-75a7-4686-9632-1d31c8acffcf,False
562e121f-e5fa-455d-9320-8f77e5bdbb3e,False
63bb48b6-7311-41a7-9122-06a244190e59,False
1f08f855-8d85-4df1-8309-4f28fe0d40b4,False
6a961ac0-8651-42a6-8fe9-17808b8c6b6e,False
12fe28bf-81e0-4489-9a18-e2a30e614bcd,False
1a8cf13c-28ce-431e-9827-4fc3f1458426,False
1d9af659-82ec-4f2d-bbf6-e16f9b3080d5,False
99f75c76-2bcf-403f-b3e9-b99b1fc489b3,False
ef252aa8-44a9-444f-a10e-193140686515,False
dfed2c43-e256-46dc-8f54-86b7c7b5b2bc,False
9d470a35-c816-4c27-bc3c-4c2fa40e0199,False
f1f97ce9-d8b3-44a4-8bd7-25f2ec66f55e,False
3c48c936-4305-4a31-b9e3-89054a4a15ea,False
fdcdd45c-53d3-4d79-b632-090ac22664f4,False
046a0df5-cafd-4613-b2bb-912d7da67785,False
e5d20eae-5104-4a0c-a650-8af4d9259a4b,False
5afa0fb3-5a16-49d9-af2f-077358c69158,False
79ba19db-6be1-410b-a8a3-df6e02059f80,False
baff361a-b37e-4c41-9a62-75f5cf590b8e,False
795e6f2b-0247-4360-aea4-a441c47fa57e,False
9ab2b735-83f0-4e7d-9faa-8505b0acb9ba,False
f8d78cbc-5a5d-4cc5-9f98-2a0dac184ef9,False
960f96d9-051b-4698-8463-299a2ba321ef,False
c55523ed-fe89-46c8-99cb-3540643ffdae,False
4e2da257-8074-41ed-8ea4-ae7336955a61,False
d0b66c10-6bfd-41bc-9a93-03eae75ec164,False
7c89617d-32b1-492b-a263-960ab43c6fef,False
bca83a82-7899-4035-bddf-8484f0c44ecb,False
f90fb6e4-e150-42f3-9195-8000c3f38c8c,False
2285b2ef-cfbe-4fe9-aea9-c542a1b970d0,False
4a1dab32-6aed-4dc7-a3e0-5309b5a1b949,False
ddef6430-845f-4d5d-ac22-919cfbc07564,False
62e38426-06fb-42ac-8342-adc9df09451f,False
f5b79271-a10d-4956-8634-caf6950506dd,False
ce7ae7f6-3982-4cff-8f77-a665ac3c5640,False
2212b446-f39e-4b73-a24a-7b893f22cd74,False
7c781b98-9f32-4d3e-b358-206db49bc1ef,False
92ccadb2-8bce-4c24-bee9-58ac77bd00de,False
1f7bd82f-2345-4e72-91b4-856255a8d6a1,False
f5e1ab65-8bd2-46cc-b1cf-3224f0cb8112,False
e522266c-393a-46ee-a2eb-4a7f7ecc492d,False
a9eb0bf9-850e-4d30-a055-adeccbebb43f,False
5532a5c2-233c-490a-a280-70d140d1bc31,False
db95e988-3398-4604-a9c2-371e71836f01,False
a46b6fce-e78d-447c-bd87-703472173fa3,False
b11c7dff-b1dd-448c-b9c9-1e00aaf8e1d5,False
20572e73-cd19-4b5e-b5c4-3078197df05f,False
8486b704-0211-46ca-b863-af2d5e6ba460,False
2280229d-9d1b-40f5-9fc6-1eb31c534b87,False
014b069c-45ce-4149-88f0-06a3ad9f0e53,False
7ec59e55-1b98-467e-8cc8-8dc68127a367,False
2036971a-323f-4f19-923c-c117da1a9b09,False
311f5d4a-c258-4de2-8f26-54892ec75a83,False
8456ce4f-7706-4136-8788-17ecc764032e,False
362465c1-0dd8-463b-b6a2-bf6979315fc6,False
7414e3e1-a387-4e92-9362-0119efa9a0a3,False
b465c027-2dd1-445b-a454-a82a6d2cdbf9,False
f11b9c1b-bad1-4fe7-ad46-d087c77afed5,False
dc32f8a0-6a75-40e2-8e52-309da46a07c2,False
9099a283-eedb-4ce5-a7fe-cdcd2528b516,False
b98b9459-7d35-4e60-9f45-a6d06af9e1cd,False
d5d9a385-2bb2-4cbc-9c79-4cdb74c88361,False
e729b06f-a5db-4ca3-9630-202155afb783,False
268b84b6-3ec0-4285-8bc4-ec0ec2aef674,False
913a1734-ccb6-4571-abc5-35452e6d7a04,False
6ab62dbf-8663-48bb-aaf7-895bb241cfd3,False
0eb5e5a7-98f3-4640-b6a9-e3e3b62bccb1,False
734bda19-c991-46cc-94a6-368b71d60744,False
6d658f44-6928-4f38-a469-db2c1e8343bf,False
0e165b12-9bdc-40d1-9cbf-7b8c74102d5d,False
69c718ee-aea4-47d6-955f-a2f45fa9b21a,False
44d18524-cf0e-4567-882d-7fc1be3074f8,False
816bcb9f-7426-4193-8b7e-6b3c87d292a6,False
a6e997ae-d909-4489-b229-29b66f246189,False
eb22ec1d-4df6-4f4f-adf7-92ffe9c7c13a,False
3985fb62-17dc-4eff-a872-13f98d605936,False
24784b7d-51ee-4cc8-9947-4d1a63d316c1,False
24c4e6ca-8a66-4d77-a049-315b00938d5e,False
ebf484d0-ce6d-49bf-bc63-3d6c6eaf0a90,False
79dd7b95-1558-4c6d-b120-3b7a1dcccf24,False
7d8f2350-31c7-4a44-a4f8-f226830481c2,False
f80590f0-0249-4a09-be3b-1a40ca0553a2,False
761eb7e3-f909-446c-ad47-de92cbf80a9f,False
0bb5c276-abe3-47f3-8066-703846dfe43f,False
fb38bc6c-ae6a-4c48-88c6-a7ed06a574ec,False
bce4808b-2b5b-4e12-a06c-e216b54a126d,False
e0099d7a-ca22-4c56-afc8-503c7dd43e50,False
7859d906-e78f-480a-b31b-c38a6173a99e,False
c4bd9b59-7fd9-496f-ae5a-88566791659c,False
c7b611cd-1417-482a-a1ad-018a93875413,False
846a4a71-c84a-49b8-a08f-ae0214013b99,False
6e6aa3ec-4378-4e6b-8d3d-dee3cdad54f4,False
7701f7bb-7bc6-4e1f-864e-e6e389c5b31a,False
c1c4f618-7925-47d5-bc65-a804ee9ff73c,False
d2bfbcf2-d709-4cc3-8461-a44d20f985d8,False
42f1287b-bf2d-4fcb-a319-3bf6faa855a6,False
233e8b97-ded7-4bb9-b454-ef982712cefe,False
b79ee140-1844-4abd-be41-635f150a5643,False
6d4772f8-d46a-47af-aa73-6a676c461d48,False
85a33467-b110-4489-9022-c8a1042ac25f,False
290a8303-e1c6-47c2-81d8-93a5ffc7aba2,False
44fcc054-cfc1-4689-8953-4e152ea37b78,False
53133ea1-0c3c-400f-88a1-34aa722d8397,False
4e8172da-4a8d-4853-b6bb-cd585cdb7eda,False
3a21356c-0fd6-4618-ba6b-295caec9c199,False
f6fa5eb6-51a5-4b4e-849c-00424efb4227,False
fb9c7376-9232-4c60-bbae-eb8eed569361,False
79db7862-8d7d-4772-a08e-2f5c61177270,False
4a658a7d-c1f5-4014-9fa8-81b0c0133339,False
47802d60-968c-47f1-b8f7-ef4882380358,False
14eae37c-67b2-416c-861e-a8aa11baf616,False
a0c69223-c435-4252-b19d-d940838cc137,False
2320de16-15ac-40e4-a2c2-3308fd7ee75c,False
6c4c450b-623a-40fc-9326-7d25234b4562,False
fccc1a7d-3a1b-4a9c-9a07-f08e8a9fa5a1,False
2448ef43-1566-4d1a-ad15-420ba2bc6715,False
10fd7164-819f-4393-82ce-ef41b2cfba8b,False
9a86a2f5-415f-4099-824f-8429b43d4bf9,False
7f8a1fca-9ef1-4e4f-a2f0-77e330405cc4,False
0a5fcede-7a23-41bc-8d36-192983373b02,False
9a106a52-6408-4ac9-bbf6-76af7537e85e,False
9ea6ed4a-04ca-430a-a207-db202f7f2cd7,False
ffb1c192-15e5-4e78-863e-9bb3f37296a2,False
fc8d5b93-a2a2-491f-a49b-1cd99082889b,False
c87d01c2-92e8-48b1-9e00-3828d5935e79,False
481186e9-1625-44ca-9b47-e6394d2551eb,False
b64fa54a-8c61-4654-95da-75c1a21150f9,False
e0f3ee66-59a7-46e4-a341-89c5405df186,False
aad74fe0-5f48-487e-a0e6-60c2b477caf7,False
94340a03-3f07-4814-91d6-3f78e3e9de99,False
d5108bc0-2f9e-4ddb-b302-8b32230da680,False
2e58e57a-4b4a-420d-a6f3-af262cc6c3c2,False
470367f7-5beb-41c7-977f-199a374e6538,False
24ce1460-ef5a-4491-953d-165346641858,False
f200c261-4d29-41ab-b455-12f701f7c7ec,False
f70fdc0c-a085-4f47-96dd-b15968473103,False
61208478-6f18-4134-b618-5aee62ccf3b9,False
fe9d21c3-c5e9-4866-bbbb-dbd132d48c82,False
9a760ea9-b063-49a0-9393-daad0835075f,False
3242f61c-ea3d-49b2-8319-8f412467f4a3,False
4aeeccef-871c-4a58-9334-dce93145d4c5,False
2ae2c9d1-365d-495b-a707-9421cfd2be23,False
dcb8c9a0-d123-4280-b26e-df2e3a37b907,False
33dcd09c-a8cc-4023-a43f-daf08a8016fe,False
59e7703a-70aa-4b0d-aa03-8ad4a667b982,False
2ab8bd33-911f-430b-9bff-00b07fe670f3,False
3a0e618f-428f-4941-8a0d-72ce2bf6f6c4,False
b9163357-4b1b-4f3b-a217-a6df21939b93,False
17caf26b-cbfe-4d65-a23b-34635f6763a6,False
318c6ee8-f1c8-4a37-a3d3-59b81c84f34f,False
cc876b1c-a987-499b-bd4c-938cd76ac5a8,False
37abaed7-86fa-4a83-b651-1c939a0fb0b8,False
0cb68029-3276-4b75-b2b9-fc5651f37a1f,False
402913ec-9ef2-493e-b0ac-7d7ba2f963a3,False
5832c8de-521b-48c2-b0c3-ef8a592ab43d,False
af194390-1c28-4022-880e-6ddd1fe72d21,False
9e15ebcc-66d1-47f6-8659-010a4ede79b6,False
55af47da-31d1-46cb-a450-dd3c01521e60,False
eb1bb47f-4726-4e7f-8c05-e009397bfdd7,False
f27f3ad7-4890-4b6d-9240-ef02a9681fc1,False
a84554c3-a3f6-4c61-afb7-0dab2f383b43,False
91b0e1d9-9d92-42af-ac8d-0e44e71e43a6,False
e595e3fa-e182-48d2-b681-db3f1cc41c62,False
39a90a45-104b-4372-816e-a5c24ab3c590,False
829d03f5-567f-4e50-b4c3-13eb7e225d5c,False
bac043ca-96b7-4f15-b249-848c58810e2d,False
ba108217-0ad7-49a2-b277-16ec59fefbbc,False
9118c400-e336-4243-b139-c476de3ce88b,False
6e15c527-fe2a-4cbc-927a-e04ef58b8c61,False
5b69a9a8-f8e9-4d27-9c3d-bae4c1315e84,False
c3f9c78c-af70-4164-bf16-44542685602c,False
6cb9b655-f704-4d14-b235-161506beab4a,False
2dbb45bd-2138-42e6-b013-a170d5cf3b4c,False
33b70b63-4bee-4160-bfac-89fe5fe0c7c3,False
21a496a8-638b-4370-935d-1936d7d2f88f,False
6cd6cedf-52df-4152-88e6-cd4b4febaa0e,False
2be26bd1-17de-4ce8-8dfd-3ecde50dede5,False
e36345fc-899f-4cfb-af6f-5d6a09ed1c7c,False
f7716700-7305-4d23-8fd0-b040d5916d49,False
743b9f71-7807-4947-82c2-b367c74d8df0,False
10f35676-5a85-4cd8-8bb8-6be0e355e636,False
3b7039b0-789a-4f00-9933-ca27a0e85f89,False
2a96e1e2-7194-4ae2-99ba-d7aedf615a5c,False
fba13732-aa4d-4bb8-b5ae-d2e97ab3137c,False
d03bcbfc-dca7-4284-b230-7c2230c7809b,False
68edeed7-6f72-4a94-bb49-ecf3b7f8d284,False
bb20fea4-bc89-42fe-83ed-fa0e9d620006,False
398d1ca6-8b68-40b5-9d61-fac36cd5e859,False
41bb0e0d-8fff-406d-967b-6ea029451370,False
f151ff15-a46e-499e-ae4e-d89fd659d69f,False
9564a7bd-c5de-42fb-9d31-5c0b530f7e66,False
58d0202b-75d5-4115-9ce8-b890cc6b3a6e,False
98cf1188-06d2-4913-a117-3719b023a0ea,False
9a463e70-3204-406d-b61a-84b9cec74f48,False
1093a05b-f26b-4379-ab32-dc3a03a4bf4b,False
74962764-12a4-4ef0-84bb-b7a9d98868dd,False
2b10a823-d777-4933-adf0-1fe06d572692,False
89131a4a-c5c6-4d8a-a022-7afc4ba82162,False
5aac72b1-77e7-4d81-9b88-fc72b66cdb02,False
386bf5fc-9b52-4a4d-851e-4fe83a6570b5,False
404f04e4-44b0-4797-9fe1-271fda3c3beb,False
ae50f96e-7760-44f6-a5aa-620faf7ead9e,False
ae372e39-af39-4095-9461-1ef142bf18d2,False
ab6b3f08-a9a0-44ef-ac4f-54163c749c16,False
6e89a7a8-b68d-4037-98fe-3fb8a1628abf,False
2740a29d-f7d7-4510-bfa7-2ae11139dd0f,False
e5ecb9dc-db2c-44c0-aa42-79c3fbbe0e9d,False
61af0e8e-d137-47e1-8005-353dd76f1e65,False
1deb979d-8d0b-46d7-ad91-f45623b13ebd,False
0e913294-e3a9-4752-ad16-7ec3505f7c6e,False
a7ee2f23-9e31-4cfd-9f09-87e9259b5aea,False
3f8f9da4-b98a-453f-be85-44e1c1b65800,False
96d26487-641a-4b74-94c9-3d44e353a243,False
c8d57717-9055-436f-8aa5-f9d3335f2f59,False
6a9f687a-d04f-4197-94c0-df2891b5fcb4,False
aeb00fb9-26cb-4e99-a945-e93a4a454398,False
f5f30d6e-7632-44d4-9866-177e63abd48f,False
25e050f6-b273-493c-9cad-a48a46a42ee1,False
f4c621ef-e80b-4c7a-9c3d-ae7b2a630401,False
98d53cf5-4afc-49e8-8c47-6b726e310234,False
a4d546e1-7239-4201-a768-7c42b3468999,False
32f194d8-2fcb-4dce-86de-e37b7d15c353,False
372f5f47-999f-4691-b4e4-20bfdb38f306,False
ee403b9f-27b2-45c1-b6b0-d0b9afad328e,False
5a947a40-a32e-4ab5-8802-d74aeaef2ec2,False
cfbba84a-80b5-4013-bf29-c9e75601f6a5,False
4eba12da-4d20-46cf-ac0c-ad5ce2095271,False
a34321bf-7aee-47df-9bd5-5037f7444596,False
bf5628b9-30eb-4400-9d55-8095e6c75732,False
59875c7d-0151-4cb0-9b6f-1a9e5a98b715,False
d06d3943-c8b3-415e-b664-704355c9bf0f,False
cc351e4f-703e-457f-b5ab-8466b5578b00,False
ab310bfe-f5dd-4f92-a9ea-a9ffbddf2416,False
ef2ddcc4-8df6-41da-9f07-c1a5dfc620ce,False
8a257159-3d17-4879-95bd-f39efb334e61,False
e2aa7a5d-278e-400d-ba02-66efbe055787,False
7ccd3dc0-740a-4bed-9323-8affe1e538a1,False
7a0ffa86-5eac-415d-b274-2e763b6becb7,False
d7a998ea-ef7c-4b39-a83e-deec92455468,False
108d692f-6fa9-457c-974f-e6687f441add,False
01910880-0f5a-4a7c-be4d-b9ea636404e8,False
de952d1d-dcbc-4e3f-ab90-60cb02381c49,False
570e5af5-f5ff-4705-9a74-a05688dd44cc,False
35adde88-43e4-4668-82ea-d2df725656e3,False
bd0443f0-7027-41f1-9ef3-6d4d9d85aa72,False
a2607723-17a0-4f49-8d01-280fd89a40c0,False
e8c44e4c-5ce1-4cc2-96c7-02a1a3e2ac17,False
7e29bddc-fd5c-474e-8778-dbe69b29f76e,False
e835f080-d951-4f98-a79f-2f429256d707,False
95ca788d-d6bc-4712-aecc-a931ef705d01,False
203d54c9-6485-425e-9858-f464c15da547,False
8a3c3b5e-801e-41da-85b1-ed25f1533ae8,False
8b418bdf-e52b-4187-bc3b-5ed72dd5b752,False
5e4908c8-290a-42d2-87f9-ee879f35e95d,False
7de31a51-6694-4343-90ba-58e3d2762bdc,False
afd0c396-bb31-4aeb-88ce-14bb7dc63851,False
be9dd48c-bbc0-48ed-b2dc-80ee0447b659,False
335dab46-85b3-45aa-8f54-6781a0733e57,False
21351574-4adb-4f79-bf82-bf843e86cc14,False
ba65983d-fa33-4a98-a3f2-0557a2e2d1ca,False
bca37653-50c7-4baa-aa3c-6137e48623dd,False
4f848c31-7954-4f2d-a819-d4b9b1a6aed3,False
227763f8-fb63-4b0b-939e-a196aa386ce6,False
c17c2577-3de8-4a53-8e7a-7311f33a72c8,False
74650ff9-f014-4b87-965f-a125eb85105d,False
cd98f9e2-8d88-4beb-890d-9655db842660,False
b8b75626-b805-4666-b16f-f4f50fbfae31,False
506a8dd3-0b31-424f-8858-35db2e3b5fd6,False
105dd35c-7d12-4b6b-87b3-d329cfec1804,False
4667b057-7387-4e41-bd79-f8b612d0ff7d,False
c9e55c47-a237-48c1-a1f6-dfbe114b3c79,False
a9129abc-cda1-426e-a17d-b91d07059d15,False
bef6a59a-c186-4221-9030-56b79e4c24dd,False
dbb24c33-a045-4992-9793-30f16f8fd55c,False
1777e8cb-7468-4b98-92fe-2fded918b3e5,False
9fb30a4d-c071-4a38-bffc-4f097f1464b3,False
76435b4e-1508-4aec-8079-3ca3c73e54ab,False
94e74f26-29b0-4b37-8271-0779d864465a,False
67c3bd9e-2f54-40e5-899a-5349cb93dab6,False
e6b9f3a3-96a0-4726-a886-a9fc60beb85d,False
d9ee9678-8112-40ff-aba4-646336c9b657,False
86cac6f4-e238-4e93-bd17-c5e8d5ca69ab,False
647dc392-9c7e-4575-a37d-dcd698d3148b,False
b75d2f0c-472e-4f3b-8f9a-fd511a58fa44,False
60b759a9-f88a-4c64-974e-bb877ea413e5,False
38f1f1ab-cb17-4945-be88-f8e4143dbd6c,False
844e250b-e684-490c-923b-78208089b8c5,False
b4b2ce14-49b9-4124-a30b-d3b558fe7bd2,False
5b29317a-6675-45e2-b177-3294a4d21eae,False
48ef30ff-3087-47b4-9c54-956f32ce93db,False
5a878212-7988-46f2-a5d2-3d4112a1720b,False
3ea426b8-3f7b-46ec-85df-f8e291136499,False
8e52fc42-73c3-44a6-9ac7-26b667863fb3,False
40e07e0f-7cfb-4186-877b-4fffd114dda1,False
a6792090-5160-4305-adcd-8d4318ecae05,False
222db2cf-bc34-4d5d-9f9e-14257a7628e6,False
4f4cea72-e493-4415-aa4b-f5dc0a599c13,False
65f17e33-29dd-4229-adf4-e3876bf6f2f7,False
704532d5-2070-43f0-8e80-ea41139cd2b0,False
4b2ca54d-5343-4238-9694-c02c4ebd9823,False
0843280a-07ac-43fe-a73a-366e43577225,False
db5ed35a-2268-445f-b0bf-17838966f42b,False
750acc98-2cbf-4769-86a1-a468afb3e3ad,False
8b6daa25-1a52-4aa2-8b66-0bcdd32e4757,False
6e417d47-5ff5-45ea-9bc4-40f14b1a269b,False
6f887f28-3e49-4d09-9b19-d8b8d8302081,False
848af440-7fc1-4858-afa0-d842bc55300b,False
cd4f75e6-448f-4dbc-8f8a-ce7c1084061b,False
5c11ab6d-42f5-43f5-8ef4-c34d5bf86f3c,False
23e2fcb4-72d8-467d-894a-05e430b187ef,False
462e9af3-9962-4263-aabc-42b1059997f6,False
90b950bb-5e9b-4a6c-a0cd-5bb8dd357f0d,False
e6ef3a0b-dd1e-4932-b5cd-dc34920ee451,False
060072c3-ea7a-409e-a77e-e2a9853b0173,False
d6d24227-2d5c-4a61-a302-1daa5ba3a49c,False
5b078b11-1896-4587-8e6b-bde0ed0d6017,False
23763f57-852c-42ce-b337-7b9ee60587ef,False
d5f0fb6a-4596-4a75-b4df-b83ff659f188,False
c6e9c9c4-df46-4896-8dbc-3b08abc9fbb3,False
b149324b-a064-4c2a-82ab-856599a2186f,False
fae91634-3bf8-4406-b89d-2267b7c25d94,False
ff1b654d-6c65-459d-a2ef-1e217fb32568,False
4052e3a5-66fd-4215-aa10-7fb733383ec9,False
b960df1f-1715-4d76-afc1-aaeb340ce8c9,False
a3209116-222d-46a4-8163-b6ce1877bc06,False
56c890a5-6538-4f11-a676-6b0a3b9a3daf,False
77d2b94f-1478-4c9d-9503-0b43e3c7ca9a,False
7eb3a98f-de7a-49b4-8271-441846b1654a,False
1c82780f-0e84-4070-914b-30a9f6d4461c,False
e53e5f4c-6c7e-4a2c-867f-358ba48aa108,False
6c5540f0-cc9c-441c-8696-99010ddca788,False
ec50ace4-80a5-4e65-afa2-855967c96204,False
b7f330ad-c4d1-4310-a40f-92a4a77af8cb,False
a3fe085b-81b4-4b37-a98b-4ff499ff70c6,False
9e181620-5f27-4ee1-8b07-9752a93429ae,False
7b011fdd-94c0-49e0-9c9c-4570bedd62a7,False
a3a22f35-b9b5-43c7-ab1e-fddc0d888933,False
f8f58a26-1924-4644-af52-7666b23909f4,False
2e3c7679-6dc2-47db-9763-7e6ccd87a06a,False
ae8e8200-c5c7-44b4-88c5-3b179733b490,False
bdb58d06-2621-432d-895c-167fdfcf338c,False
5fb8944d-de00-48aa-8439-6fc0c26e2706,False
403fd582-4ccf-4a4b-bc93-243ec90b9454,False
b33d9c7c-4e73-4dcc-8664-82ee6844a0e3,False
4572b385-9e32-4085-b24f-92b9ca0841de,False
8e484bc0-69c5-4d69-ac6c-db5aac367cb9,False
1f2da344-a359-4667-9971-4b2bf3533e8a,False
7e83e815-9375-4195-a5fd-72f4fbb61ff7,False
3ed1d8f8-153d-4c6b-9790-834b8b3236d6,False
3098f7b2-500e-45c0-b89b-df7f93e34c35,False
0d86ff36-f35d-464d-866d-8ac168f65558,False
7f8736f1-93f3-4702-81e6-ee9a9ac55023,False
6577e64d-4d4e-4bd1-8b33-e3c6a62989b9,False
0b4476b2-0ab9-494f-b861-7ce964f75c10,False
23d7e6a1-19b8-44fc-a587-1d8916312fc6,False
65924c9f-2971-4f1f-bce2-6218cb763127,False
5c3552b3-9437-4280-bfd4-67e77491050c,False
ab987d93-53bd-4128-a2f0-6403eac97d37,False
5526db8e-922f-4bcf-8501-e79ef1204008,False
84203c0c-51f3-43e6-a126-180ad586cc32,False
bce05a63-197f-4b8d-879b-f5e62275b1e2,False
ff8bb891-1b90-4e3f-a5ce-5ac51e22c6b2,False
fb66bcaf-47be-40eb-836f-ad3831286dc8,False
9d7d1756-3b4e-49f5-b2cd-9a0a840c5cb0,False
5da55873-5e85-4364-a426-f2e5b5eae220,False
d0d14782-421e-4ad4-b226-f24a230d27b8,False
3881e713-22be-40bc-b7eb-178670f7cd82,False
c2ce56bd-8301-43a6-849b-50bc05e5d461,False
74bd0c93-8177-4661-b7fe-032c02571851,False
f9da4f55-bef9-4394-928f-af652f068e12,False
03b68657-4777-4e21-b677-a166d644e9ae,False
f2491816-154f-4eb4-9316-7cb55e7e00e5,False
e660a8e0-8b13-4689-9ef2-a148209515d5,False
0d722918-1db1-4e86-91cc-c8d3c1676505,False
ac0d8818-8349-4078-bc4b-2732a170920c,False
8d8f2868-bded-49cc-8e10-7ed63b046707,False
288f3435-c3b5-44db-9387-03c92b29bf36,False
abf89388-f254-450e-bde4-71bff8655d61,False
4d579d00-cadc-410f-9228-130ba64272a2,False
b944e469-2ef6-4152-bbc2-ede622758233,False
294d25fc-0553-4a50-afac-c50db2904e73,False
5a8258cb-8d78-4a9b-ad87-adb64448cbb9,False
c693da11-39c6-41ca-9e50-aa42ca6dfda1,False
e7574997-8458-4f73-b0a0-c1cd0df6c527,False
0b9d55cd-52c1-4256-a5b7-7f49a5b95c1a,False
8db7c020-7e8d-4bb3-b932-b23322c1d7a1,False
10df8c94-7b41-43ad-8199-673b5f8635af,False
c3c75611-ffe3-4a49-854f-92fff366bad4,False
e9058f29-731d-46ec-a303-2bd49db564b5,False
2207cb65-b197-4ed1-857a-e3fff8ed08ae,False
d8d994b8-d90f-44e9-86dd-f6cab0c30a59,False
05d86c95-f20b-4199-a8a5-7ee7bb6e0d06,False
f710900b-d3c1-4e3f-8ce7-db3f625966cc,False
12b3c5eb-4198-4029-98e1-d54cbc715183,False
407c4370-4886-474c-b9aa-06f5382bab11,False
65d8350a-63fd-407a-9c7f-9aef3403bfdf,False
d25ad576-ef0b-443e-bee0-47627168bdec,False
5ff3fbbf-6880-434f-8ac5-a4c6c393f806,False
27b608dc-589d-4cb0-b5eb-89c23f5cf2f3,False
c8c67501-b45f-452f-b349-3fec37aa530b,False
f7e47c8c-9628-4429-8a81-870a1ecf8aec,False
236603b4-53ae-422e-9147-b235e537cd52,False
33a51ac6-c461-494d-a09c-fe40c5bca449,False
3f87dfc2-1591-42f2-a505-da9c46e75a2c,False
b0427c62-ce9f-4278-9f94-2c43b989a884,False
40afbf3f-3df5-4967-8d86-70bda2224f96,False
4c4b52aa-0ef9-4903-b69a-deac06f4b0ee,False
439db29d-4bc8-4c16-ba2f-bd74fd1935cc,False
b0b862ef-6c9f-42b9-b647-8986a3917c99,False
c172494f-9eae-4feb-8f76-a282bba04391,False
18e9ef77-64ce-4589-8c4a-62badb335860,False
30a5648e-efe9-43d0-b639-08bf03ece8ff,False
85d0691c-33cd-4d56-843d-72db1bcb404c,False
8f158449-4f40-422f-95b0-2530f020e992,False
964d9921-41f9-4f45-86b5-dd45d41a4093,False
725aa10d-63fe-457c-a5d4-ec1951fc4c23,False
d8718196-093c-4582-837d-f82ef0a4be8a,False
a13a9da2-94e7-4b2a-b434-02ef44cfa6ba,False
b52c4358-d4a8-445a-b5d1-d77614c08f6d,False
35b33f54-2513-4cd4-a5b0-15b44a84525f,False
737cf8b5-6356-4add-a85a-9f2b4236c0bf,False
1a1940e4-935f-46e2-9b2c-1379b9d859f5,False
f75ef2cf-153d-4754-b086-424afbfbd9f9,False
3d0a5f0c-0c39-4ec7-9f31-74054d183eba,False
4feeea91-8003-44a8-9c7a-b4e3ee8b09a3,False
4a7d6fa1-1d9d-4b86-8253-fb27393aa0a9,False
503b4078-a39c-4ec6-b746-4c02871854c1,False
3082d7e6-e6ac-4778-97b6-e0a34730b04b,False
fcce4fb6-fd97-4595-a6be-21e57ac20f0f,False
6a45d1e9-511f-4533-becf-c0dbbfeb32a4,False
565f2ea8-0a03-48cd-870b-230ceb044ecb,False
752caa97-b60d-46a3-bc19-8515208b326a,False
b66e58a8-7642-4a9f-8dcb-48113f1ad220,False
4dc4f59c-355c-4fff-9ffa-7dbe63436870,False
2f592f3e-1bbd-4513-b0bc-76c4e3fa6893,False
e67093a0-fc48-4615-83b0-b35cdba6fdf8,False
3e245fbf-fa69-4cd2-be23-90f3e7bbaefc,False
dfc8e060-6362-4509-b919-e3be12aebb0e,False
7b814ce1-b22a-4428-b11f-4ae4233731e0,False
59e849b6-3a05-47b2-b35a-ffe566c3f832,False
26a4850d-1a6b-48d2-8ad7-5ebe91694fbb,False
e3d21a33-8d3b-41df-9672-67353798fc80,False
3da325e2-bc46-40bd-9842-20f1d3105f4f,False
e288109d-b8a9-4014-a4dc-ea0704056d2b,False
2d79a2d1-506e-40c7-baa0-61e9336b00cb,False
910c4cb7-25f0-4b0a-a64e-f59d6a18e5af,False
f6295eb4-667a-4b91-ab86-08d1cdac6327,False
7936931e-9771-480b-b768-c85bfee3dbaa,False
095ffa81-40d9-4bce-b930-ba208b040f49,False
5d697934-ddeb-48a4-b75f-dd572700260b,False
13325c31-d010-418a-aadc-9960424211e2,False
e13f8740-bd74-4fe0-b808-8e14b9a01137,False
4008d4da-a819-413d-84fa-84a427d764ce,False
a91decb2-51a3-421b-b4d1-183f76f8ef17,False
c22c9037-703a-4746-a22f-38841f9071b1,False
a684b83b-1e81-4599-a483-8f5b42a5c37c,False
eb67a72c-8ee0-414d-9e2a-7affabe5a807,False
adc4b86d-a180-4e9b-9767-370097e3ab40,False
4be318a8-0b39-4ccf-bc9f-3bc37210045a,False
c09cb506-48f1-496d-9c4f-fb4671b701aa,False
cb5d2b59-2ad8-40ca-83db-7a2e531350e0,False
b390b059-207b-4e21-a7e8-d18eddf6d4ac,False
ce0ed735-632f-4f79-af73-4c45f2f39f61,False
a2307350-5047-4a3d-a3c4-43f16010ab93,False
88addab1-d765-4a18-a4d4-66ebbf74531c,False
c680a2e5-678d-4f97-a614-f06ac81484cd,False
48998e5f-d40e-43ce-92a7-4a4144bed486,False
7147f758-cdbe-4548-aa65-66e8fe1ad905,False
5b951652-c11e-416b-a6d6-2330f5b19be4,False
e3082ddc-c9c0-4b7d-aba4-170b4e9d23e9,False
e10b1a47-7fae-4748-b781-321e83c501cb,False
62821d61-3fbb-4f57-b6f5-6f1cc4a531cd,False
dcadfda8-ece0-47bb-9835-9b4b4dfcf384,False
2cc09f87-399e-4823-a75f-58ba86052bef,False
b371d64d-fe87-417b-8376-bff9dd3a0936,False
5a744822-fd07-4913-a657-abb6b81f2807,False
c3093b6e-37e9-42e2-935a-c07aaa0217d0,False
3f6eed9d-23cb-4943-8a84-000350834fef,False
495743a2-81b1-4b80-a5e1-b0f5ca0ee8c4,False
c2b2547d-ac3c-4be3-bc35-b2747a57772b,False
03d33907-ce02-4d60-98ef-9a287f5da7f8,False
0f6eed31-8745-4d05-94e8-9dd00c4bc3d2,False
11c58ef0-dd46-4c09-8752-87aa5408f9ac,False
032a0c06-4f55-458e-8618-93ec82d768c6,False
272c7482-0002-472a-9130-38f51d5d8f65,False
fe914b95-a0b6-4265-9120-6a372703c75d,False
6ce763e1-708f-45a1-8ea6-e9bc82ff1dad,False
f5a98c9a-6a71-4ec5-a162-d1b7769ac892,False
13abd39b-b92e-4cab-88e5-dd93dad50f42,False
f0657d73-0e0e-475e-9b48-732fdbd0f097,False
ecedf328-e669-4d22-9d50-d2eb5ec74b9e,False
040ebf47-78ab-4513-a03d-b91863c279aa,False
46c79b36-fd05-4963-9616-af7e1057a002,False
317046b9-3080-4a5d-a2a5-0eec881af04f,False
0182144d-5b12-4b1b-8eb8-1b177cff07e3,False
f1bb5d9b-7499-4b6b-9afd-d46442e6918c,False
257f7595-cdfb-4db9-85e7-8b23f4613f09,False
281f45ff-53bd-4b05-9308-9f8bba345e82,False
f6febc0e-7ecd-4baf-a6f0-5fcffb16e5db,False
2bd6f0fb-ee3c-4687-b704-eced5b9df42d,False
1706c3cd-da44-4dee-94dd-bff40d81339d,False
4d7e6eeb-04eb-4694-92da-e5a7bc11733c,False
71305648-a6eb-4702-9e41-8884c9d0c0fc,False
980b6853-0c70-41eb-9f85-c2dd88e44a48,False
98cb3cb4-e2f7-47ea-8cf2-fdf8ec1f5d97,False
4a9f6c5c-7eb9-4e2d-b738-7270d424d9f3,False
2aefcf3b-43b7-40ef-82c4-1c54a8debd88,False
994d4c03-7154-44b9-b0ce-68ab7ec9ef95,False
161fe564-c438-4a7e-8b16-5a76f82c0c20,False
716ebe56-c19a-4b0f-bd72-8f735d3b64ac,False
1c6fec01-f57f-4bba-bfba-cf5fa576db48,False
c1b5b5ca-bc35-46df-94f7-9dbac5811d2d,False
55fccc14-31c0-44f0-a091-129b2f1835b1,False
a3b5cece-a446-4e72-b64c-911aa9ab364a,False
13a5893a-6b13-4d0a-9673-28bc55cf185a,False
97c6eb3c-cb5a-4c0e-9834-a40dbecfdded,False
bf733026-9664-4ca5-a460-2d314e9f67a7,False
e6e987ca-b87b-4384-9fdd-de2ea8a2b7ad,False
28d42725-f611-40ec-916f-b778ba8f3e6c,False
c09c2ebe-80da-4ed7-880b-cb0ec8ab96ac,False
22b5f457-1860-4d28-90af-b235ade68f51,False
51beb80e-b7e6-414c-9c8a-49225005680f,False
1b3ac54c-e31f-4212-9654-c83f62510f01,False
b43e9061-171d-481d-b57e-526c1627999a,False
444b9490-4edd-4cfd-b08f-ecf78e525adc,False
83a64431-d83e-4704-bc29-9c682138fe3c,False
4a9b0dc7-97e7-4b55-846f-c2131b87a428,False
5bd537b1-c35a-4de3-972b-cd8d67fec003,False
343c1752-3caa-431e-93d3-c72682d33948,False
b16d3da7-1d8b-469b-b8ef-0017bf89444e,False
7a3f4573-f16a-4857-9a68-990e2412e47e,False
7f527025-b3ed-4b04-a307-840278e6e25e,False
24c778a5-9b4e-464b-9716-dc2e343ada2a,False
cc02ae53-5cad-41a9-80d2-e1bee0ef3416,False
652b1328-422f-403e-bc29-c667233089c9,False
25f93ab9-5e5f-410c-af14-4dc6b9ede33f,False
07c0d116-a394-4d54-9e3c-5a886aa56e6d,False
30efcbd3-f3ce-48b7-b5b3-0874591c228f,False
c71d5e60-1d52-46ab-b7e6-427cbf780e3f,False
fe2181fd-73bd-485b-a7d9-20b393c379fd,False
abcec90f-70ec-441b-85d5-601651b3ccf5,False
1966d047-db64-4c52-a7e7-eec3ecd5afa3,False
1723ecdb-b058-4256-94b3-e8cfbfbbeab3,False
2449ea0f-5e6b-4e56-ba23-53358d759038,False
c55fa445-f09e-4302-b525-a4d983f023fd,False
9cb076a2-0e55-4d71-871e-b65c600c8bc0,False
a6fd0cb1-16e6-45c0-84cb-294fe86e8e63,False
9f690cde-7eaa-4a91-9def-d401792cad76,False
513be62e-d9ff-4acd-b284-03566d1eb9b4,False
04573e35-f4c3-459b-92a3-43b820e7b6ef,False
ad20c3fa-d501-48d7-90ff-14bf96b525c7,False
fdecc58d-73fe-41a3-bed0-24cbb6f37bd4,False
867772d3-ee7a-4de6-866d-fe25f31dde25,False
4a086284-b35a-4b1c-9625-583a6b32264f,False
ec814510-c42e-4fc8-9372-e80dee892190,False
37df8dfb-421a-4d96-b5f1-e04bc5fe21d6,False
7a71ce7b-3248-4699-92b3-b3eba247a4f5,False
668b179f-7e11-43ab-91cf-c46bc037c059,False
01440fa3-5fcf-4c27-868e-47b0d87db947,False
9f8d367d-6cfa-42dd-ae28-dccd9abbe46b,False
a03f137f-f14d-43ea-9faf-c17e92a2319d,False
649f7d88-8989-45ab-be2b-34d82db0728d,False
5ebbb87b-afba-4ddc-881c-597a9ba1cbe2,False
56c76990-7401-43c1-8155-aa51bca2c581,False
931414e8-510e-441f-be67-e8e90a88e6ca,False
db2d0fff-f047-44e9-b3fe-b7dea2e0f358,False
83601fb5-b45b-4ad3-b7d0-eea0211f632b,False
3c304193-d975-4f32-ae1b-670f67c2e684,False
897e2ce5-4fe3-4b6d-befc-5196512b4c10,False
1901ef87-0dbf-4caf-988a-3f87f96d40f8,False
a127dc6b-ab9b-453d-b5f5-c65410c2c2e5,False
accb461a-9d13-4363-9f29-4a8bd1846c39,False
b6697d0a-8837-4bbc-9898-06fd86912efe,False
5d7518d4-2e7e-4cef-ab2d-d056cf711c2c,False
6448a3d5-d576-4137-9456-e29d91c631cf,False
42d943ee-5197-4e75-8523-d4fd4b7f2183,False
a2da43a7-fa1b-4659-adf6-5800997c0dc9,False
5e3ece60-9ef6-499f-b3b4-daf34ad1d634,False
766ecb15-474e-4c19-aef9-12766c006f61,False
71f9b0e2-d270-4a52-98ff-d8ad8e1a3a51,False
4e653eee-251d-464e-9eec-2af44db9eacb,False
da3465d9-89cd-40e7-825a-2dd465333140,False
12a1fe7d-dfa5-4722-8a1f-c9df9a591974,False
4a13b17c-8d93-4a1b-a5d2-5bc33c3826aa,False
3810ae66-5a31-44cc-8d4b-69a99b689c88,False
4082cbb9-48bd-4b3e-a2f5-df2badaa44ca,False
7ab417d6-2975-4ef7-9d3f-904a5ca0678b,False
d9fafbb9-d8a7-42cb-8374-c273cc707551,False
3f569381-4119-4559-a5b9-de82ae5a5f99,False
9d37c5a6-bd8e-480c-923c-cd6417576cc8,False
47503f1d-c33a-4f6c-9d69-1fba5e187b24,False
092e9fab-2457-4251-89b6-7093d0fe42af,False
963d4606-ae6b-49de-baec-fb4c8a240d57,False
bd1116ee-f58a-47c7-8ccf-4130255603d4,False
cd6c78dd-d74f-4844-a50e-a3ec11d1e7d5,False
8a5abc61-9924-45ee-bc8a-fb1dba99267e,False
8da4afbe-1bf5-4332-8eb1-8cd30e9f52f7,False
cd853347-3457-4c7f-af5d-b99c85f3cb12,False
3d225c30-b28f-41de-bb14-0bc3304b8590,False
5bbf785b-9ad7-4864-bd9a-b6d97d3635b9,False
39a9a8a9-81f2-4a73-bf20-f661091d1643,False
dd7c5485-6c70-4048-9093-4c874f8ccb0b,False
cef44098-4d9d-4bb1-a00f-80d49d0a94df,False
00fa0eb4-5c5f-48d4-8df4-07b82751ab86,False
3487246c-21f9-4072-be22-eba1ad3d581e,False
8567c805-34f5-41c0-88c5-eb2a7490adeb,False
5c9deee0-b42a-4456-8736-5a84725e134d,False
a8350a40-0858-414d-952a-ed00d4aa826d,False
5aff4594-40dd-4895-9015-48989187c9a0,False
215bdef5-dcaa-4893-853d-1af98d40aeb2,False
887cedb9-ccdd-46b3-8c07-e0e386695d31,False
a8835c66-1eca-40c0-84c7-2b2ae598e5c2,False
03671560-fd06-475b-b462-931f966456be,False
725687c2-0e54-4d51-8c44-5778f86e92d6,False
bcb3636d-7fbe-4bb3-b0ae-d12de8f10194,False
f001e73c-f5eb-47f9-8f52-3f8a905cbe00,False
727dda84-8e02-4ef0-815c-e9f42e106355,False
948c7eb4-1cf8-470b-9e5b-2ad8b4732eb6,False
954e95fb-362f-4bc2-99d5-d66c072b50ed,False
2b5997f2-c447-4e3f-8525-c1b4f73c6a1f,False
bf3b1681-0e4d-464e-b97e-8bfbd3ec2149,False
c986f893-6bf5-4c98-8797-2916c0e5d883,False
82d29bf8-61e3-478b-b2eb-de4e95c4fab0,False
f61b2bfd-6c7b-4a77-b3de-6bc2899bef4b,False
d4e20134-389a-44fd-80dd-b3862790e92f,False
b3133c8e-9ec6-495e-a1f2-17be39f99c64,False
1b829ae1-4700-4de9-91fd-de63d8e0713b,False
466aa217-ae29-47c1-84d4-65dfa8d65147,False
c9f279a8-138c-437a-8c76-864ab61831c5,False
7249f62c-0898-4462-980c-b95c19d45deb,False
3b41c943-ebd8-43b1-8b3d-0c3617d09810,False
2ec46bfe-bd4b-49cd-8c19-e0ac418df073,False
cbc72f1a-cf08-4a54-b429-9924c0986750,False
0476444d-0658-45a8-b251-561eb43d9643,False
165effd1-c764-4651-bca8-72f2cd2c4a30,False
1b4909b6-5cbd-4682-a8aa-123650deef43,False
da2cf852-0a19-4939-9fc7-ab262cb941fc,False
e16c77ac-e69b-425c-a8e9-772b8fd7dced,False
5ed13afe-f006-496b-9572-fd4107d51b96,False
1d71f339-c448-42af-87f8-b6f13fdd0e2b,False
b21eafab-f649-49e8-9e03-2a652346f26d,False
cd14eacb-7da8-4631-8c6d-8ddd1edfc59e,False
80e9b300-4471-4067-a5de-f08e5a4b4fdb,False
3e0c5ec5-df74-4fb5-95e6-162f8efadaa1,False
2f2bdc13-b216-4b5a-9c60-57fee5605cfb,False
f7eae66e-ca6c-4f9b-8969-71018b2c550a,False
7e984064-e3b1-4fd8-806c-bd3fac334f9c,False
741a5b09-a63f-43ea-ac85-2cc75eb00e6f,False
3ae61863-a544-4d55-93c7-f140ea224efd,False
bf5e39fb-14b3-4352-ad6a-53cb2f991807,False
43b47ee5-e1e8-4e7e-a249-8f666e51484d,False
160beed4-0dc5-442e-a233-960a1b1e06c3,False
d147a0bf-2d7f-4e23-a29f-f19c29b50942,False
92cf6021-1f33-442d-89ac-908746015028,False
6b0ae0e3-9d89-4047-9d39-d7936257a4a2,False
fdce4f12-dc46-46c7-b93a-cfff1a2b2339,False
a832a228-8c65-401b-9521-e8251177fdd5,False
ee6fc3f3-ca5e-4705-91f8-0fcf03acc634,False
1a950f3e-bd84-46da-a266-04f3c9afd545,False
7bd50aeb-6791-41dd-8cc7-cda21f2f087d,False
08683cbf-aa0b-4687-9d12-4a2233d9014f,False
30307633-a6de-41d8-9258-17b7cf501889,False
008ffab9-38c4-4b38-a8ae-57b9c262cad0,False
a9d52401-41e1-408c-8bb3-fbb2fd6314f2,False
00c818ba-a210-4d25-b92c-5f423f203c22,False
11186c1a-8540-42b0-aaa8-2f4e4fc4e8cd,False
017cc74e-6f18-4343-bf41-5c985a8e8f05,False
cdbb6c1f-5a8d-485e-b7eb-a7e91dd07ec8,False
fc737d92-11ab-4d11-a4eb-8000ef40d162,False
5cc53673-d165-4869-bcde-b1c8b028bafc,False
2aa814da-56ec-4e55-aad9-e93dc3d0bde3,False
ed6f4ee3-e44e-4cd1-b8ef-a3bc9457f388,False
082bbc6f-b8bf-4903-9e15-00621ef70629,False
52645a59-e1f8-4b33-9b2d-5a2a99bd6240,False
9564d4c1-aedb-4262-9d95-b4d7570edab2,False
73d12f3e-5860-44f4-9f70-b9511038f676,False
0d0d13d3-779e-483d-b6df-223906bc0d71,False
d7a29c6c-47bb-4bb0-851b-2775dd7b99a6,False
8ff01845-0f90-4d63-a8b4-9b00c86768b2,False
397a284f-76a4-479b-bd67-34588f2d0b17,False
50814407-31e3-4608-800e-295265ec4424,False
b3ecb951-ab8c-4f97-a0b7-1785d02ce0c1,False
282fbcce-8e25-4e3d-a1cc-06e5a03a5196,False
cf0df860-ebc9-4914-9176-a9d19a3624d6,False
bd1a8f4b-88ff-4d40-bb72-c86d92fa675f,False
3a0761d9-0624-4bdf-b96c-8f79e983c62e,False
f5946de4-ad9e-492f-9b02-7f54ae5b4ff8,False
5639117a-1e78-4a02-8b1b-bb3ab6448d24,False
8d93e14a-5b16-4158-ba67-470c7d98302f,False
af001605-ae93-4319-a11f-98efdc3c423a,False
408669bb-4721-494b-88a4-ae21d9f850e9,False
1e92c0ae-d886-4de4-9585-3f0b6b691bd2,False
6522e8b9-8aad-4665-af30-141d3505c563,False
84c2f2c4-efb0-4e3b-acb5-0ab92c23b779,False
5c7ae8ef-c324-4e35-beed-cc6522cb2720,False
8ca33a54-59ae-4302-8ae3-297e34e24142,False
b1d8ea69-8eb7-4d02-abf7-c0281f978761,False
257c54bc-4024-4424-aef2-ab2f495fa2fc,False
18f1101e-8450-4864-835c-6c488b5c0140,False
29b2b32c-1f27-4a2c-8439-1819b97a08ba,False
c01ba459-ec7f-4c2e-bb00-59ff563bf6e0,False
bd9ed3fc-5266-4d86-a5f6-21818c1a6477,False
a962a21a-0faf-4a84-b5fa-99f24b851e26,False
366b3575-d07a-4518-912c-f322735e8153,False
ccc34f70-b299-4e18-a2c5-26ab6424fa05,False
2d8cc973-43c1-436c-9013-b7a3f4a29332,False
5fc97e64-9987-4384-a798-879be9a11cc0,False
f48783eb-939f-4536-a7ba-a3dd2c2bd5a3,False
849c30c6-dffa-48ae-8353-ac87ceb7138a,False
a2cd1590-58af-493c-8aa2-b4c93ba5bd76,False
9c678393-2ced-4c0d-b173-04b5c1dd484a,False
e2495790-517c-4dec-8d53-9417f5194ab9,False
1d181ee9-86ad-4a8c-abc4-123ebde13c1b,False
fa745761-6f18-4108-9723-199dbf2c14a0,False
5302e6e2-387b-4cda-b133-0766d11ce313,False
530a542a-8f05-494e-99a1-9ca8f3177bab,False
2e654dcc-8087-44bc-91b0-830f71c629a6,False
8bab9c9c-c026-4d51-a5c5-bce0dffbdc2d,False
3ad0190f-0dc5-4340-a69c-db5b207495ab,False
a87da2af-3ae8-460a-adaf-ea5450b9e04a,False
91ed554a-3fae-4f01-a829-0f3c86b4852c,False
702cdd20-2862-48b8-88f4-ef125e9953d2,False
bea6450f-0acc-423c-ba6d-bed8a110e887,False
6ab76840-f5b5-4c71-a3ef-5e69b61d56f5,False
79477aa8-0f1c-4455-871b-3b67d907a314,False
7ff5475c-d83f-4f4f-ac0b-fe69d0c29b24,False
161d6acf-1eb6-41f0-b532-1352b54468e4,False
dca21033-16ec-44b5-8f6a-d43f09536c4a,False
9416e4dc-c6b2-4def-b8d8-b7f1c86c6544,False
2d8d7db8-5bab-46cc-b0ce-f646274b8b98,False
2d56e616-130c-465b-be32-b1b41b679a64,False
958c9cfd-a783-4a8f-815e-38051928aae5,False
deaaacaa-748a-489c-bc1c-09a3b98d15a7,False
c7706e6d-1fc7-45eb-88b1-2a442dc149dd,False
48f89e30-5f39-49ad-9918-a225ff7f84ec,False
a5d04d53-1e12-42e3-b272-92b6762172ed,False
06905ba5-17e0-4df5-97df-85b33429c8cf,False
c79e46ae-551b-4d7f-a68e-43e1182a4ea3,False
e65664ac-9e54-4175-9b42-9d0e5a239f52,False
b2d7692a-eb70-4da9-8d66-d79dd0170108,False
666bd0ee-b257-4bf7-a439-680010c69c57,False
a28e0841-7d16-4228-b589-717e8275b18a,False
dd3ee854-5340-44b0-aa4f-4a80dc412176,False
323132fa-6181-42de-9b37-0ca76ea5e341,False
0f5c365a-27e8-4b87-9c7b-f8eb4969b2a1,False
31208bde-3c52-468a-8ec6-1be5012b809e,False
f8dc2c64-c4e4-4753-8a0d-9af8322c519f,False
3b53f64b-7cd6-4da4-82ef-da8b38048786,False
b506aa35-cfa8-4cc8-8dab-44287303f483,False
5f65c8ce-bd21-4c11-be9d-61ee18b87245,False
77ff3c31-c1f3-4837-8d78-3178c935a278,False
1806699f-b1ac-41dd-b303-343c300b6e7b,False
047dd583-9344-4b2f-bba3-16688334e524,False
3313f36c-8de5-4a88-aa93-716a22bca104,False
f5159494-3818-4fd3-b889-936a9d5817e8,False
51b30182-f7fe-404f-a5f3-0779f6ee5cdb,False
1986b4b2-70b7-4868-9854-80f0dfcaf0b7,False
b8f91075-a081-45d2-a608-92d6f84006f2,False
f0b5156b-b82c-4074-afd5-dea589d7fd6c,False
997bd7bb-9a58-431a-8663-686eee70e803,False
27ad8d51-98a1-4e4f-b03b-693479ab56d1,False
5cb85aed-f5f6-4c97-aefb-63b11b049863,False
c125798e-9bd6-4690-a8f9-4c8806a76b07,False
5ba62f73-e9c4-4f0d-afe6-8a5219a7361b,False
14c08edd-95f9-4545-a315-0039ced7430d,False
c04446bf-d9f4-4bbd-8dec-644cda2d2156,False
3cff13aa-3c47-4d0c-857e-a11629a8f004,False
e119e331-0538-4bfd-81fd-1281861c2a6f,False
be87dbac-a2ff-4996-ab5e-371f1ecd9ed7,False
cfd7f3b9-c68f-4ba5-9e0d-02b5fe7402cd,False
95309450-1c62-44f4-a44d-8dc2b2908892,False
6b52f93c-2321-464e-a20d-4a1f479f6628,False
dedcc2ff-53d4-4caf-91bb-797af464a31f,False
42c18a62-ef48-48d5-90fd-9d3f85d51695,False
8a8864c7-e29d-4722-956b-212f4faa0851,False
121374ec-d9f5-4388-9202-5cd5d0b8bcbb,False
44cca057-5c98-48f4-8636-8d129d94813f,False
17a0fba1-1994-4293-bbc6-423eb58a4321,False
974a2447-ab73-460c-83f0-79b3f78ffd83,False
dcb91d5f-593c-472b-8347-dbca7321a8b2,False
77dd362b-4a6b-436b-957f-108b86514886,False
668409e3-f1f8-443e-a99f-131849c8a43f,False
cbbed980-07e6-4cb0-90bd-e9001529e6f5,False
a6388854-fb2b-4b80-808b-d674d2dd3e26,False
8c2aa0b1-8982-4bf8-a4e2-89c098be5ff0,False
a5310be0-f391-4a36-88a4-36ae83a2a06f,False
39d2d74a-71a7-4782-9751-af9cf9e6debb,False
3bbdf80c-cef6-4a14-afdc-c21bdb2c0eb7,False
9a7fde23-af59-4a66-a75b-21134f62cc9d,False
02bdeabe-7060-48eb-be8e-ed12a3ea21a2,False
19a12723-287d-4f8e-ab74-18988673cf07,False
72d35458-61ea-4f30-a42e-707afe2bd987,False
ecc06aeb-3ab5-41e6-9537-927280f2835e,False
8b074d1a-6a7a-4841-a8cc-812a8150e0c9,False
d11756d5-8c0d-4a8b-b448-a24723a86b61,False
df48d6fa-ba45-40ff-9d51-30aed015f623,False
8c277f18-2d6d-4a43-a4ce-98efdb60cc10,False
1375ee90-d6b3-41e4-bb6d-ca0d6fe5040b,False
1e7f92ad-ea39-43ff-a14f-ea786e2f1d3b,False
761b7e11-7c19-4e61-b6d8-cbc7bfa93b6e,False
fafb6c18-f190-4cec-82d4-54e1017f040e,False
46a02a9b-65ec-4acd-8f80-35f55bd20c98,False
81d2c7de-4ce1-4b90-a669-7833b841d0a0,False
def3306a-f998-43f2-b799-fddb79e546e7,False
3f91c419-e846-49df-b373-35549e204ac7,False
380bd4cb-18b6-46f8-8ba0-768a7b2021f7,False
1e2f9c71-b6a0-43e6-bab5-d8d05ac9c4d4,False
611b92ab-34aa-4abd-b975-74330b5ed148,False
077d8688-59fe-4c45-abac-7bf82f4ddc9b,False
d73cad84-5fd9-4dfe-8a5e-df3827439b53,False
f34574ae-0519-48bf-8a2e-30d69adebcc2,False
15b5bc25-eb7c-4628-acb9-48f7ec5eac70,False
085b15fb-4a8f-4810-b84c-2f29980402a2,False
6ef7ffc3-7ce2-4b5b-b8d8-f272f429c05d,False
c4c557d8-ee23-4eb0-85f6-2467a6c1d136,False
cbb18c79-1036-408d-99a0-90075bb47c18,False
04b40ac9-2831-4f0d-be90-63fb64b5d9a5,False
810e9d40-cc81-45da-8604-3d4131e7ca38,False
21249735-f254-4c17-ba90-c4868d2a3484,False
5bd972c7-04a4-44e7-bfcf-956e0c0b6cd1,False
7b189d5d-9b24-4a55-8fe8-8b776009a05a,False
37f25d36-8bdd-4ee3-b0fd-6672b80f16c5,False
51683612-2bb6-4a4e-8c47-5261e585a0a5,False
62186d10-3ef3-45be-abee-4c80a7698b2d,False
358fb73f-b0bd-414f-84a5-24d9016d26d9,False
64907a63-36a8-453d-8e90-ee87a4dd2fe1,False
0c994ec1-6162-4af8-b565-c8a2bd6aec56,False
db964db1-3c76-46e5-af41-87bc1493794a,False
6cd6b9e1-0765-4c22-9bcd-e988ce25d281,False
90ce77e9-7513-43b9-87de-96ea2b0fbe44,False
03864649-c4e0-41c7-ad18-50e92d53cf30,False
dee7dad7-1168-4433-8518-8d4dc5a8646c,False
75b17a55-d426-4982-a43e-4288a2b5b498,False
cf767343-fced-4994-9631-c383303014d0,False
df683491-baf9-4a9d-acbc-63edd1ddd3e6,False
d4eee313-8c48-4218-a892-ab6fedb92750,False
e5b23a6d-00c9-478e-93f8-b32d48e23143,False
a981b098-b2cf-452d-a7f3-33b3f7baf55e,False
da948cdf-6637-4dc7-91f4-48bb28802cff,False
62c9f4fc-f686-4fa7-a94d-ed1e11ca2a0b,False
8ef4d74b-2dcc-4095-b28f-9444a0154d65,False
b4323070-a23d-4c2f-82a7-96891933918c,False
8a55a14b-51f5-48f9-bc15-ae1fefda21b2,False
183f36db-54be-47e0-b566-639489a8c57d,False
ee462fcd-a829-407c-99be-ccff33a315f3,False
6eb6d54b-f697-4fbb-b39b-feb6d632919d,False
ed850a6d-7542-4851-b2a2-4da42537e0d6,False
4806f804-0cf0-474c-8c74-dc0f5a575539,False
f76b9723-a990-4071-bfda-9a9382f29004,False
ee481499-c096-4be4-a755-978de5341283,False
153e09ba-f7b6-434b-9e60-5b15e915a8f9,False
63e31ac9-d271-42f1-8a70-7ba8df9a09f5,False
4f7ebc54-94f3-4a1b-b096-0fbb1c89fe3c,False
ff4625af-bd20-463b-b275-b5f3d436a7a8,False
5b9e75f4-12e0-4b9c-8288-49d95ce195be,False
71f34593-a737-419b-a1e0-9bf146748ee4,False
2e0c5488-a76f-4d3c-a252-2f2656ef26a3,False
dbd165a3-b716-407d-b5a0-987556dbc7ac,False
9a36e49e-a99c-406e-ab8e-b99553663145,False
1dd18fcf-b99b-4d2d-b72a-69289c7871de,False
12b99a50-8cb6-41f0-a509-6396761579e7,False
bff9507d-cd14-403e-8359-9af65d01f55f,False
64b078a7-a4f9-467f-9dc3-bbee31523136,False
d867888b-7ff6-4824-952a-eaec2bdfcb41,False
ce67b962-548b-4bb7-9f82-00b85b24bb54,False
4f7f963e-d3c5-44a3-8c0b-200d3edec38e,False
108abb5c-018c-4313-a139-6d49713e9035,False
54bbbcf8-28fe-4761-8d49-fe3f2ca8f783,False
9caf4bfe-7ff8-42c6-b79a-566b2e1482be,False
60c336eb-5fd6-49e6-85f9-70f75075b7d1,False
1270c935-ecc0-4aa6-bba4-f2ba94500024,False
c75ff368-5f7d-4bb1-880a-fe9f84a6d693,False
01d3a033-3586-4e6f-9b24-955cb4fbdaf2,False
1d91fe39-d801-4004-b93b-ed1b14f9c394,False
f198f62e-5c9d-4ead-aea4-91fccb6b6306,False
8623bc74-65a2-4cc8-855b-e95d06bfd9c4,False
c99496ab-6db7-4a7e-b0a6-d78ba64e2384,False
64e04880-afd1-4c73-8cc1-9913788664f3,False
1e5c5da8-d087-4dcb-be94-f1cb075cc8eb,False
4a2e25a0-f6ee-4bdc-9670-0f55a03ef56a,False
626cd59a-ec3e-43c3-b961-3250d3752185,False
b993ff63-c6b1-4d94-b24b-cc3d9a7791a2,False
1b1f2eb1-6e32-45a8-8bd5-cc86f73936e9,False
fcb4ee27-c167-4c84-a943-2abd5b95509f,False
4ec3f970-956d-40e4-aaa2-6216fada98f5,False
ee265c95-90f1-47ee-960a-5654b2403468,False
7011a2be-ce4f-4c66-9645-b6bb59c085a8,False
4165964c-0b21-4308-86dc-4e34a9dcfe52,False
c78e0272-c43b-47af-8120-053d1aefff21,False
ceef7261-bb15-42ea-8991-2f464ce6928b,False
ddc55228-38e1-4998-9dca-9cc3d48f16c5,False
f66a015b-6063-4b32-bbd6-b0b5a5278097,False
c3dab31b-8a90-417c-85e5-120a615256aa,False
b227462c-f53d-4330-8dda-24ba2d06e8cf,False
0cbd3c03-9e2a-44ac-8122-b5b3284c03d2,False
21ec4754-1cf1-4654-aab2-02c2cc0243c6,False
1eb1dc0c-75f0-46c0-955d-307823447519,False
1fef4fb0-de25-45fe-91ad-5c228088a7de,False
c30dcc74-0512-46b8-bb64-665ccb26a809,False
bfee7aef-6a60-4a4b-96b6-b8cca6124e53,False
b1b2b9c6-7120-421e-86cd-6214237befd1,False
572d3274-e5c2-4467-8107-e87337f66fc4,False
ceefd2c9-7e2b-43ce-adf9-8b8d8ddd6a3e,False
181af69a-16cf-4211-94f0-327b1e978ef7,False
e7773701-f787-4461-a62c-4f006c2d1b96,False
b06f0681-4b98-42c5-97aa-5681428f54aa,False
18ad8eeb-b760-4067-ab1e-5b379d15844d,False
244700ca-31e3-460a-82ca-a526ffa0a1af,False
9339304b-9a8c-43d7-a8a5-e34d798b2f02,False
bc10fa52-bf5d-4fdf-89c8-d2ab6b44fa8d,False
497de16d-d4ea-420a-9e65-96540e9058b6,False
6bb73dac-9681-4aed-b5ec-c661d3b4a1d1,False
19c59f2d-640b-4b85-b53d-aedcd69bdeb1,False
8bf160df-8346-452b-8073-aa66d7b4db17,False
198493ce-33e1-46f7-b57a-d70346281fb8,False
99ef827f-d3d4-4dd3-a05a-34f5d0126e91,False
e988a44d-b9ca-4928-9e2d-22f6080fc9b3,False
d61c8113-9b3f-4c54-b327-f33e6409e93b,False
f12d0664-dd65-4951-b52a-a2af2b5457b7,False
638e1388-8faf-4d4a-a5a9-9ebcbe0ec2da,False
c85cd714-7bf6-4552-8cbc-90446bcd5ce7,False
5cbe693e-5e7f-48d9-bc33-499fc4916b7f,False
5d210794-87ed-45ae-b9a2-1729130bb2a3,False
40a26c60-0d27-4659-b72a-da9b2f32751e,False
2067902b-f099-42b6-b10c-cf77ba4d6c8e,False
11092f7a-00d6-4c63-a4a0-f44bfbdebeb5,False
3e2613ab-a98c-49cf-b25f-3382dbad54e6,False
904ada37-5f44-4716-b6e5-dd9a315007d2,False
66979d0f-a7c0-4a59-a0bb-380bc8b7bcd0,False
744da236-5c7c-4778-874f-054fd2a5d216,False
d8fbd542-43b7-4bf2-9604-153c522c5c44,False
d4c3a832-b231-460b-b8f2-ce6bd46b415d,False
948841cb-a40c-40ee-907f-8c452f3214c2,False
7b4bcaf8-6b4a-4541-b123-167e596a2b36,False
97da64cb-8373-4f49-a8e7-ebe3cb05aa14,False
ed3d5159-c2f5-4a5f-945f-f4db9ce91544,False
dd20c3bf-d342-4f08-8a8b-b5b490494583,False
a52964ff-c74c-4890-bc6a-3174113634a5,False
eb821435-382a-4bde-bef5-50110acd1ac7,False
6321d753-68dd-46fd-9fa3-8f4baa1cd2d8,False
d00dcc4f-a5e6-4ec4-aa36-7425fa41dd2e,False
929d6377-1cfb-455f-82c4-2e488cbadae5,False
1a44fca1-1296-4c6d-bd15-e59bfef6f9d7,False
c87533e5-6bcf-476f-86bf-c38b7b8ae091,False
32f8dbab-b462-43e8-9c41-8a83eb04159c,False
eabd37da-c357-4620-be24-5711b4cb1a42,False
e581620f-dc0d-4266-8e29-ed9a0518bd4d,False
c3828725-e1c6-4384-ae20-a0b5acad7c07,False
00e5ebaf-2eb0-4b1e-aa7e-ee0b677ebe4d,False
1c3892e8-f2cf-4d63-80ab-4b7f2e968660,False
5397ff39-de24-4ec5-8d6b-a0191fb8e3c2,False
9390e315-023c-4d0d-9c1e-b9f4564fd4ad,False
1b9ec5f9-dd41-4a67-9c37-5254a8fc5690,False
c58b6161-1a44-4b3b-8634-a7cd4fa83870,False
0144fe67-8df5-49a0-a577-e1b64dd35982,False
95560a2d-3713-4466-bda0-6476f778c676,False
7f6bd3c6-1b34-4937-88e6-09391d2fed2a,False
f8c01007-1fbc-4004-b098-aa1f23f459be,False
ec7448f9-5b60-47b0-9777-676070fff474,False
a6cc0a57-8e01-4eb3-8352-8ba43f0e924b,False
0f44704f-1247-4a4e-a469-98e8d39e198b,False
a5b13afd-af2c-40ac-9539-22c05ea0942c,False
af003b94-596c-4252-b039-035691a4d3a5,False
dd7902fc-db61-4a80-a9f7-c6d1c6475ae2,False
a9325ae1-9c70-40da-88cd-29c5ac0e1f71,False
2f4d7d4a-53e7-4d02-88ff-eea5fb33740c,False
db9eb2e6-18f4-46dd-9071-ce940ff48fe8,False
16251089-f340-46f1-b3be-8942e24f908a,False
226cbc6a-7fe5-44b6-abe8-c7562d36226c,False
9fb886b2-a662-4b92-8748-ffb3d0a96757,False
1dbd3a83-176a-4eb8-8f1a-befdf2e3fdc9,False
230f1e69-034d-42fd-a4ca-abcbd2c4c286,False
aabb6cac-48d7-4165-8c98-7a1b59afb1d1,False
34dbda6b-dd9e-4b6d-a751-82a4f48138b5,False
058b5ee1-a2dd-415a-a570-66e86eaebb60,False
949077c2-7674-456f-a26d-719d81cf3252,False
05bcde63-f667-491a-b1c7-ebf1f9dbe07e,False
e4529643-2a67-4ce3-9c0f-37d575a239b1,False
677c25b0-6d23-4155-a057-c558f1ba308e,False
2334fcc4-e022-4de0-ad88-bddae8180064,False
cc214b4e-f80c-4b1a-9e16-afca8c111ba4,False
bf4d4bd8-7222-4838-85cf-dce6e7b4dcd3,False
aed0cbcf-c630-4536-b677-9a11e403999b,False
66534f79-106d-4d9c-a5d2-74e88740108c,False
0a054950-1f7f-45b0-9075-b55accee6b1c,False
f60b9881-76f3-4fc7-9009-6b2a00419afc,False
84681060-743e-4fef-86a6-1b3dc86e0b55,False
72fcc072-544c-4132-9af9-7493e8e46b31,False
69824369-ebb1-4253-8ad2-a7ba194b3b6e,False
7ec391ef-44ad-4484-b112-3048e128b9a8,False
15969802-b6dd-4257-bb7d-9f1c57eb89b1,False
98a91187-6c7a-4c9d-b237-64bae202f022,False
ae3acdf2-eac9-41cc-9ea3-93eadb646a33,False
2541f181-f29e-425b-bed0-4e680d250730,False
a8be6c80-26b0-42c9-bd2c-f4eb977e3f2c,False
692ac139-1f4a-4ca1-ab85-fd595463adc7,False
8c813e53-97b6-4461-ac76-04c1177d8b26,False
5502ec67-42da-4572-8278-f61e17f2029c,False
61a4cd19-71ef-4e0a-8dae-ac5c00009f1e,False
c09b61e4-0f46-4b11-a809-4564433121ff,False
b93b17fb-f76d-45fd-bd16-45a0d253d966,False
1049f904-9d25-4dc4-922d-ef06fa33dca5,False
c79ddb62-c379-44c1-8903-94ea7d54ec82,False
f9c3ee05-0012-4399-a7af-55453d3fec1b,False
dc956e31-0349-4b41-8111-fa05308b5146,False
82e6e14d-8d53-4190-a3ab-bef5a7742626,False
887b03e5-e980-4808-b5ac-824c2c55aef7,False
0e60ec16-1f39-49f9-9cd1-126b1b17dab8,False
60421eb5-ca6b-4ccd-bf8b-c509484f0da6,False
b58f67b6-deda-428b-a232-0dc95bf6f06d,False
140642a8-2f61-4334-b608-93b22febcc33,False
b51f34b7-dba0-4a70-b32e-ddf2c1dd9365,False
ba05dd0f-a966-4a5a-aecf-1ed21861c9f3,False
a48687d4-cb29-4e19-9694-a5279720b88f,False
4135b443-2576-4869-9765-f41889939c6e,False
a854027e-5667-4e49-8133-8bdc66cc7376,False
501ba851-5ee6-4495-b400-29c3ea11905b,False
067965ab-61e5-48ca-9261-14b7142a6f47,False
0b53d4e6-301e-4689-bffc-b3fe23593443,False
72737998-34d2-44cd-9763-2be71b61508e,False
47820b9c-488f-4db6-a404-c66d49869729,False
0c9ef5aa-a8ef-43a9-8db7-5f5750452f2b,False
66b1f859-adb5-45e6-bb88-e4ef567f3096,False
c572aa5b-51d4-4f72-ac77-8135fad76ab7,False
6bebac31-d4f8-4d72-b382-1cfdc083b73a,False
7f0386fa-13ba-4c91-a0a5-fde6939f71a2,False
145deec7-019d-412d-81f1-0d042f576e77,False
1dadd807-16d8-4599-ac66-69e6befb3cb8,False
e5a5788e-2b80-41ed-8a1f-783a31372ca1,False
77391bee-46e0-4e7d-9158-71366e528655,False
01b8c14a-fd68-45d7-937a-430a2f2aa5e8,False
2240063b-fed7-47be-afd0-d2f7e3524444,False
fbe94499-dbc0-40fd-86fb-7bf300b9d4a3,False
2ac38bd3-1afc-488c-81de-c9db0abe8257,False
8eb232b8-54b5-4b05-af67-8fc82308961b,False
0d95aaf5-2534-41bc-a180-b78a06783c34,False
129f9fa5-3b6a-48cf-a0df-542da5b813c2,False
a5fb9e9a-4ab7-45e0-b814-af2e81e26ceb,False
cec7b903-e369-41c0-80a8-5dbdbf5a910f,False
bbe43aa7-8c58-4ff0-a15c-f032930e7347,False
5d678bb1-945e-42e4-888a-93ec70d9c9f8,False
82ec0fc3-7c0a-4867-bcce-521367899d92,False
7fcc4456-20bc-4fa0-ba80-10620b4e360a,False
ade81084-ef29-4413-bfda-e6661b314321,False
5780be17-12fe-4c2b-9acf-42c5f3a02120,False
3ba4807e-4565-4d2d-bdb2-69e56c9dda26,False
ae9bec36-35c7-436c-9b99-62c6e61fecc0,False
78ccd788-87c8-4346-8434-228151ec8f30,False
06b4ed27-2f4b-4be8-a1ac-fdb51b555f6d,False
564cfbd2-bc92-4d81-839b-058c2faabe0b,False
47691dcb-d0c9-4fc1-913f-24955ebc23bf,False
5bc677ca-abff-4286-b0cf-9d73e8121ef0,False
e5de9e28-53ba-440f-b21e-246255a0db97,False
6c726915-d52a-45c8-a579-dc2202c837b6,False
e648d7ae-7830-4c6c-b9eb-17974fb9ef37,False
69b6f3b7-fe5b-4fc9-80b4-f6d67ef6775b,False
6088825e-e382-4da1-acce-4c234e55f3fe,False
f796611f-c7c1-4b1b-9d58-631b052226b9,False
c3d31e5c-feee-4138-aa57-31f76e78cd59,False
adf4e62d-6651-429e-8268-690ba43825b5,False
e06a46b2-bd93-483f-917b-d6cc2195e073,False
33c00b7d-61f8-43f4-81ae-35bb2faa49dd,False
c21c3fb3-a6a5-40ff-93fb-71d0dd326d9c,False
a0180791-eeb0-43fe-860e-a4d50d04dcb6,False
3c243b45-d1fd-4711-af1d-80eafb91fb90,False
5ef1cb5b-37ed-4e1a-b6eb-aef4bcef2c15,False
40c37cbc-3d5b-4535-abed-e2b6c9eef97c,False
a4afade6-ca60-4b2d-89c6-28ddbff090b9,False
e1ea1d2e-9874-4952-93ed-4b5c2c4276b2,False
0123a348-638a-4df6-adf7-2cd3979aa051,False
7e4b4f10-745f-480e-bbe5-403bb24b007b,False
3f30ea12-cebc-4264-9ad7-5b94663463e9,False
a6ef8273-6f77-4027-a656-cfbc8ed2de16,False
5a58abba-9130-4877-b320-e68f6de77482,False
478b640b-3868-4ee5-aae9-81cb2c6d523b,False
5ed7d1a6-7673-4495-9ff0-864c02288f07,False
253741e4-0966-4d08-9959-5d27a73d2746,False
a05ff5e6-c534-4e41-b6d6-dc3938227b0d,False
e8724434-69b6-475e-b6c5-3d2be9fdd358,False
94a1eab0-b9c0-47aa-b289-f58b1923cafc,False
8a6342ca-56b7-479e-a46a-0b429cfecbd8,False
f00d5a65-5fb8-4f18-97d3-ce211f14eb34,False
bec39a37-9b3d-44bd-a91e-314e0c8e29e3,False
baafe28b-e953-4b78-9d8f-5010f58f56a0,False
bff9e3b2-8e79-4982-9a5d-5ace61d9407c,False
4da838b7-6947-4bac-b610-f40d69fe890f,False
3334cd07-e6b3-4561-966d-273534952c00,False
03ad702e-216a-4bcf-a616-dde4b388300a,False
4f418193-e328-4c3a-801c-bac1c5b56b89,False
187666ec-26df-4b57-ab41-eac79ad8e1cc,False
cd6bb03b-eb35-47a0-ad6e-0291b7893986,False
209ebc46-44b6-4c9e-8904-59d78c69e2e8,False
4814e14e-b5bc-4efc-87e4-02c5e05a2a8a,False
3a769378-d39a-4c87-a3d1-8504fcb1a281,False
90ebba12-9412-4a0f-9a1d-3dab54c5f266,False
642830f3-3e12-4f2b-ba74-ed0bf36ee0b7,False
062667fc-cedc-45bf-ae94-34ab7adf1458,False
f2b2d2f2-b366-41c5-8ef4-83f671d5a861,False
dabf984e-53ff-4461-aa1f-1b61265cb9d9,False
94213090-4368-4e93-bded-cb7ad5ba304c,False
bd3c83c3-6671-49de-bc0a-8f909b54d227,False
c4bbf711-53ce-4524-8502-8ad9f568384d,False
9dd2f9de-fd98-4e33-a498-abe92999bbef,False
3ec2e72a-c832-43f0-ab0e-63fdfc3d3138,False
c310d2a2-0700-47c1-b1f9-4a097408f646,False
a904babd-69c2-4a17-83d1-677a79a6ab72,False
cb6ad0c7-a235-4dd4-9355-08d073b5bad5,False
d0243d72-3748-467f-961d-33ba350843f0,False
21144198-5466-4ea9-9c5a-342e9d017d3c,False
b67cb2ac-94dc-4c97-8891-4d9982183bb9,False
ba388c8f-1393-49d1-a06a-187de2e6e7a6,False
6319629b-d73e-4bb9-8f9c-a17b8db8dadf,False
c6bdce43-0902-4afd-964e-9cd4cade4865,False
9b58e20a-7c8d-4aef-b0a0-4e0b3a4d1f57,False
c5583a17-f70d-48a0-bd75-e4232d921dab,False
61935990-abdd-4a8f-a4b0-5c89f10bce9c,False
b6fac9b9-88bf-4b11-bd3c-c9e3a5a7a595,False
8bef5d54-c0c5-4495-92bf-804e89ca1b26,False
9a0f7242-eeb7-491f-b304-08fa90bf747e,False
9425fc3a-6964-4112-95fc-0f2ba50939f1,False
9642b052-5379-4279-8cb5-062589a06a99,False
78428071-2eb3-4f6a-83f2-6a392653de2b,False
d4022243-ec35-4b0c-9612-66fbe4a6bf51,False
cfcae6b9-75a8-41d7-ab5e-ebe91478e20e,False
62524390-52a3-469d-8906-9da96d3b867c,False
3e42df5b-90a3-4bbf-b580-e05067f1698c,False
2c281bbd-f45d-4d91-989d-a530b01fb9f3,False
9c454443-7eb1-46f4-b61e-b3acf92df31d,False
c9254bb5-4fc3-4d4e-ab95-0c1d578799d9,False
aee1e86b-9ea5-46aa-a1ee-6c5bdeef580f,False
18e824e9-cb2f-4bc3-921b-f7334eada8d3,False
302dc72b-1366-4d76-82fc-93d9b3ef29d7,False
2a966a13-be04-496e-adb3-5ea8a43a5eda,False
76c5a0dc-7e7e-4419-a0c1-4035c5d95f51,False
8d28eef5-c7bb-4cf8-9def-5cc2f1015bfe,False
9191b363-4e2d-4645-adc7-cac7fd72b050,False
c3e3c148-06e2-4861-957e-dc3cbdf774c8,False
fbcb4db6-9a51-4c62-9ace-65501544409d,False
d5cf18c2-c418-4fea-801e-59011f16a10e,False
71980a55-f224-464c-bd11-b3ff991b749e,False
29ca6e42-d09a-42dc-a3dd-65b3998549bc,False
beb5ba0f-1e29-44f1-b09a-dc958bbec119,False
a0f155fb-8d64-4c21-8fc9-3778288510d1,False
5b7d9d2d-22af-4503-b17a-ff6de0d96670,False
34634757-3d23-4e3b-8a97-a245da5bf081,False
c86022c4-b4da-4f04-b951-0a4532cb28ba,False
e6defc16-ea6d-4cb6-a245-65d450026d68,False
989240ac-e689-43a9-89e4-8e8c25c61c45,False
e9a1c6d5-c34e-4baf-8f1c-b2ccceef9fa8,False
c249f59a-9dc9-46df-856e-3d783b8c0f84,False
f8eb51b8-5938-4971-b0f6-d8b690e65aa4,False
72f60958-12ef-4101-a082-786fca00ef58,False
8d522457-f104-4c45-84ad-84e48b3b966c,False
69fb0763-8a9c-46f7-8ee4-e5125802b640,False
71a84189-565b-4785-b8f9-85fc69598983,False
d6d7b3b8-3309-4d35-bf4d-f561f319c125,False
e63658c9-12d0-498d-b18d-4d05e8e22743,False
01bb819c-4dfe-4117-a2af-711f1b628a9d,False
71a3fad2-b094-4d2a-aaa9-3b436d15f16f,False
81f46dfd-3b6b-4c0d-b028-05af580661f1,False
cd693dab-eb4b-4c0c-8fdf-60d520a62f9b,False
0979f5d3-4a70-4330-bfc0-31368de6e6b3,False
e92915a3-85cd-44bf-901c-93a3b1f22be5,False
ee0f65a8-2a13-4c1f-8cd0-15c1ad5900dd,False
28815cd9-8821-4541-9cc1-fb5ec7d4a10f,False
e886a011-36f7-426c-9a9c-06792c3d17e2,False
85261ad4-94ed-4114-b672-e14bcc4bbc6f,False
07ca07d8-d2c5-4940-927a-72dff89cad3f,False
9f044aed-7552-4327-8262-7f7312922f83,False
c64c9647-9ea7-417c-b89f-7039a107cc46,False
9f871ce7-5487-4d4f-abb7-a385aa0b7b14,False
4d560a3d-f4e7-469a-a454-09374a27ebf2,False
178cb5a0-3b66-4afa-bcf8-b9130ed40264,False
cc2b2f49-c6d5-4a90-9296-ae08a2dcb574,False
9de7df7b-5594-452b-805a-8e7e6f46a41f,False
60aeb372-b6df-44a6-a3d5-2be0ac249f30,False
b38adf82-6e02-4a88-a00f-8ed9b2086418,False
c05e5ade-b303-4188-b378-cb94478b2f00,False
74017bb3-c227-4738-a3dc-419dce1e8d1f,False
1afd943c-3c92-41ab-8bac-c3c6bb8ec1cb,False
5d13539c-44ed-4fd5-9c2c-8fb14de5f2f7,False
20509c62-08e8-45d7-b02c-1821c8040fb7,False
be9e01a9-d18c-4fde-a445-8bad2f4f914c,False
331212d1-4cdc-4dcd-bdf5-e219468a4cd3,False
82c273a9-771d-4808-88db-039cc78fc57d,False
3f13d74a-5c7f-45ce-bea3-9cb17a4e438d,False
498ccdd7-ae1b-4c1a-85e3-8a4e7cde6371,False
e0222432-7ca5-4928-97dd-06916a71efda,False
b197603c-a45c-4178-947c-903018dd3aea,False
a51e01ad-7e8a-4078-93d1-06cb61004ffe,False
d96688c9-8623-481e-8224-da50bd10f69f,False
7872d73f-e389-4caf-874b-927e54e28fa6,False
03ba33a0-fd42-469c-8727-59406bf36656,False
e05b46c5-5636-4094-a974-31db09a9d1c1,False
81145252-c4c3-4368-bbc5-1a50787cb0d3,False
7e6ae55c-502c-46f1-864d-10e38e738520,False
5c074653-d711-43e4-86d4-7d416fa5d3b0,False
a19c7caf-9b45-4430-9fd3-92e2c36b0890,False
3fb00e1b-abc8-46cf-b798-bd221eb6d3f0,False
ac0798c7-d657-4ecb-9529-885a0444c6f1,False
3aa06694-0610-442d-8024-1ac149d83188,False
5a19d7ab-73e0-467e-87e8-1b25a9715404,False
f2ca2002-f650-4852-82bc-e2e0dfd5988e,False
97feb937-a6d9-47a1-b4ec-fe8d16d1f5ca,False
96721e98-5d84-46e0-a0e6-96ffa75743f9,False
28719b9b-db8f-4e32-adef-50031fce01e3,False
8aa6b006-436a-4b9d-91c5-6a004bb13407,False
9afa3fb4-e21f-4167-9404-e49287db0168,False
8352aaba-4a64-4fcc-9cf3-15c647a029ae,False
ff97588e-f6cd-40d1-aa31-e22b4cda3e1c,False
0956f0e5-ef0c-4132-8151-55db179c0a64,False
290c9e51-80d7-4805-ac6f-c084c04a3f68,False
6e52b671-bba8-47e5-89d0-aac1a78eb37c,False
25391b09-8286-43c8-9b9b-c56e2080293c,False
184c4178-935c-41d1-993c-5319f43e075b,False
a46e47a2-b342-4968-8191-086be8a91aba,False
2dd93719-f8d9-4f33-86d9-03c0ad987301,False
6a429bd5-cd71-42b4-9471-104f1859c5ae,False
8082a0ee-dbe8-4d7a-8907-03e848841707,False
d97e8d3c-04c4-446a-a461-0160134d695a,False
60b61367-f46e-4787-abaf-89c7319fa2f7,False
d2938e6e-ff4d-4930-b3b0-fb536f75ee8a,False
48ae4aba-19b1-4ec8-ae97-38692ea151aa,False
5bd93609-b297-4782-bcf4-74aace63cb1a,False
1e559419-10bc-44d3-b600-4df4e0de0676,False
343e623f-7f5f-4a4f-87ac-c717299152e6,False
2336d60b-0f57-4d6b-9452-e1309ea8ffe3,False
6e18b184-229f-485b-a8d9-1a2086181db2,False
ebd34616-91b7-4d8e-9301-6989bfbbb17f,False
2ba4d656-610c-4ade-bed9-9a6b6c3786c2,False
6090d697-8b1e-4b9d-834b-9fbb8d4a75b8,False
3ae909fe-cc82-48da-8696-f5e64944051b,False
8750be7b-d5bb-43a4-80b8-7dc36444ea5b,False
0b73a040-b7e3-4615-8a5a-5d575a742a53,False
a2e25753-56ff-4b3e-b80c-fd3dba6a741c,False
bf4113cb-32e1-4f17-ab47-ed615372ebed,False
056de195-1f81-4097-8b2a-3730a0a2e9bd,False
f23657ec-5acc-4d2f-a81b-a82763cf3b51,False
d6c34b19-b4a3-4c95-9466-99843ecb1bd6,False
ee4205ee-a52f-43ec-ab4e-2281b184d1fc,False
23841977-02a9-4064-9351-1e950c3edd5c,False
e830257d-cf8b-4eb2-83f1-5176eed15809,False
6b352f85-504e-4687-b0e7-e75604d9145e,False
a7e70139-19f5-4f3c-bb90-4dfeafa1ff17,False
60b217f9-65f3-4984-9c0d-8fccf8f960bd,False
5ef28433-109c-41df-9f76-cb6f4eea155b,False
966b91e7-c435-4e28-8b0c-17099569f8cb,False
3c3c9c08-e523-48a9-9223-d9061db67101,False
205d8635-cc87-458c-bb57-45dfe0345e68,False
085eb489-4ac6-4780-b874-9f3cc2d49b56,False
812faa38-96f6-4c09-859c-1ba0bbec721d,False
bd32ebda-b61e-4c80-b302-225ec930c9f3,False
43d643ed-236e-4832-a7f6-a2ac5b0c4170,False
73d2939e-f99d-46d5-a2b5-17815d17c25d,False
53a71719-bcdf-4302-8c37-e264d03cd20a,False
ec95b3ac-0beb-4c34-8566-7c4879ba630a,False
339b77a8-4b1f-4d7b-8977-c513752a7d25,False
1df44d3e-f26f-4b19-9708-013e4b541670,False
1c3efda4-689b-4fb2-9a31-7fd79a0278a6,False
2e4bebc4-2989-4880-a77d-1be96070b6a1,False
38958939-9342-409f-b00a-c64c949cd8d4,False
4c2272f3-4811-4562-a91c-f19243e8644b,False
49d93a08-277e-4fbc-aacf-f20fd707cb6d,False
c2d031ad-1bc6-429e-82f1-9c7b91f29ea4,False
603ecfef-2141-4a14-9acc-b00ddb3fb4a2,False
6b382a0a-231d-460b-b362-cd559b0ada0b,False
23cecf1e-296d-491f-b079-ae53d6e0217c,False
6c27ca62-141f-4b4c-b977-93611204a9d9,False
f56febb1-484b-424b-806e-10295b4d5bbf,False
6e3cdd4f-55b1-45e4-b0b2-7304545cd88d,False
a9e8f0d8-5883-49de-bb5f-be413fa2bde0,False
8947494f-96c8-4002-9215-2070e4eea1bc,False
30de0010-fe31-4408-a671-cd819c2b05eb,False
650c4a03-af1f-4779-927b-a660bb335cf7,False
09a0a0f6-73b0-4091-b634-c1694f76e388,False
3ef433df-020a-4c40-a095-c0d0a26e67da,False
2e44d349-9122-4311-b74e-5dff06906169,False
bf2c857e-9f7b-4992-acec-73f232acf022,False
9ca4364d-5d9a-49f1-908e-3a956c6e8796,False
65126fe3-410f-41df-945e-49c7e78579d2,False
deef7995-1f88-4ed9-8efa-bf951227557d,False
ae27d432-1dc1-47eb-b11c-767385351a69,False
4c7f03bb-a376-4c2d-bb31-dcdc40d91a8e,False
29d36291-85d4-42c1-9a2d-445326cd4979,False
008a7385-e393-4f65-acfc-95d73ae28de8,False
c976ec61-a4c3-4af7-914a-36bf47334b73,False
cccf4d37-0714-4da9-8e67-4f72627f34eb,False
7466ef02-5e7b-42c8-a097-dedbefb3b939,False
1bf2235c-5987-41e6-bc15-17fc99bf88ed,False
73fe7e1d-f36d-4b13-9f53-4d9aa7faf009,False
d1682e09-f1f7-4904-9307-5157d8c128e7,False
83f38f4e-faf3-4aec-9e0a-71570d6ed01e,False
86cc556b-f0bb-4e32-814f-a9be05209457,False
31cd9f6e-e3b1-4d36-b8e3-6397123b31cf,False
d3946dc7-a08f-41c6-9688-8e84f346bbe7,False
8ae0b8a0-80ff-4909-ad85-2212f554e1f8,False
b5b453ca-3d42-493c-8c9f-d3349bdf0377,False
1c654aa2-c63c-421d-a443-5958eacf33a9,False
8fc3d7d3-f6bd-40c7-a24a-2a50d0b1fde0,False
ccbdd15e-e7f0-416e-bf78-bad808c2fd6f,False
dedbcef9-74f8-4913-80ca-280f19a53942,False
b3eda8f1-026b-4383-a301-ec030e5d8c6a,False
abf2b369-5d0a-46d3-a592-ee7c683199c6,False
3653e588-afd5-4fe7-a5c6-2548b169fded,False
9e9a3e83-9a4e-46fc-b9a0-e72710e29558,False
78b2b549-3bdb-409e-acc2-16a01bbc91f7,False
d0b2b078-d393-4f3e-9a5f-838f23ee4016,False
2c613d5c-8af4-4753-923f-128ee67882ae,False
a2ed50b9-de4c-48bc-9bf4-3b9f9fda15ac,False
2a9527f6-f817-4ebf-ab6e-64c5bb8aa843,False
4019a1f6-0cd1-4081-8d85-e013b20004fa,False
216e9fe5-93f3-4596-8c1c-8b0556771f36,False
730825d1-396c-419c-a4ed-91b84d9e3b99,False
681a035f-e1e3-466c-8a09-bdc139c8a117,False
819c84c4-ef7f-4e3f-873a-7522c7e4cbe5,False
f80443ee-c3b8-4179-a899-4c8408403234,False
25b3cc2e-137d-4405-accc-0672cfde82ad,False
65e92e49-b26c-4876-98fa-e8c71d10b6f6,False
780826ff-6123-4319-9069-c0570adea5db,False
b148b2a6-ea79-47e1-9be7-02abfac08fc4,False
bcd2e8eb-3f55-40cd-bab7-127e4f32ea54,False
5bc07988-21f9-49e9-b7cf-45f6f32ede3c,False
236e9007-3468-4b6e-8609-0b78b5971e43,False
9ba4d5a6-0178-4e26-8eb5-57ac8b22e445,False
15661feb-05c5-4f8d-b21a-6c3f47263c24,False
eb19071b-0b35-40a1-bfa5-e99ffb23a4b7,False
18b47298-a9ca-403d-b4d1-20248c84c302,False
8bc2d46d-0e80-4f03-9e5f-83786633427e,False
06531d47-4867-4b30-b956-77318a4cfe1f,False
7ed70ed7-b194-490b-a961-929e546e035a,False
48c08d33-46f4-4ccb-b835-de289fd60efb,False
252d3404-a944-45e0-9ff0-f8eb6c0990b6,False
2d5f60d9-19bb-4bf0-9b63-9a38049ffb5f,False
d89462e8-9580-4c3a-a932-a211214c0a4d,False
622c636f-e713-4930-9395-8e5cedd0ce02,False
604e46cb-3712-42d1-87cd-b6a1bf012e32,False
b62c09bf-a4f7-4a30-97a1-5a60c55e6efb,False
a175a9c3-d7b1-42a9-a332-a50e6992896e,False
5a6f9b6b-5070-4efc-b7ca-273b3506880f,False
295d6fbf-430f-401d-bad4-09e2a319dcb4,False
553a2bad-148a-4202-a8cf-20c875453946,False
8eb4b40e-b1e6-4f11-946c-4404e2edbb63,False
ad409244-cd35-46ef-9c37-07394a629c5e,False
ce8a5306-d243-4d1b-96bd-5e9f4e7a081e,False
502cf0ee-224a-46a6-ac0f-680115b24e1d,False
58a64190-1527-4d08-8e65-050b77052c84,False
db0f1685-93dd-4e65-8a12-f3d93e98f09d,False
2fd6129a-82e0-4d39-bab0-08df2709f5b2,False
edb68b81-cec6-4cfe-a3fd-17f02ae63af6,False
cdeb2696-015a-4a1d-a2c8-cf62f6ee137d,False
6dbd4921-653f-4313-af82-fab37e0c5286,False
3066478c-4aa0-4842-857f-dd20a50a0a29,False
7d9def75-1138-48db-af2f-841100d190bd,False
a01d9aeb-5206-4f1c-a30b-f0db1454578f,False
9280c5aa-8dd4-495b-9c63-b6f306ba8cd3,False
6f63def8-51a7-4445-8b9d-7654d5c31b18,False
97674900-4651-4367-8bdc-43184d85a3d2,False
5738db52-126c-4e50-9d4f-4af28becb8cc,False
2dd10250-f713-47f8-8522-11a8f1c1d53b,False
351c586a-c0c3-459e-80e5-ea1a1fc45171,False
516546ca-5fcf-4219-b1c1-2d4b60d16c16,False
ec95ccf1-a679-4ab0-b129-e2f6e06ca678,False
ac6c2e1b-708d-4094-af64-672f96e1a522,False
26f341c8-04f7-48c8-9215-b5033012f819,False
dbbf46ed-c83b-4467-9c12-67d29c4e7b65,False
262b2cda-00dc-4949-8740-7d86fa3a4705,False
57cc6c2a-b61c-47e8-9c58-a3bea1ac78c9,False
7bdac670-ca4c-4b4d-bc8a-de6a9051385e,False
f3b93ebe-7849-43ff-97ca-eef5b8a4c19f,False
dcdbf14e-5ca5-4057-9e71-9a56187ebca4,False
8e144e1f-b6b6-415c-852f-e1b1b6b4d8e7,False
e64b9b37-ae01-4122-b269-921c2edd9141,False
8dc4c81f-a8fa-4904-bd94-ed9facce693e,False
7e63f654-53ff-4f1f-950e-33880a6552a5,False
9bcfe969-473f-4005-a66c-3392396c6135,False
73d0b6c7-f62e-4f88-9c29-850b410bfc29,False
91b8ff07-e909-4654-9432-3b1c869e8836,False
b77c1be6-febe-46a6-9eb5-d8d29620818d,False
63d62a39-c0e3-4efd-8c71-e0fe5a0cdd7c,False
eb680076-96f5-49cb-9e87-ad6d6db3bda5,False
6d98567e-cb8f-4981-b6d6-682f6248953e,False
25ee2f0f-76a3-4eb0-850c-71f44d08f416,False
d4bf7a4b-25b8-442f-836b-15c7e7c225da,False
1a89b71e-a0d5-42c8-a837-fe68bba205ca,False
ac5f12ef-8085-4147-9e91-0f365f705b25,False
c75f41dc-9a6a-4bb1-9cda-038513eb4358,False
2b39e995-c13e-40d3-823a-0b12d6baf0f2,False
9d37efb6-eafb-4e90-94ec-84ce002ccb25,False
7bb775d4-9172-4023-89b1-85d6fa6d81ee,False
1d061735-5cce-4873-99a1-a2d1da007c08,False
bf144332-4f6a-448f-8ca9-7f8184381157,False
1e767433-fe95-4f4a-ad56-c7c7ae455311,False
e67410de-479f-45f3-93b6-81500205e16a,False
4878383a-e037-4953-ad2d-7cb9a452b559,False
ccc56569-f9e8-4369-a999-b735dd56cc94,False
5c494d63-1e4c-4fdf-956e-fce49d9e4da2,False
9d719800-e30d-4d83-8844-cc496761f64e,False
fad34352-1d59-498c-974d-6b8741d6676a,False
3556071b-11b9-41b1-913f-9d0fde550a06,False
1a50a93c-e5a2-409d-a8f8-687bb766ac85,False
889fe107-443b-4d0f-bdbc-3093a8284442,False
436e3c49-770e-49db-b092-d40143675d58,False
330c8461-0d06-4891-a980-8e3c9fa3fe4b,False
52965cf3-8b30-4b4c-aac9-6b60c0ac430a,False
a513964e-965a-493e-85b6-9e95cc009f08,False
c1e158aa-ec96-4f27-9461-4433bbdf144c,False
4721fbe9-f502-4e2a-becf-c2269a9a9f1b,False
85123413-d9e3-43be-88cc-02e84da29b5e,False
9bafcc20-0e16-4f3f-938c-c0ca17acd7e9,False
7f53d344-a7c8-44e4-8684-3c86b8a60402,False
6676cc75-6699-4af5-9d24-181c2ed087d4,False
7c2c0791-f6bf-4aa9-b1fc-f2e6b3dd7820,False
2fb7e9bd-5fe9-4750-ad28-a2a82baeafc7,False
c478f6f1-b88e-4318-816d-83edad81f8bd,False
bb9ddc31-da1e-4729-878e-be4e0b8079d7,False
dd83ad03-7066-4289-9644-84a0d1151fff,False
a3708c7f-d235-45df-bbf8-b1fe3232be72,False
2fc82f4d-ea48-4dae-ab99-f902836d943f,False
664d49fa-94b5-4339-84c1-1826d910498c,False
ad411244-ff79-40f4-af64-257283d7cafc,False
9780fe9b-ad18-4723-bb47-d3a449be8766,False
ac8d8f32-1477-4569-ae1a-b11ad1550475,False
f9012b9c-6057-453a-8067-f79084440504,False
ab09ec62-8e46-4d8b-b555-d6ee40571cf3,False
3dcead91-8e93-4bd2-b269-eb4366fe47b3,False
c35d8f64-418a-4089-ba7d-e9617927a136,False
6d0473e7-8adf-4e46-9403-fd025a2a83bd,False
60ee64ba-a4b0-418e-8ced-470739034b65,False
de590698-8072-4ee2-842f-14df6ab075bd,False
c3659e51-57a5-43b2-9b30-ddadab02e104,False
32167340-bf95-4f33-8dea-6f5237d7cab3,False
093923de-8bab-4e3b-a628-6bfbe767dcea,False
a79b44b6-da50-4fed-9d4a-3d81b3a7d0e0,False
e7c5d314-a969-44fc-9141-70c1ca978f1d,False
cf674365-a4c1-4966-a682-c0fb159e9c9f,False
5dc2fd9b-f1bd-457b-b8dd-dfc2963ba31c,False
768b4f7e-6421-4e66-9fc6-4cd0721e8b1f,False
e87466d7-ad66-41bd-9367-6a024fdc6e1b,False
2ad11fe8-7d1b-495e-b1a0-449dd703262f,False
922fe35d-2fd1-4775-80b0-2a827054ef5f,False
616d41c8-575c-4669-a00a-06e6e42f0c28,False
26331cc6-cbee-43e3-9cd8-89e231979167,False
36a2c52b-0047-4139-985d-f528b4258e19,False
8f6875a3-b1fb-4012-96ed-79efb03e5eb4,False
8429e12c-347f-4a8c-b39a-442b0d92bc7e,False
96f01335-c5ab-48da-a435-4021392a9fc4,False
4767d76c-162f-4a24-af43-613cd4aac9a3,False
bb5452fd-26a3-461b-a21f-56b20c650576,False
56666f9f-53ac-4ab9-b467-2cd9362f5e5c,False
0c81a3cc-9965-4f48-8b4d-2de206b868bd,False
efef1246-16d4-42f7-bb6b-c3b774309740,False
cbd93d47-966d-402f-bd98-03952621b899,False
a159bef3-5cf9-4400-853f-777f51c46d6e,False
8eb7c306-8f73-498e-9c3d-0d5f5c6801d6,False
a40dfea5-bd64-487e-b652-ae9938b5e89a,False
b5c1f027-3563-459e-9c78-bade8ec7dccb,False
d5db677f-08bb-429f-a277-279b2498a9f2,False
53921935-d6f8-494c-b9fa-35e6c98afa08,False
c0ac1c00-af8e-46b2-acfb-f1736b4d3d1a,False
cdfcef75-651e-49f1-acd3-80efb0b710ab,False
ff69723d-584f-485b-a697-384d801e8690,False
63ccf604-e2ae-4f87-ae7c-a782a7a31d25,False
e43f05c8-40a5-42f7-b62b-9f628ced48ea,False
2c33350c-73b9-41d8-92f5-131ada52d2ee,False
cf3eb0d7-450c-4845-b95d-b36ffa8a47d6,False
52891c31-f2de-45fd-a8b7-b5418d8b3728,False
e212f7e1-8f63-42bb-ae41-115540bf6f6b,False
24aa5685-7523-46ce-bc95-0bbae8184f34,False
11489054-7b6c-4596-aa97-435dd9ff74eb,False
ffc19ef6-a61f-435f-bfc7-06f0b30672dc,False
c2b8efc0-d76a-44da-8fbd-b62246c9ae33,False
b5950807-ac30-411d-9482-e11e5c56e3aa,False
f0d1701b-1ecf-4d89-b5aa-d597c1b0f44b,False
6c05df93-969c-482a-bb9e-88f856ebd83a,False
56d44952-ee29-480e-be2a-c03a80f58b81,False
5f0a74fb-b6e7-4214-b3b5-f7d79d2f1794,False
56a60db5-0776-449a-a88e-8d5d51856418,False
48cff1da-7bbc-4b5d-874f-92058f9d7375,False
d62c4be4-9302-45dc-84e5-eddd771d030f,False
23f5aea6-0598-4489-b087-ab0e4a9a75f0,False
8422c0cf-da36-433a-b3ab-d2467570d730,False
d4c2459b-bfac-4af7-be28-40a17a506f60,False
caef3c9e-1b9d-4f1b-b52a-6cbf1c17729f,False
f1758208-2e29-4386-ae89-6265847aefa5,False
41191aa7-1b61-4453-a8c2-094db8b818cf,False
e7775ef5-9ab9-4e1b-9d93-c7bd4c66b4ed,False
a21c0c06-ed37-4567-8be7-728e6a1aba9d,False
deafd27f-2548-4b37-bd61-676d56aa814e,False
4fa87a65-00d3-4021-b0eb-453ed67df90d,False
9eead5de-f5b5-477f-841c-4ba30bb90921,False
5d0b042d-e9b1-4c76-820f-beef9defeab9,False
cb33478a-f7b5-405b-99c1-d16c1fdb563a,False
88bbc5bb-64d3-4090-98d0-fc616cb2170b,False
7a89cbeb-b807-478a-b788-f5d1ffe575f6,False
696f9074-4084-4290-be50-a000c474e1c0,False
8f0881ee-8011-416b-bae8-8926b423ccde,False
690a7b80-af8d-488d-9811-70c1d8d2660e,False
acffa99f-f005-4f9a-a6a2-c94556f11afb,False
aa5ca8cd-1f83-4b8d-abac-8660e5c345fc,False
f301bb6c-b306-4300-8879-d93272540ab7,False
728ac5fd-fc32-464b-871e-8c56cb3738c2,False
f0b5b7b3-3472-459e-8f4b-1252a04e03d7,False
9de2fd3f-f952-41e8-9029-733c9e55f98d,False
ff0614bb-b85a-44cd-bf2b-f0e4ed55169f,False
84d67c4f-f0df-4684-b28e-41225894f7f1,False
101c778c-a1a1-41b4-9dca-34888459f41e,False
519554e3-0737-4c86-b97b-5f515ffa46ef,False
1641d960-dba0-4dec-a2b8-fdcc4e20c377,False
c509d558-0632-4b36-a7c8-f0c59808552c,False
f21dfe36-2c27-4031-97ef-f6da6cd7f2a3,False
93c09687-29e7-4176-a796-17c47520d99e,False
df30f2f5-3226-486f-8595-30c1a1295a39,False
64305373-f936-4968-8e44-f2f83de8a4cd,False
6b4203f7-d2cd-4f44-94ed-228b65773498,False
fd08b32c-62d6-4e93-a198-5d54cfb87e6f,False
86c45e42-955b-4346-b1f5-5560a42d10f5,False
250487e4-ada5-47e3-a85d-81db9620ed14,False
7c967f79-b7e9-4aca-a970-65e18e46d534,False
af95be79-c971-4f51-8a32-bb221b2bb2ec,False
1fbf23bb-b331-49f5-b078-f3d0f9046be7,False
de2e7abc-1f1d-4ed9-8a33-3eef481e67f3,False
f0a30219-c321-4788-8173-c12e6ac89d70,False
de6cf36b-9edd-4182-b3fd-862d4057e470,False
b69b8391-e4ee-4f51-9ce8-5b7d0761dc0c,False
e6bd4bbc-e3a0-4a3c-8c44-d60f8efe59c3,False
1ccc575e-6c6b-4d66-94ba-c2b5ca4514d1,False
b6f6dbf1-d6d4-41cc-995d-82f8ee4a9b5d,False
bc6965e7-bdfb-4e2f-8f7a-9bd510e68719,False
16a3ce4e-ca5c-4c4a-a79b-d4394236fb0e,False
c69aa024-7706-4602-9e5e-a4cd1426512f,False
45d07382-28cb-47ca-b3b5-a667097913a0,False
889dc47e-2718-4112-adcd-f65db924312e,False
71efe72a-ae13-491e-84fa-4c7239e7a4f1,False
65787d0c-1aec-4b70-ac0e-73077ddcaaf6,False
17dcabf5-5088-4581-8c4c-eedf0bb1b984,False
340a22d7-00bb-4543-9c98-fd573c359ce2,False
bcd4344f-cf8a-468e-b5ba-93573ca87f31,False
ff233d5f-6ced-415d-9800-7c0287ea7ff5,False
506e5a9a-b758-488d-ab73-295b344a54b8,False
b58dfc59-ebe0-48c1-ae38-cf4647f86de4,False
7bab1baa-2172-40aa-a44a-913af933a9fa,False
1f3cea1d-2271-47ca-b887-73ed4af715b7,False
a137f8e4-67b1-4040-8c39-b9253b5ae288,False
1d3c9859-2ccb-47cb-a68e-d827cd101511,False
a54427ec-b261-4d5c-a214-245cfecfdd72,False
ceae71cf-ce00-4af0-beb0-51817ba24588,False
4758367b-a649-4cdc-907b-907265e58f34,False
b506c24d-8fff-49f7-b485-0fcd2f3b2b18,False
d1c06099-a1f8-46ce-a5dc-6ce55fbbdfd7,False
01afb939-c4df-4b8d-84eb-8e5d6a6e94cf,False
8cfb137c-a89e-44df-871c-10aecdb4adab,False
9fa4a627-d306-48be-8548-867bad5cba24,False
00c59f30-d103-4424-8124-1bb4655ce508,False
ba2eeeb3-d6aa-4382-a144-6b45af390a9d,False
b24beb96-c092-4b74-a6b0-7ff60fc79913,False
2c2e8ba0-157e-4914-8442-4098ba9cee3d,False
ecf60826-3c1e-4ac4-9af0-9b921da9c3c5,False
db55daf5-2dd4-450c-86aa-7991dd8cf1ca,False
b3fce44c-942a-4c09-bb32-99df50833557,False
86341718-2ba6-4db3-bafe-b1149561c813,False
995fa798-1f31-43fa-9c93-92456dd2c683,False
7d9704fe-8dca-4908-8a1a-421961bba5fb,False
f6558f35-244f-45c6-b489-0e8ce65dd443,False
b1eedf64-090b-43ed-aae1-d0bc4a099088,False
e8334da5-de95-4695-b579-c1437ab99428,False
abeb5f49-7406-4a32-83ef-3ce99ffda1e7,False
2d914e29-6541-4574-92ea-13b8a575c5c7,False
036ec6cb-8941-469b-b559-d3c6565a2822,False
6f2ba37e-a0fe-451e-8684-e4388cd5219a,False
00231f70-0a77-45cc-ae87-46510c2ca7fa,False
fc24a159-eada-4885-afda-70bf78920f72,False
9f35ba40-43e2-4caf-9767-a0d7e8b2f81a,False
3facabcc-5ac9-4db2-aed4-d00579222d87,False
950ce835-3659-4a8c-938f-b1ef2ec01db7,False
a6846099-f729-4951-8591-31d2bbda0242,False
e6ffee2a-e37b-4f84-9351-240fa093ca68,False
55ab946d-a5b5-4dc2-a181-c85eca0ac6ac,False
9ef01577-b980-4521-bb3c-fc106bc71d7f,False
96e15645-8ad8-4f05-9991-77b932888f78,False
779bfee4-a6f7-4a50-8903-528a5e0fb618,False
11b461e9-b15d-472d-94ce-e27c4a94ae9f,False
1b332e43-a4b1-4f6a-9d2c-e51b37e82d71,False
63fe0717-f6a8-48cc-ba11-df76d6e75f73,False
8d0df6f6-0c37-4b80-918b-8e184ba4af25,False
8bf54fa8-8ae9-4f31-8674-a2f56818f77e,False
ed7403c6-4cd0-432e-af4b-88ff1a58c6ae,False
2869b5ee-df18-4065-9f58-64d511655b1e,False
3e2b6091-a092-452a-94a0-57a7b0cc1b3b,False
2906567d-d28b-429a-bb1e-5e1324cf8629,False
2b24ef63-f6f3-4192-b2da-dc219b7cd539,False
7b5aaea7-fd77-419f-a40e-78ce0690b4f3,False
f929eda0-bf30-470d-82a5-af9b522326bb,False
7279101c-93f3-403d-9d96-232d63d5e750,False
d91e7e1a-6e48-4e95-a228-23f82a46cb32,False
9a069295-3b8d-4447-8e61-065f171b1b80,False
e3f342a8-f030-4fd4-be54-898e8eda6433,False
a528698b-d756-4927-a0f0-200824a994d7,False
2540647b-784f-4b14-b2d3-1a6527dea64c,False
960a035c-0786-4459-8f89-321cff4ca29e,False
1899598d-5b5c-4adf-9063-bf1890b1f965,False
8abefd88-626c-4a12-be12-9751883e153f,False
09e218a7-6504-45b5-9232-78bf56688530,False
ef69a980-5ad4-49ef-a36f-a890cc21cbdb,False
ea350f17-c157-4761-9162-f6dbb5d2bf7f,False
f68d6979-7fe4-4461-a4e1-ed797d99e386,False
5e09a9ee-af88-4dec-bb1e-143b196f4dfa,False
3fd8027f-e755-4655-9916-2e44b0a17621,False
73b0d676-3527-45c8-8534-ca08f6f24d1c,False
32d9ec3e-6630-4af8-b044-9b5172624be8,False
4b91b8cb-6ae6-4582-b852-b3cd9442b5e6,False
3c8aae87-9606-406a-98d5-4b7ec08bd631,False
247474b3-1d7d-4bb3-8e00-44e207af3b8a,False
4d71c366-b41b-4143-8b10-550cd5704f32,False
e004c471-85e1-428d-ae70-f6f5015a749b,False
d6de0902-ea89-4692-9176-37b264d88360,False
be3de265-d471-4d86-8d36-645980f6c26c,False
5f13e10b-ff7a-484d-bf96-dd35cca99089,False
f1f71605-a79e-4626-b707-ac0e0d96feb3,False
8570b59f-a903-4e67-bc56-8b5324acb722,False
f7f3dc54-27a0-4911-afd2-9b721c13a1e7,False
6cdcd3be-adef-4777-ae6d-f7e899802368,False
a9151364-778a-469f-8b68-d94d40da9c7d,False
87a8cadf-eca7-4d15-8c8a-e9ca930cc62d,False
ce3ce7ce-01a6-4260-afc0-8273fd397fe7,False
d9a9a834-7d91-4485-ad7f-1aa30b44cceb,False
be9cafcf-ed17-46e9-8cdc-718dc4057420,False
f9285706-577c-4717-836a-58870a5a2698,False
706370c4-971f-4676-b697-67b732dba13d,False
131ad6fa-c8b8-4c6c-af54-2dc69a24beb8,False
6334fa2a-8b4b-47e7-a451-5ae01754bf08,False
636f1e3d-28c8-40b1-a7be-e26e9f30418c,False
302f420e-f874-45ca-b22f-2e9104110e35,False
f165d779-0154-4950-976d-e21f1b46ebdc,False
915fbbf9-53cf-4f73-a384-bb95921409e1,False
7b85179a-d5b0-47e0-aa5d-932b45ff2c83,False
c8ebe27a-23a4-470e-9dbc-15c02a7dc57c,False
b6f957dc-ab6d-49ab-8604-f4e77e029b3f,False
baaeebf8-9a24-4525-abbe-2bd65a1341e7,False
e4917f7d-91c4-4efc-bcb8-96bb68c0cbef,False
2a65bae3-ddaf-4233-96a9-e518a55ac92f,False
dabc47ce-3068-4fdd-965a-fd0f9db402f1,False
2504fd28-de6a-4459-a980-f6ff266c47fb,False
0ae4e096-24dc-4ee5-8cc3-78c3ce3200af,False
eeb47b07-8239-41c4-ad52-09e76c8a30c1,False
694d7b00-8d38-4327-883f-13c601b158e9,False
8c68720e-d787-463d-87b8-f95cb265a6c2,False
b69f75c5-c82b-41be-a1eb-64e6fd498e20,False
00bae133-babf-4447-a855-6690f4d85745,False
e3fb7b87-a7a3-4c7a-81c9-a46487d22e31,False
50f53bd8-72e8-4652-884c-0a556b893000,False
1246d2a5-6a7c-4d08-ae57-14e8d29c0131,False
c64d8e70-1ea3-41e2-9662-f8835bbccb30,False
399e4d08-cf77-48cc-af36-feb1bb8f7b2b,False
6b35a9b9-0bfc-4c45-8a43-aa23426ea2f9,False
defa6d4a-474c-4879-af96-bbffdbc6ac37,False
5f32d5d8-2abe-4585-825e-0259b88416d2,False
472678ac-7eae-4452-8eba-2e783b162773,False
93e0f235-4e80-410b-bd0e-e0b640f7924b,False
46a3cc71-ff2f-4883-963b-5481284e4cd4,False
909cca67-5a04-4fb0-9fcf-d7112aaf1966,False
ccac2fb5-1a0c-4c04-93cd-129110042d82,False
15458478-5865-4721-bc25-7ff18fb30b07,False
9123f2c5-c4c9-4949-a334-fca6d04f0a71,False
3d8925a9-25d2-47d0-b665-87075d411ac5,False
d5963842-567e-4c74-bd92-232a4fbb831a,False
2ab8c610-e7e3-49b8-918d-a4887d5704df,False
1cf98855-719d-454f-81c6-af4013d5ac4f,False
0d700c8b-de36-490a-b030-9415ef21db2c,False
d61169a1-ff46-46bf-894d-916deb6d2fed,False
c76e8e04-1b64-4f32-9aa2-88e1609c6c82,False
3c20592f-c04a-46c4-b3b6-3fe1d1843324,False
025ec446-663f-430d-ab0b-b4578c0dc409,False
f5504c52-49d2-4ac0-adc6-9c90e5dfc7af,False
2c21f1ed-f4a9-45b0-91c3-7e19dbfeed4a,False
698c206f-e1a4-4e10-ad53-4dd0cf8ebc5a,False
4b7a123e-338a-4a2d-be1c-fa1495d16384,False
b90db373-5553-4a05-b960-a10e8ee56246,False
161cd674-2978-468d-862c-06921efa91a0,False
f14dfb3e-fe3c-4361-a44d-9a28d739a70f,False
09cb3942-43f5-4a85-bbc9-f87af668a617,False
79004406-b1e5-4a88-a9ad-b01daa3e009c,False
f216880d-61c9-415e-b028-5484beeac4d3,False
9c595e03-4d2d-4557-8e06-a41671219097,False
52ce55e3-69df-45c7-a4a0-053f22a37556,False
b257e257-cc4a-402c-8f49-94e07ab16533,False
cf492a27-4089-4b7c-8866-7469e6162980,False
3fc4f4d0-d1d5-4a53-9035-dd193cad3401,False
a28af08d-ce46-4bf3-96c4-9c4431de54f6,False
7d283421-243f-45fe-bc47-16ad0970d09d,False
87f7e1fb-da4b-49ca-ab5c-f46780bacd64,False
7a37f3d6-77eb-4d89-b142-de87d109ffe5,False
883d9b03-de04-4086-83a2-9acd4cb50736,False
afd5b90b-41a6-4c90-a91c-0da1a5630d3a,False
8868b644-9822-4d58-bf49-a81cd42aa238,False
d6eaf269-514e-4353-af23-7c4d1e4ea133,False
c2ad0d97-75aa-4cb0-9757-ad381498d0dd,False
2fc44d65-0ad5-4e56-9f9b-87b0ddc418d2,False
e0b4659a-09fe-4cdd-998d-65ba9d6022c5,False
c1581092-f335-4ba3-913a-7052986f9025,False
237c56bb-48d1-40c6-9cdc-546cd4f0fd63,False
7c4a14cf-44b0-403f-8dfc-73c1e990ff49,False
8ee9581a-e061-465f-a859-6f8cd73418fe,False
d8e70aeb-e7b3-4085-978b-e96820f87ba2,False
28b82fa1-72d0-4649-b50e-a2b2d07a2b58,False
e182701b-2e3b-4b69-8c2d-0e27c370f2e2,False
a25291f3-730b-4657-b4cb-46131d39e9c2,False
ec02e881-080c-4aaa-82c6-cc4277ba69f1,False
220e674e-6591-499b-9a92-9d2788676641,False
c655a597-7ccc-43de-82ac-7e1dac565da6,False
1e2595b8-8fc9-486b-a9dd-ebf563119aca,False
a0ca381c-bc3d-468a-87d4-9f499cc15301,False
be006ccb-f872-4487-a507-c321f0b6844f,False
b517272d-f779-4643-beca-c08c53b04133,False
436ae2bb-d509-4e07-b368-d836027d3808,False
68e5c8cd-b414-4e4a-9ba0-c3e033a0daa7,False
7cd6572f-301b-4b4e-a293-4e8ed189f750,False
4f3e2a2c-ded6-4d2a-842d-5f032482e8d1,False
7aededf4-6f30-4743-820e-2e6abcc8509b,False
2323f3de-92f0-428e-892b-3dc3a937dfd6,False
094a8492-d88d-41dd-b21a-3244cf6579ec,False
e2add909-c521-4f2d-9c45-d539c03f3538,False
1a85fd69-344c-46cc-bf48-e5f018cc0e29,False
be7a38c6-bc8e-4e55-9b97-151da89e4fa6,False
db75dada-d51f-4de1-b17d-aa267357d500,False
16ed0330-ce01-4413-ba25-16fe8a27b0b0,False
78460474-927c-4ea7-8a15-9e92af74ae63,False
287e09f1-ded7-445e-980b-82cbd66248bf,False
98159d6c-9d71-4084-971d-abf9daf481a7,False
732af4e8-e9d1-4994-9553-8cc94444a6bd,False
1a6b6a7d-1a38-4ad6-8e53-2ffdbb134f02,False
6f2e92b9-d130-42db-a13a-14ca5911f42e,False
300ffa68-4f22-4efa-a8e1-3f98c1ab6398,False
06339f7f-8ec4-4aab-aefb-4b37a50ee5e7,False
d1c76cf1-35d3-4e5b-881f-ea11d36b06cd,False
638c254c-076e-4bba-bc53-08bf6f92f25e,False
fda2f9a0-2b68-48e3-bde7-f41a1cc6d08a,False
406bf02d-a97a-4f4e-bc10-871bba4f4b03,False
6fea84f5-79f3-4373-9bab-13ac9863bb20,False
8f962ff2-186b-4a71-9569-12ddf9cf2bd2,False
68127855-e384-4c71-8271-b0d0ca5c159e,False
ca9f1d59-83e8-4700-8e63-813ed22e3226,False
78dc340b-4051-491c-9ac1-ad6984f612df,False
fbc8c77e-2933-4fc4-8918-a346c00c200c,False
50e5b83b-c388-4b0e-a263-e16c66b768bd,False
afd380c4-2713-482c-b41e-a3ac5fd23109,False
2023fd4b-ab89-436b-9f6b-9b3fff594778,False
7972c629-b248-41dd-a19c-44966856c822,False
6f689d65-61ae-4f21-a7f1-c18b61fe800a,False
777028e6-a53d-4350-9bd1-b61cecba63b3,False
e9c7eb29-d9ad-49e0-b16a-8466dd0a4a6e,False
b062166c-79db-43f9-8b4e-c2ee3dbff049,False
1e228ade-59c6-4a52-8f80-d1ef4615575c,False
4dd7962b-bfda-45c9-98fe-b4f3ec40d95a,False
4398018f-8c9d-4a84-a24c-ee91b4992393,False
17ec889c-86c1-46cb-a996-30f7af77520e,False
7fb8b6c6-1650-4f14-a527-8ea2c80cd031,False
9e54b7bf-af1e-4596-8f84-4346a165c37d,False
5309c42a-762e-4da3-a146-04df77069f94,False
f33685da-c380-4b4a-bdc4-2f12fe9bd0e1,False
bae1e137-96ee-40e5-9f87-3b46c0a0473a,False
365bc763-a333-4ea8-8e58-de208f7763e0,False
1e014975-080d-4370-9ad4-c20f9b4dbb90,False
a46acc9a-9861-4260-9869-c755e85c1ec9,False
284baa23-350e-4c9a-9d95-505626db89dc,False
e05f039c-d98e-4024-8813-20254dacd33c,False
f3a80aa0-60ee-4cbc-b8e3-c67df8018a19,False
64ad1905-0fbc-4377-af1f-5c6a2a112eab,False
95dfe6cb-c75a-4c94-ae05-7f791cf8d03f,False
a9fe494e-304c-4b39-b6ab-eff0cd1d19da,False
1752815c-bcbf-4583-8a01-75e5937d6fb1,False
033e02f7-1e93-4127-acf7-2140bd9bc648,False
a07c68c2-1ce2-4c5b-8165-53a1e4203a34,False
69efafb1-3a7e-4e14-a359-eee173991a47,False
5a2d6aee-6e29-4319-814d-98294e4a516f,False
ae11d3c2-3130-4c8f-920e-0734564d46aa,False
2f981e44-ca78-4f58-adec-4b0d529b3b96,False
80cb135d-2d78-4a72-bdeb-d029785218de,False
62b45550-c024-4e61-bce4-570b245f8b4a,False
5f321f6d-02dd-45c2-a405-8e04b393cb2d,False
f0fbdb65-a6a5-490a-81ad-e98a0c3838a5,False
76949bb0-e7b0-427d-a44b-405aed7cb20d,False
2d9be542-9bc8-4ea5-a2b5-e74d38c0f0c3,False
9e3bc735-071f-4a27-a72e-31b197e1bc36,False
2cde9187-d1fa-42a6-860b-340cf21a6f38,False
6d1b5e96-6e64-4ec8-95db-0b31f6c84ff5,False
91ae757c-8607-4228-920b-58cfbb916d1c,False
b1fe69b8-0936-412c-a36d-feba6148ca39,False
ac00cd5e-922d-4ba6-b5d5-b1199c09f0fe,False
72c22a16-79eb-4168-9045-56e5bee3eb79,False
9f6f4967-be87-4c4f-a0af-9f67ea4a973e,False
d038e153-c601-418b-a1fa-01ba231ae7c7,False
f37985df-fa59-407b-a0a7-ca57858117a1,False
59518620-8769-4e24-9875-589a7d57a51f,False
fc424352-6d98-4038-b174-429ccffa9e4d,False
7e8adee7-0758-4201-961e-16d16105716b,False
c9ac376c-fe11-430e-90fc-fdaa274b369e,False
d5bf85f3-2e3f-474c-88bb-db12de4097c3,False
6f2aec8a-53c9-4acb-bf71-e1ae3f24ba6a,False
c61f98b1-6097-4bc0-a4ab-d0358f65abf9,False
b65feea9-7d82-4264-9ba3-62e7afa415e5,False
f8cbab4c-9779-4e84-9e47-2e2276c3e642,False
44d7df9a-238b-45b7-ab64-777c6177a771,False
1de20f2d-0328-4b00-a953-4ea7d76d9612,False
fcea545a-c066-48e4-b013-b8e468729600,False
135769cb-bc03-4aa7-912e-1621a266530e,False
092c4801-698f-44f8-a747-d24a1a46d536,False
7f05fbf5-efca-4577-9aa6-f7cb90c7e6ac,False
f431f8f1-87db-4211-b84f-e7ef5c726f34,False
a5868874-4c31-47b6-96f3-05d7cece12fc,False
b076a7dc-fd0c-4433-8a5e-151b23d3cd4c,False
d1c1f266-ce9c-4015-87c4-0854d6d4eb06,False
21366a4d-01a1-496e-bf34-d88926530bd4,False
43b6c6ef-35c8-4133-bb8b-1581cba95e23,False
461fe028-f727-4e90-9ba1-68b8a3840e2b,False
11269f9e-03c0-4a01-8e98-6e40723182d4,False
b41287fb-6d08-4507-b262-c8cb5af7233a,False
21d67c73-0b32-4c23-af47-0a44a4fcc79c,False
5380b904-688c-4015-aab9-7e494f2d4796,False
1a5165ca-3c7c-4d85-a5cf-0041d0a643fe,False
36cf28af-9d64-42ce-a8de-4479911eb1cd,False
e5d6f6e6-9a6e-42f5-8cc4-29038bcf53a1,False
6bd1f826-e6c2-4bb7-83c7-4cbe916baf87,False
65bf8e04-ae3c-4ce6-bde6-849b468b22af,False
8198d1f5-6839-498f-accf-147242d7f112,False
5e10a3a0-addb-4943-b067-ad8279c5f45a,False
dc05ae03-d3f4-41e7-acba-1bc6289a5e38,False
e8266484-c4e4-4e52-9a4f-706b9d4ac78b,False
af9a1168-1766-4795-bffa-b493285eed0a,False
d3e7acd9-7b16-4453-b042-eb9e061285a7,False
b8f73fad-9937-4931-8333-59b960857b5f,False
600c9c71-0990-4647-8ac8-d87ea689d07f,False
81c974a0-ed6a-439f-b560-4484937749f6,False
57f479b5-b212-46ee-8210-63710260a123,False
50d3802d-b876-4455-88b3-152d845a91b8,False
3c0a584e-a7cd-43cb-abda-06b220d2b528,False
b481acde-eeaf-4b56-99b6-5b6b6ef1d60c,False
d2333b12-5ad2-4e7a-8b40-601a99260664,False
c7a9ff30-99d6-4609-868c-10055a9b9519,False
8f7c1d59-594b-4a3a-bad4-65a15129950d,False
1f89cec2-9dfe-49d2-a87d-2106dbfbfea4,False
3e6b74fd-9f02-4cbf-ab29-d9129d1b83df,False
eb34d8de-3e7d-423e-9e03-83d4b061c6ff,False
b4746349-49fc-4cd8-856b-ad4c4c3077c4,False
dd2fb568-ce02-4728-9712-288a7bd64d37,False
4377be10-c719-45ea-84e4-992911196b23,False
e39eb7c2-6ac9-4528-a5f7-01fee493998a,False
0803ad31-4e1e-4f3d-a910-22b80d60e364,False
71299889-a01a-4992-bf9d-3e64c1a6423b,False
c9d6a63b-ca3c-4f5f-9bb5-c40c03cde2e3,False
18927ebd-b195-4d60-84f3-6ac60bde24e2,False
16107d90-28c2-4491-ac83-995b53f0a378,False
372f871a-45ee-432d-aa07-f2137129cec7,False
67e39166-323e-4a41-8520-89dcd5eb6f69,False
0a0537f0-2c2c-422b-a568-95c6812a1f9b,False
d7ea8625-11c3-438b-b0c6-9b42df0ff647,False
654fda31-18d3-4b67-9f9d-4db1d983dadf,False
93ddbda1-34fe-4da8-87e8-6429e4fa6417,False
9740b212-2d52-45f4-8a0e-c018b29769b2,False
09d1c11f-ecbb-4aac-a46b-f89a5097621a,False
dc3f42e0-fcf7-4842-9edf-3bfad12e0eb5,False
0b251279-785a-45d0-9f92-a62163f4c69d,False
3c9b3b84-cb4a-4dc6-8509-6c7855660d8e,False
39ed0800-3179-49f9-a9ed-e760233408ba,False
5f9cb7e0-6328-443e-ad95-63ed747a4829,False
5339eb18-2aa3-4d5e-a58e-8fb63c884bee,False
9c6c3c4e-8f5b-4149-ab67-212a29b76b37,False
2a24cab7-eb65-470d-9c64-72c8bafe90d2,False
7b6c7129-cd63-4ba8-b03c-664b3abf9c65,False
822c4d32-6c64-4c15-aba3-01cba561e1e9,False
5450c61f-10e2-4676-a822-d1288c61e59f,False
8e2b4d2c-af49-4395-a775-957e3ea6ca65,False
9b08725e-e1ea-40f2-8c52-b95c2146e7b4,False
b6da99cd-d14b-456c-a7db-09431a59c3eb,False
8de1596c-5a9a-406a-96f1-42a206b919aa,False
ffab82a0-36e6-4004-92e8-089e4cc639c9,False
e5c482ff-5e5a-40c1-92a4-73f94c9e903a,False
8d620ba6-89fc-47cf-bdd2-995612fcff49,False
9bc88efe-4688-4612-8b64-e782718296af,False
02b49d26-672b-4fa7-a95d-a34b5b860e79,False
b1a50a3d-cebd-4b2b-9cfb-bce7e8f2c584,False
380cc838-2c94-4f5a-88ba-d5fb32a4a8a4,False
b7c315a2-dc16-4bae-a541-35f889238eb6,False
ba52dbf2-f551-4cd0-b278-0c3be412b716,False
1674eb65-0f9c-4300-baa1-c5678cf9eea9,False
fa3f012e-4d71-4f28-a185-21ab9ea1e617,False
73557b9d-0fd6-447e-b52d-4af2269ed4c9,False
939d1b61-20d1-40ae-b0f9-08d240c06d72,False
b46788bd-d38e-43e4-8de1-087bafa14a55,False
3cd5fd7f-49c1-4669-86b3-3fe61c76bdf6,False
c2f72b1f-b9d4-42d3-8d35-f50cff02bf74,False
a60147c3-48e0-4502-8598-f3c8af449605,False
84274378-b40d-4aef-a0ba-614204c32fed,False
c4100108-0256-4389-8cb3-46637a211151,False
0fb49d98-7aac-4a0a-ad13-4ea8560fc071,False
e586ee20-c73e-49e9-9806-9315ce62665f,False
7d4ed26e-dcd5-4fae-abb3-16a743299780,False
685707ac-3a40-4e39-83a5-f42136daa93a,False
54da1012-5a3c-49e0-9158-6f467abdcb0f,False
4d156c62-a8cc-4e3b-bae3-438e2f43b2f0,False
a07eafb1-01e0-4ad8-8880-2d4d89b8b7ee,False
4cca3dda-7cbb-4627-9929-c7c73709d7d3,False
87beb021-f636-44f5-90d0-f83dadb1be7a,False
95eb44d9-8459-4302-8d1d-036e0d08da99,False
cac6a853-6943-4ab7-8ec7-5bdc6094d74c,False
ed174fdd-2dee-403e-81d9-6e9601a02047,False
ef6e9295-9c8a-4485-b980-50a6974e598d,False
fe835c51-7e70-4309-b237-1f1493a971f4,False
cc40d3a5-94be-40bd-b5d2-4173ee56aea4,False
c521ff2e-f9cc-43ed-a8b4-5c6afee543b3,False
d664d264-4c6e-47ff-b9de-7a3a486822b9,False
0c975601-97b1-4fbd-83bc-bd124e9dfdb6,False
e797f3ae-0cca-4c05-a1f6-19ed2c1882c9,False
3c9ad14c-ee0c-4eb5-acfe-db992790cebd,False
0cc46000-ae60-4948-9bf3-84ef6efe2368,False
e1b33498-8974-4baf-9928-3cfc76da7bc3,False
2e0fb5b3-8bae-491e-bf4c-c10f979c30cf,False
94a1875d-2db6-4edb-82de-ffccf86c2ca2,False
23c52c31-1e93-4ed6-902a-12a5630ae016,False
47e321c2-a4ba-48bf-83b8-fa0513bc0dc6,False
4d171ebc-5a45-48ea-93e7-63d10378bcb7,False
e754d4c3-0298-4dd2-8c7b-34e22e07cb63,False
b285d65b-bf6b-4493-961b-53afc601b22f,False
54231dbe-2ba6-4158-a5ae-cf37a9d1a28e,False
d7d3b9d9-4c85-4233-8325-bd9ebf98e734,False
f4f7bfdc-5d96-4459-8a3c-8743a80824f2,False
e2eed64b-82f4-4196-9a41-c57f4bf70dc6,False
850a48d4-46b5-48de-9b4b-b8eb537d0bd1,False
c960b851-4d69-4e19-a827-3dee9d7e4eb7,False
77d8b428-3754-4771-aba5-d1c9035c5d03,False
65f76d06-5a2d-465b-87ce-baaaf713c245,False
509ac91f-31ea-41f4-a364-8766a43a4bdd,False
459f5497-abd6-4d74-863f-ec11446cc0d6,False
79b8023d-2a31-49ba-a4b1-7e4525807a2c,False
bbaa6e4a-fe25-471b-bd5b-fecedbd0ad57,False
409e7a80-86c5-41d6-9ea9-f50831227592,False
334477eb-56b0-4052-b2f7-5350f9a732dc,False
e9570a2a-f7f4-4477-9802-13baaf6c2278,False
92ee4820-1327-4db9-abdd-439adc233c06,False
62c965b2-7eb0-462a-bd45-74ebf4655a21,False
615a443c-6e73-499b-b144-0c359266facc,False
cfc01fbc-a5dc-433d-b0bb-2a0e39d02b29,False
3a96c7f5-18e0-4183-86bf-b986045fea04,False
2c5d849c-4f8c-41b9-98d7-88d94d515b58,False
97a418b8-92d0-4319-a0bd-14220b0b81de,False
8f1c3fa0-7000-4009-b4e5-70ba7c3cc2bc,False
c632554b-99e0-4598-bce1-2a250804ccea,False
46fc4ff2-12f1-48bd-87de-01a929769b0f,False
f9fc9c3f-3206-4388-9804-550b6c0c32f9,False
60920068-c403-4430-a31a-9c3c0d591303,False
96792482-a3c9-48e4-8d22-38e6c7bf4fbc,False
863dfcd6-4e06-48d0-8ddb-545b61eaaa65,False
5e717fca-020a-4497-b4ed-51458d9765c7,False
781e2d35-2fa1-42bc-b4ce-5f319aff48af,False
956abfdf-bf4e-4e46-9204-79cedba0c89e,False
9a4ffc0c-9165-42ed-8c63-6e95025f5543,False
1eece891-5301-4fb9-a6ea-0949adab7b01,False
e8048c91-4c15-47ec-8bca-e422b0c37157,False
1b5d3449-8abe-4e04-a7ee-dfe95c72e5ca,False
d66cbda1-20be-4394-8cbb-ca011cacfd9f,False
df2ff029-d5ce-4fac-98cd-9df3110024b8,False
fbda05ae-b270-4103-8fd6-b161c49968dd,False
296fc0d7-6a63-4a6b-81d0-d034abfbcc17,False
9194821e-e11b-40d4-8637-9f04d9ee7dc9,False
ce31ce5c-213b-4241-83c5-9c143824c62b,False
3fab0c74-bbbb-4ccc-8d8e-352b37328d15,False
89b4db80-8a32-484a-a401-461af5b92b3c,False
07298d47-7c65-4dc9-8b42-5bba4da273ed,False
8673173a-e5b5-4f30-8486-8583906ae95d,False
bdf68eb0-c7e7-4797-b73c-91ca82c3892b,False
85406adb-983a-4235-9891-f8cfd7d050be,False
136d6cce-a535-49d7-83ff-fdea3bd9b015,False
069f14f1-4018-4c6e-9a8c-fa3c5283aac7,False
1a354475-8399-4ac5-8f43-a2509f795228,False
3d3fc0e0-944b-4f07-91e8-44c9b00ecc67,False
b2290f1c-8e68-40c1-b3cd-9709c0da1043,False
61a451ff-700b-4b43-ad3b-9d13c3e90323,False
a9e27ba9-952e-4abb-94dd-5061555736f8,False
7e7838c9-ca55-438b-bc9a-be10238d6f44,False
f9287d26-37c0-487a-aaac-826edd18ab28,False
0f6ce9bf-fe7e-4362-8a89-b0f0105291d3,False
ec4e8cbb-a2aa-478c-a59e-0258814ff657,False
c47d336f-2e8f-4f7f-a0a6-2edffea95b73,False
da3c45ca-43d7-4f2b-b69d-e1e34eed4124,False
01e187d8-1a31-4044-95a0-f35665abc9ff,False
7afac8ce-dc4f-47fe-be61-8f4bebb511e6,False
99155bef-28c0-4e9b-960b-63a92a36856d,False
098c60b3-efc9-409e-99af-6e09b91e3d6e,False
24c58b47-1609-44d1-9912-509096516ec2,False
9714fadc-b3c4-4030-ae84-e8323c38c3f0,False
e97f995d-9bc8-46f6-8484-a1b355c974a4,False
0f417135-d56c-45e4-a391-5adcc8096083,False
584f218a-39dd-41e1-a222-c7758f24da7e,False
b2a0f778-809d-4444-93ab-3cce264ae04f,False
84a2576c-1fc9-45f8-94d6-07350e2f8958,False
ca359116-e22d-4fbb-99f1-9675be32fa85,False
9620bee6-6406-4ace-93a5-e8508950ddd6,False
a7fc1bad-76ca-4cbe-834f-b3a955849e58,False
17e6ae99-32d8-4c29-9370-7fcbb21534f7,False
840aa19c-c5bb-4f64-90b9-b399bf5d96d6,False
4f6b58c8-598d-4aec-aaaf-e5432434a678,False
88fd5890-a479-4ce2-b7ee-e00f7743c104,False
eeb687c3-b8a6-4bf6-b3d5-4f3e635b36bd,False
9cf116dc-c4b0-4ad1-b037-e34da8bb81dc,False
eec259dc-7f95-497c-a76a-a6ced50755d9,False
412817eb-2246-49cd-acec-df821903f9b3,False
db6a34ea-c3a5-4237-81b2-16cf9d23c3cf,False
8ce17e35-651f-4429-8117-1668ad724e2e,False
4708b42e-8d4e-46c5-8409-10e29bf072e7,False
160a3a13-30df-450c-89e0-8b89ca3e3238,False
2a7cf9e9-d7a7-47b1-88c6-2063a06303ca,False
2f160f3d-05ba-4c78-a696-dea06c2aeb89,False
59e1ac09-5970-4859-86b6-e4ade7ea8d5a,False
a8761e85-bddf-403a-aa84-30f84f2da233,False
2686d5c6-6d59-4de7-9287-c72e39a8ab5e,False
c350bf4f-31b8-4079-a990-94c090cbb982,False
c9ce44bd-7c3f-4add-9a38-5db590eeb067,False
de8ede0b-a85c-4e4a-804b-6fabfcf56188,False
e2696a73-8b2d-4d83-9b5d-e3c9dbb9c173,False
9cac3d21-a5a8-48af-8efb-d22aec511744,False
29fb832c-cbe6-4571-b622-e18ee83bcc84,False
b522f610-ef26-4a84-b2bd-509b564d36b6,False
d0e34b2b-1ca6-4c33-b0d8-67cd038d5f5a,False
bac70b9c-6015-4570-93aa-d0c7c8feedd7,False
620f4af4-9b77-4a46-9b88-fe699f7717ca,False
7a768555-a987-4218-bf84-faef5336723b,False
b1b9fd9d-db58-4dd9-a0f3-6e9238ec71aa,False
597278c5-1789-4e63-a746-5743897b303d,False
8338b815-cd9a-4a65-9de6-346755ec2b78,False
7f85c4e7-1177-4f21-948f-5ba30d87bc72,False
f2a32efd-ff13-4c80-8398-c3320e500785,False
d9750f00-d5ab-48ae-9112-fbc03d8f95f4,False
7f3dcbf9-a0a5-4b74-aed5-a161ebfce2d6,False
71076f2e-0a71-4350-beb2-7900ed5d6510,False
811414f8-d9df-4d0e-a25a-ed6cf0458043,False
d3dd8cf8-53a7-4e7d-9b86-9a7274242892,False
5d822e3a-6c6d-482b-a9e0-8370abf7a5d0,False
9db7284b-6965-41d1-ab7e-2e6426c0747e,False
f90c9f84-b184-471c-bb35-b9f96c80423a,False
b89f72f3-2a60-4652-a714-7668cf1d7d3a,False
a2ef0f53-8138-4447-a376-324fc30f3c69,False
45df16b6-382c-443f-bcfc-9b793875394c,False
cc1791f8-ac48-4aa4-8ab4-1a8218b8f130,False
e466c937-6da7-495b-9d4f-97154c9df049,False
93de2da0-40ff-4822-9d8d-074742d361aa,False
f94d8fcb-dba3-496f-ba32-3f6990dbfad6,False
10168d65-4f90-491a-9448-10de2a1b76e3,False
903ce3b1-6158-4ec7-b05c-b0aed795187f,False
c9c23e69-d82c-4565-8bb9-07ec13c11754,False
5fcfe711-8258-4678-804a-7761a52368e3,False
1fb235c4-5abe-43fa-81eb-7abba08262df,False
c2045288-3bde-4b66-b01c-3f0c9b43324c,False
d220f704-0da1-44c5-b0ca-6f70cb3ffc4f,False
d8a9e06f-3646-4544-a15d-8b1eec8c93eb,False
55eef366-bc76-4752-8dcb-e8184dfa6a17,False
5199839c-d0de-4fb6-858c-6c02bf409640,False
47543604-aa9b-44ba-bb4f-068eecad122d,False
cde5c35a-b011-4b0a-b496-51d6a79055b0,False
ec1b55dd-e829-46cf-ba81-d86090b3032d,False
44f00717-1d75-4901-b309-106e62928cdc,False
4580dac2-0818-4965-b5b8-135150830841,False
a65f7b8a-dbb4-4021-bdde-64afa75b395a,False
92a593c8-1db9-4330-b127-6a5cbe9f44cb,False
4312153d-484f-4f7c-a44f-52f41b696031,False
98daae8c-f9f7-4004-adfe-874557968d64,False
54470290-4640-4b2a-9c02-28afb1d29457,False
86451dda-fbe2-4c49-b5fa-d47f9f0590b5,False
c1c97ab6-3ea6-45f6-80a4-00887dd7fc59,False
75b27455-04cc-4ede-afac-16730ad45230,False
33261887-9058-41df-ae9b-f3e11d27c09a,False
dce61522-0632-418e-b0dd-be62aa35b738,False
12767d13-f093-4776-9116-d014a5850828,False
f3da143e-4962-494f-bc26-09e1375e5c72,False
506f6bc0-ee6f-4a9c-b446-023621f66088,False
d7825ea3-bbff-46e9-93e7-e89335fab528,False
2b1feecd-95c1-47e6-ad08-79b4776e3a29,False
e70dc8b8-df33-4eb0-a8ff-561f3bc29d89,False
d30606ae-69ed-4072-bb81-c774c67651b3,False
dfedf5fa-174d-45c0-ad60-18d977019d44,False
b28935e7-8e5b-4f68-bdcf-3be05e4d9d2f,False
13106665-aec2-4b19-bbc3-98d82d6bc882,False
c8347776-04ca-43d1-b506-e337683d21a9,False
6d3ee1dc-8139-4443-a45b-712eb8225688,False
5fb14f5b-81c0-4a3f-b8f7-03ec70bb034d,False
c42c40ce-24ec-455d-a83a-755ef23e9b0b,False
b9ef9fa8-3ec8-4e58-9728-2d3089111a42,False
b78bf29d-0ccc-45c6-b5d0-ea433baada26,False
4a00ae99-8637-4844-b570-7bd6bf922ea5,False
6491982b-e5ad-481d-977f-4c1626d658fb,False
8a624cbd-e582-4678-ad52-29dd639fc471,False
c2d0af1f-43eb-456f-8b62-192ae224a224,False
cae2f489-f7d8-4086-9110-c9fd747cb18f,False
fbc1085b-216b-4833-bbf2-82a9be09f835,False
9def57b4-d2da-43ec-8eec-c013b55beaaa,False
fa207403-4ab4-47e3-a360-76812bbba89d,False
1e5ebe54-5907-4299-9c3b-bdd8a74e02a9,False
a689b424-7a3a-40e1-b9c7-73a0e0decc3d,False
527c9dea-6324-4e63-b535-ddc2c555b4b5,False
2477f047-8336-4758-99f9-3502a55bc44f,False
284bf962-5744-4596-b422-21676b7a2460,False
84909370-e430-4b91-956f-e90eb5ccdbe6,False
3e628981-9ef1-474f-bd13-452669d75427,False
46a56fe8-6f46-41b1-aace-1aa9103246b3,False
a3900655-7307-43d5-a261-078d202f00a8,False
0331bd0d-13ba-4d24-bebb-527c1438e799,False
b69aca1e-985d-454b-8325-58201a49de98,False
7f5085e7-058c-4d44-b2a0-2b53565a4a42,False
1b84edc3-d8e0-49de-8217-ea0e896490ab,False
175a81ec-112f-4612-b969-9ed2ec48bf55,False
9089bcfd-9145-4617-b9c1-f1b288c79c98,False
1b3f0866-d590-42df-8470-f4aeaeadd1dc,False
2ab9aa52-685d-4acf-afd6-b83c86022833,False
7e99a2c2-aa37-44fb-9997-5545de8e7602,False
af475b49-c775-4395-9494-05f02cd2a404,False
5761b099-43db-4a42-8ece-36ae9fb209b1,False
fe7b178d-fb0e-4c28-8110-bcfef1aa9ba0,False
c12e3882-b527-4a0a-a8df-7aa5e8e00199,False
ae742530-ceb6-4fdc-b734-a78de2682c9f,False
d0013b99-2fc2-4f20-a3ba-24b1408eff3d,False
2e671517-e8e5-4412-a60f-475f9ac88b74,False
cf0e6d2b-315c-467a-85d8-a6ad77d0359e,False
075dacd4-255c-42c7-8ade-e3ec68950908,False
1e26ed31-d9e9-4758-b6b9-04364b46ef33,False
2812859a-1337-439e-8d4f-5d272c7f0b79,False
f1eef895-d061-46b3-8abc-36fc24a887a1,False
db029414-48e2-4a53-8954-105b89485754,False
0d08367e-f3d5-4737-9a71-504b8380d397,False
d218c9d6-c093-4fb0-a4e9-bcfd9647ff9f,False
613f50db-e5aa-4c5a-bbe7-52062ce62f9f,False
b08307e1-a9b7-41f5-a0fe-d1f372fa10f7,False
cfa701cd-2631-400b-a6d7-94d30db95301,False
9854ce4e-4ebf-45c3-8ae9-b4a72a79ea68,False
eaadcb2f-0f89-4df6-b97a-822c15e59a0f,False
16de66c9-6210-4ef6-ba9c-43081221cddf,False
a71372ab-34cb-4b9a-9338-82b320fa15b7,False
fba6abf7-cdbc-4653-b7a7-e8b75e70f65f,False
decceaea-622b-4588-8275-da34881e40c6,False
4cc57e0d-2633-4018-a883-ac6e6a944054,False
e58118d1-2687-4443-83a1-beac5107256e,False
3db87d15-32d8-4ff9-b9c0-48829b40bb90,False
5738811d-70c2-403f-ba8d-03aa782a65e0,False
6601ddd0-3170-4437-a8f7-ef5a060edf5b,False
0daba507-1fc7-437c-b94e-b6f89d506e83,False
77fc9703-1fd5-4423-b06c-5c5649e2623d,False
323415b1-64e1-4340-97f5-d62875ef8169,False
468ebdf8-dd25-4141-b03d-01eb336fc177,False
7647f43f-59a1-4829-acef-781debfdb100,False
6fdc0bad-5e36-4127-8ca1-b45c1fdd980a,False
53391df4-5ae8-4d18-88dc-1e26c7c2564a,False
66c67afa-057f-41df-a3af-85416eb194b8,False
946e8ec2-d342-4e50-8208-62274333240a,False
ec1a86d3-5683-4783-9575-9337549c9eb9,False
edda1677-4e08-4b81-ac4d-6c0037abaaf8,False
c56dbe29-65b8-438c-865f-5046f9a61744,False
e8b3d763-f4ff-4f3a-8d9d-baeb553d2625,False
57bd0ca8-54ce-40ea-bb9d-92c0d8d0b8db,False
3c98fe89-ec6e-45ca-973f-9ac917ee7fc7,False
b972393a-5bb0-4d76-a0b5-7717b072afc8,False
63b1a52e-9070-41b6-9ec0-9c3575035829,False
0a6246b9-e624-46fe-a044-3dc9459b556f,False
c70c15e3-b51e-40dd-9ec2-322ff978d269,False
6b7f0864-aff5-4774-b5d5-f4e513893a70,False
4d7f6dfb-03c2-43e5-a150-e2162fd049b1,False
6b732c7a-8dca-44bd-850a-2d22b08c19fa,False
f42050e8-3730-4f79-913a-27afa9179e02,False
032a461a-df9b-4c1f-aacb-1f6d7549c9f9,False
82095583-e03f-4c17-8c65-037491e22c1e,False
a1420851-cf47-4d72-a4ce-3160551a7dcd,False
54ce26be-c8cc-42c2-a518-a4186f14b3f6,False
0c5f606f-8b5c-49ef-9faf-f7a0c991484d,False
89a3c811-895c-4fde-a3fa-40691519fd38,False
9268b5df-95bb-4e09-b0e1-3734ee523a03,False
084a4052-4913-418b-9dcf-f347b5d84cae,False
a1243bea-0da2-4154-bf46-a43a53e2e047,False
92b26acd-cd1f-45a3-b1b6-5ca175873920,False
2c78644f-d860-45a2-bdd5-b0f8d6d744fd,False
3e39bf9b-e9b8-43ea-a456-d76756ff66fd,False
5133577b-4651-4173-8d0e-391db9272714,False
18deabfe-5172-44f0-a285-f766f9d46d34,False
a560c775-58cf-4966-af11-0436b3c28ec5,False
3ee82983-d557-4241-91dd-b9bf613d2de9,False
fab87bb6-0a4c-4231-ad6c-18d074c0bea3,False
dad2e66e-8da4-4ed1-9423-040dfa4fa66c,False
14e1aabd-a20c-44ba-a5b0-8e26fc52a468,False
ca77736e-80fd-463d-b3d3-6295ee6bcb89,False
b7c12a4c-6f4a-454f-afca-07aef17e4a71,False
11730df2-2956-42c6-8bac-fa4aef1e4acf,False
9fc08086-228b-468a-ad5f-4dd311a2c64d,False
0b3d6dc9-616f-460a-8ce3-77d760f11528,False
a4f954fc-c449-41b6-8fef-7811e124c3f2,False
f065c817-687a-4850-9d9b-62317d45d8ef,False
0ddb0654-ce19-4f51-9da8-b3919494065d,False
286e3f0a-dedb-4ec4-a2b2-de4b3d5cab0e,False
9399ad15-a37c-41c5-842b-266b1b02fa24,False
a2a9d4d8-102e-4de5-a5cc-8bf738ab854c,False
ded89c47-bb88-454e-bf96-8d71818270d2,False
d577c131-08b9-4ed4-9e94-da10205b9db8,False
8d9f42bc-b0e0-4156-8ef8-8a52e4cda3b9,False
d173bd6d-16a0-4e13-9b80-5cc7e2712ff8,False
1ff49019-ac4a-4701-87d7-a39309cf1063,False
e1721c83-ef5e-4376-a723-fb72682b163a,False
7796048f-b4b9-4b73-a9de-bccc429e09bd,False
180dc855-c55f-4de8-bc3e-1d1975f94230,False
7462f144-c49b-4e62-a5ba-4f0347656069,False
639509c4-119a-4396-be3e-9a907a6eaaa5,False
ee93a4d0-cd24-420c-8d34-6977d41bd8bf,False
38c6430f-3b3e-47bd-bae9-6dd3a2209a31,False
63f2ae24-fc3d-4348-808d-4127610461e3,False
2fb21e66-7ed1-4aab-89b7-c9bc65a16fa9,False
a8dbe9a1-d857-4c60-88f7-972661ae2255,False
408d5212-7991-429a-963a-6695e7e77386,False
cf89569d-e550-4736-8780-6e713811b519,False
46b821c7-fe73-4856-b1fc-fc366ad3cc40,False
44d44eca-976b-4158-aa93-26f6ec221123,False
1eb74b56-53ff-43a2-8a19-35014169b9fc,False
fa286316-5315-4a23-92f0-ed7dbff49c48,False
dafa1c94-4ee2-4290-ab59-003a53bc0611,False
e0b55615-d3b6-4f1b-b4f7-6d09739cafa5,False
905c7bdd-74f0-4eae-aa59-43ce836435e3,False
33478a91-9609-498e-a7cb-a27a65281970,False
fe034a0e-74cd-473b-816b-44e19d4a305f,False
8603156a-15ea-4bcf-ab10-21ceaa143cd8,False
593c73f2-b8e5-4141-8067-6073e9c000f0,False
7d525a4e-432c-43e4-aa55-8ea53ea7d639,False
d8914adf-341c-412a-a249-1260107e528c,False
86351a54-bc54-48c1-bf40-8dcc9db1f7f9,False
c4bfa424-3060-4ccf-b979-549bc44c5c78,False
d5b6eac1-28ec-4d72-a36f-7abf82c901df,False
f9723977-52c0-4f9b-9f16-eb702219b7f7,False
19ed59a5-9e85-44d4-9ec6-20e0e143a0ad,False
3df76a69-bc45-444a-bc1f-dff0331d58bb,False
ce9205ae-cdb5-482a-a78b-941fdcca9a71,False
7b1dbca3-2286-43f8-8314-96ea2160446e,False
ff0dd3c2-ac4d-4d33-9515-28af4d25298f,False
45f72e6c-7b70-4f15-abfb-c97aeefa4d76,False
ed86a0c9-7dea-4676-bf6f-b946e10d1490,False
7c152622-51ed-4b85-b4e8-2b6c45d3708a,False
0cd19e0c-5dfa-4933-b5d2-fda97d57d424,False
3217f93c-ac60-42a4-b85f-a73df17316d5,False
117e894e-91fa-41c7-8141-bb373de814ac,False
5fd2bec3-6536-4c77-b87f-b57839e1609d,False
e45e2ad0-8eef-45dd-9391-6dcfd6cade2c,False
a92f85fe-258f-4afc-81cf-d878000c14a5,False
99786dc1-5f54-482d-93e1-1f554289281d,False
f090f5a0-ce61-4199-ae3a-0ba8ac8d6c7d,False
1f0733df-7b68-4323-87a2-ee6fd166eb08,False
3946ad23-c098-42b4-ba79-8ed42a0bfd9f,False
e2293661-e153-4d2b-b261-b0827387d450,False
d554fadf-7633-4d1d-a694-940dddc5c146,False
64953d5f-0cb4-4891-988d-f23b3ccff6eb,False
5b6a8102-0428-4378-bf50-23f440ef3935,False
492d85a7-be50-4500-95a7-5ed90eb2858f,False
6553b96b-ab96-4b35-a263-7d77c186cbce,False
1b3206f0-0689-4b1c-975a-ae69e9707c9e,False
168885c2-8814-4bde-98db-f732dde4d194,False
47020de0-bc64-47e9-b16e-c0b6e3d9de7f,False
c69e17c9-6018-4b17-bec5-715ca71db3a6,False
1be00f8e-0c8d-41d2-9673-aefbeb9e54e0,False
0fb97b5d-520b-48f6-88d0-e602fa4ffba8,False
3ae56c8d-5360-46e7-a5fb-c1c0ad463549,False
0328c136-629e-43d8-9d1c-a267530ddda6,False
de9e3757-5260-401e-aecf-67d2749176f4,False
2e326567-d284-454e-bebe-c0db9a3a6103,False
3d1fd7c0-4424-41ec-9342-4e7c0922d88d,False
2767ec01-6e8b-4bd6-afcf-7c8ed5b1f09d,False
57d9f647-4cda-4bf4-98f9-bfb4b2a43bf4,False
45d89da6-0a5b-4eb2-9667-91896ed5ca30,False
cc152a1b-e278-4642-a484-e035330faaa3,False
8373edf3-dec9-4438-884f-f1a7af481fc0,False
27ef0a4b-5fb2-4838-af73-b3cf331e91f2,False
d5dbcbee-cc03-48d3-98ba-fcc9e1dd7fdf,False
d2376d22-9565-4c2f-8cf7-0470fda8977a,False
8d5a9549-34f3-4b8e-9891-e25c2418c7fd,False
760116cf-25b4-47aa-9a20-e3baa5fc6d09,False
d387fcd8-cea8-4b7a-9ad4-ac13504089fa,False
0182c481-3bd1-4558-af2f-5f8b1a9226d6,False
7dd7e170-e0d0-407c-979e-e93ba3999919,False
e9b87e7a-a078-4a1f-b0d3-b5f768a69e71,False
c1eecd7a-2428-485a-861d-e0171ee92d3b,False
c840789b-7c60-4399-b8f4-0e5ef6babccc,False
2bacf712-d6a9-49e8-86d8-95e5219b606d,False
e3157b34-62f5-43b1-a8cd-ea8a7710199d,False
6d566dcc-bb99-4df7-99ce-afeef4914ab0,False
cdba8621-da62-4307-9753-ba9908087cc4,False
91b76c45-d9b8-4389-ac16-ddb7fd93754a,False
5953b5d4-2e85-4607-af62-752490ac7063,False
4439940d-0e58-4770-a566-0316f39ef1be,False
5bb8b9c8-8932-49f3-9ee8-9a4c681134e2,False
97fb613a-21f8-4d06-93f3-cade7a10013f,False
a2a5ef39-c163-4f1b-9f32-f343a562f0a0,False
6714272a-d981-4a41-a1cc-233c9838d168,False
31d46873-c29d-4b1c-8fcb-6df2c5e3b186,False
25e42403-64f2-402e-894f-6ed34a2f3876,False
e9ea8b10-3bd6-4a06-a22f-c33168518341,False
bad78868-cb6e-4774-93a2-014b45f7eef8,False
fc3b8f4d-fe42-4b8f-8e5a-ef220f988297,False
7f0223bc-651e-4252-b974-4cded259f960,False
89fd911f-2e06-433a-8498-a96b0d8660ca,False
b195fa9f-3afd-499e-8a19-de1f5cd70899,False
7e8450d7-51be-4dc1-9a44-914362908017,False
d56ce8ea-1959-4b5a-a7a8-f6366a35df59,False
2312271f-e55b-4c65-90ae-41e41a6ad169,False
567b9583-e679-4a4b-b3ce-cf7c90d5e87e,False
3b1d12cf-3b70-4092-98ab-182c3b1d0181,False
290c42f8-d30b-4f65-99b3-8619d1fb55b1,False
91788bdd-4dfb-4b6e-a025-7194c903cc1d,False
93423b4f-8add-46f9-9ccc-e19ff2335074,False
40b1fb20-d9eb-4495-9d7e-cb5f2b4786c5,False
767a92b7-0186-4029-ab8a-501567273710,False
93d054e4-3550-407e-84ca-bb38892fca69,False
95831d58-ef4c-4119-8da5-d39b42c21797,False
ae34097a-c6ac-41e7-93e1-4d832f8af5db,False
151248e1-1504-4b41-99c4-d7d61537846c,False
3270e4fa-abae-4f43-bcae-8081bdf070aa,False
e3f2df80-a7bb-4612-9a37-ef9d5983ce94,False
263e0670-a1d7-4730-9ec8-bcbbfd610d09,False
f2c84743-9027-4770-a460-d0d2904883c1,False
f413db19-bade-4d5d-afff-15ccb2dc6c34,False
72c573e9-58c5-4875-a56c-0a56f05ff9c3,False
d2f629ca-bbe2-47ba-b84a-996719ef13bf,False
0964fbbf-8cd3-41b0-82b0-1cfdd045dd1c,False
534234cf-1974-4b71-a00f-7ed09248c8c8,False
c82f78fd-936c-431c-b7bf-52447db2a7aa,False
9343e6ea-985a-4548-80ba-22a47213e7cc,False
76b90472-7470-424c-b9f6-b641063ff61e,False
a0a11839-e745-4704-98df-bc3ca0d4de3d,False
b8b791b0-4de8-4d1e-9fa0-bc178db969af,False
108ab4de-49cb-4790-bca0-8cde4dbbb7cd,False
a7f655fb-8b89-43fd-ad5f-62b0541e4d9c,False
7b0c036b-d23f-444f-acde-afcd63065765,False
e1d5c0dc-3ea5-45a9-81ae-c50599a04abb,False
56685b02-7387-4896-83d0-81781d05ddbf,False
8ffe38c9-d2d8-4eb3-9a14-0609f287b989,False
970e287a-0fd7-40f2-8f90-8490006e0070,False
dbd30aec-0b46-4173-80a8-547382425912,False
76b874d3-4959-4bed-9d19-11a5618dde71,False
fc4a013f-c8c2-4cfe-aadf-eef6fb2389d3,False
edba84d1-e110-4d91-8244-bc44b25c5b50,False
e4872e77-08d1-4094-b6e3-b91b3777d823,False
5da49cb9-2fdc-4992-8971-8eeadf3a098a,False
24108e9a-3f77-4cae-b318-b96d44790612,False
3d0d3ffd-67e6-449a-bc73-013b99ea5bbd,False
933c8d00-8680-4a0b-8279-1490510564f9,False
333822d1-6691-4664-80c9-937022d6f0a2,False
f6f61488-d620-45f0-9253-b6f72328051e,False
2bd7d038-8149-4b7a-8968-fdf25760c094,False
f32de530-5ade-40d4-abb4-8c9ebd1e9dd8,False
9be5662a-dc97-4a81-bdee-d56a21ddd27e,False
3edf665f-a597-4064-942a-965f1465b466,False
ac5d7133-6a2a-4cad-a8ca-5b2ecb8e2d61,False
6c5a6c93-871c-4884-9bdf-90f2ba2c0f19,False
13f39289-4dcc-405d-959e-f0fd1204f4d6,False
76aac248-edd6-4dd7-aad0-9369e0d3f7c1,False
df96048a-453b-47f5-a20a-69d3ed601f49,False
5a589b67-6bc7-4635-94de-19cdbbdb4536,False
c351c359-6739-4010-b9dc-86a923c560d2,False
ba0371f9-90ed-41d3-af44-4cf56f089155,False
b5e9489c-a331-44b0-b181-38900e592949,False
4aab47b2-3c9d-428a-a176-1930f6d70248,False
af838c06-caa5-422a-aed7-149f00fbbb90,False
e1ad640c-7463-435e-aafb-9f20783c91eb,False
6abb6c41-f928-42a9-bb51-cd747d52903f,False
23d2789d-ce2c-4739-a552-abc65a86503a,False
27d54ab0-86d6-4946-9397-abdfaa399b2c,False
04d07f29-13e6-45fd-9c99-d366c8b62c18,False
b1757e7d-f545-452a-93b8-ec305b693697,False
592c6a0e-14d4-4d3a-8b40-fcdd9cd2da08,False
1d03c3d5-b862-4cc3-9489-9c37cfa9026b,False
12fc7a87-a470-4d48-9128-b9b1f8ede0ca,False
7b90942f-973b-4977-a946-28206a80cac2,False
8e969227-72e7-4b51-ae54-ac6d2ff8e87e,False
5570cefc-9327-4b56-885b-841f7df45531,False
9d4d0658-886e-4ae8-ad80-016db16784b1,False
86c2ad8f-bb36-47b0-baed-6f49245fd841,False
2620f9a9-74fd-43d1-84f2-fd0f79474bfa,False
f6c9dd38-06a2-474c-a102-56376f023006,False
1ed68b71-3ab8-4c3f-a612-e9e5a26d18f6,False
e79c797d-469f-4152-bb81-5c56b95b7efe,False
1edbbe71-de2a-4ddf-ae24-9b726aa12abd,False
6b44312a-a565-4d41-a8d1-41dbc94bcc99,False
d46c5776-4db3-4044-a887-6b7f64694f53,False
b9add00a-ec64-4a9b-bcf1-c29e09b4413c,False
7ecb002e-73d3-428c-9916-79d3d24025ea,False
7bf18cf4-a740-4142-9cbf-7ee6ea258d83,False
6786d506-38ba-4abc-8b53-05e517d2582e,False
402758b2-f44c-4255-aa07-a49fc8803bae,False
054da197-5273-460c-97a0-3c178620a10a,False
a8b97820-e92c-4b92-a279-67a3753439c0,False
dd23ff41-dae1-4586-a358-755cbc5c3cd8,False
5eb38ef5-b240-40ca-ab05-61676a478ddf,False
bb23e712-bfd9-4996-ae5b-6379213fa67b,False
1dc7deab-b07b-44ed-a67b-6ad334be5f01,False
fe08a540-ef7e-4940-b568-757413caaeb6,False
730ad7de-27af-4ff9-87f8-9f6211a1e557,False
10e681fd-a127-4663-8db4-daaa831fe884,False
7b4d8646-58e0-458f-a8af-301f4f45f6f7,False
1ec83ceb-c201-426f-a924-b4722363bd37,False
592cfe25-b858-4203-ba52-b3839aa5bf18,False
b89f3a92-999a-4d86-99db-13028dab66d3,False
9a0f09e9-eb8b-4c11-9fb0-ef34c8497436,False
833bde78-61c5-4cc8-99e3-2dbee1cd2b70,False
8cd74c27-929a-4586-8a37-6c367d94bf10,False
e6c7e728-f157-4055-85a7-9a96b8c4535c,False
025c9425-c557-43d3-89d7-cc9c6af98a8b,False
d1b60755-81d1-4226-bcc5-6af30eac5e90,False
ab86fc70-a89c-4d28-8e08-215adbe6fc7f,False
a1497b65-cbf7-4eb1-bd7f-2fed7c2ce385,False
f79f8fa9-bd8c-4f4f-8fe2-75b124e72383,False
542e2e6a-8200-4972-a3e8-6f41406d7f7c,False
deaf0fa9-24a6-4a6c-b641-d44931f09021,False
9645dec1-840d-414b-bbd5-48637974c90b,False
d4961e60-2daf-43de-84cc-98eb803f8f00,False
f26de669-55e3-4f96-a2bf-0f3dea8b34b9,False
47d0e6ee-c96c-4090-b9e7-6f99f8f79639,False
8bb61e76-efbf-4c75-a6e5-4d66ee4ebb16,False
66132e69-7418-4109-93d1-bf0f56c438e4,False
fd55c844-c242-47c5-8613-71c199fd92a4,False
7237e20d-62fe-4cae-997e-b35599870266,False
3d6bff76-f790-4f8a-9c49-3e433309cd89,False
78e15240-9077-4f71-9ee7-6dc66fc41bf6,False
0df1172a-46f2-4f38-ac45-1540ae2356f3,False
e69cf4c8-72d6-47e9-95af-bf6fc7b0a9e2,False
850cddfd-1c3d-4e19-b745-55601fa54251,False
7eece88d-a002-452a-b88c-ddde3f2086c2,False
9ceab67b-ba82-454a-87e2-a618802993b1,False
b9076ff3-263a-484e-a048-ba6e72ec6f04,False
230b5490-0d53-4045-bdb8-5b9744e05787,False
e6fdd7af-dd84-4acc-b672-94643f8ea40a,False
18bc2e3b-20f6-48d8-9436-9f5d89cc6b08,False
72984bb6-4efa-4dc3-8bae-4fc1d18ad3ca,False
7a438217-6e77-4dd3-99aa-7cd5a67c7bd7,False
df162ec3-be84-4aa2-b92c-04da5af3da5a,False
3c9b7cd1-983e-4d3b-b176-6ffc05fbd075,False
8941bdd3-9803-482e-926a-4bd0be125f8f,False
7f849eea-c661-4011-b3fc-e192cf8e31a3,False
fb7b00c7-eaa6-4c45-8f01-fe855bbaf3ac,False
f4dafcc8-1a0b-4310-b97a-4dc81c31d9b9,False
17eaec83-8892-442f-9d4b-2bf94d85e9c7,False
255bfc1c-7e3d-4ee4-84b6-4ec14d16f049,False
044251db-d0d4-4a67-b992-8faa4cbf131d,False
060fd3b6-5f9c-41f0-9522-1c404b77cf1c,False
696608aa-ee49-4329-884a-7b28550a1b46,False
179d9ae3-14fa-4d50-a97c-4d7dd4147d03,False
1238d630-743b-45a2-9c0f-2fcfb3f6fe0d,False
e2abe6e3-72f3-4ed1-b163-ebe1b6dd5f35,False
0038dc84-a3ed-433a-a722-2ea2261b5048,False
b6eea1cf-8bec-4264-8340-55005f6bbc54,False
0bab8f53-c3a4-404f-b696-5c84cb08b605,False
4d38a8d0-10f5-4651-8b14-7f1f40c56cf6,False
6c362d23-1916-4984-8510-c97a89fd09b5,False
f205da82-a9f3-431b-9d05-3081f9e34f60,False
430438b5-32c1-42f1-b661-7a3bf9606ca3,False
8e2017e1-50c4-4b4b-ad9e-5c1eb9974024,False
0b6d35d7-818d-42af-b516-567d40b55023,False
c4615234-8044-4eb2-b66e-dbf4a0ea0251,False
e35bba6d-bd39-409d-a67f-aa8371497c71,False
3ccb9897-cadb-41c4-a00d-1e18aeadc03f,False
1dde7969-6886-43db-a634-8e784d5c55c7,False
d12b32e6-7d53-4cdc-9790-6117ed1d4adb,False
1aa67474-e200-4157-ad54-c95aaa4d52a8,False
9f64eeed-5c9d-427d-84b8-71bb300568d2,False
744cc6ae-e03f-4f2c-b2bf-fc3fae0e289b,False
743de03a-e05c-4fb9-ae0e-f4aae65e0ac3,False
49adb07b-874f-4c5c-9a06-64b93eeb2f03,False
4badb973-1ed0-4243-9ae6-9d9798fb7955,False
59b0d399-8dd9-4f68-b611-7bbd0c4fde2e,False
07d1316f-821a-4ac9-a957-2b45ed84859d,False
3737cc38-166c-4d33-8f9f-dc15dfd23d15,False
6334db06-52ac-4e30-91c8-10ef802643c4,False
f1cf851b-ad02-44a0-880c-28ad0c11f642,False
ef6739d2-6c82-4a41-b0d5-69ed4684ac73,False
1bb1ca48-b844-4438-9e51-993207cdabeb,False
03edd1f8-74f9-4d17-a912-b4bf86a4bae4,False
ff31950a-fdd0-44a1-8cd2-216f50adff63,False
61223189-35f3-4e4a-ac92-04b40306a258,False
b281738e-d7c7-48e6-a495-430e0d6f885a,False
9d66e815-5a41-43b3-a95f-176cdebac186,False
2c9de90a-b805-4e3c-8312-5b58e2a868e7,False
1a432f0a-7daa-49f0-80b6-fce2de53790a,False
0406ff44-7ce4-4679-a8c6-dbc07bb3447b,False
f204be89-4a4b-4563-8cf4-77ef18c8a616,False
fef97d57-3c77-4a4a-8d65-4036a00f230b,False
96bf02dd-52f6-4f5a-b2a0-f8512121cc4f,False
8d3a5b2d-881c-4211-89eb-597bf7ceddc4,False
cac4d0eb-3373-430e-bc31-a5971f119c0f,False
b1e76ab9-127c-42f0-aa74-bb8724f47c35,False
44852295-1566-4483-8526-6dc83f936724,False
7fb0b7b6-5b43-4e1a-b26a-cdeaa6662e73,False
9e47a339-c0ae-4b1a-b347-673637ec07a6,False
8b7080c2-7799-425b-9bd4-a24e66bc6735,False
1e0914d2-e5c9-43b1-a898-dac4f736df7e,False
4f612217-eef1-4694-90ca-e32d0aba590e,False
2bb4a408-13b4-44f6-a19a-17f6438a819e,False
07e3c39a-a925-4745-9276-9c9665262474,False
00b8a88f-9317-445d-9cd4-3dfff59b39fa,False
8208fd42-209c-44a5-931e-1d4d9abc9859,False
89eb56c1-7f42-4889-8ca1-7f756b2d470a,False
0ffa2366-4b4f-4faf-9a3d-c78020a77d78,False
ec78342e-f52d-42cc-b02d-8d1fa555dfa1,False
dabac50d-ca3d-4859-85ce-099c46b82659,False
2804335a-3311-45e0-ac5c-ce54210c78d9,False
0c880714-8372-47e0-a570-46ea5b11f51f,False
8aacb783-d48b-4d0d-be1e-70bc03c61e18,False
10ae2dfc-3729-4854-a73e-54e5b119e78c,False
13cdaa4c-b415-47cf-a4fe-fbbe5f7a6026,False
3cd68ac3-5665-4d0b-8ac2-9f1dc72c3764,False
04ffeab2-cb7b-4b3a-8b2d-158acd5ae324,False
b6f31d02-90ca-4ac3-94e3-552bfd2f1be9,False
a0152b5b-6c17-4150-9447-16cc4352acea,False
71d79665-7181-4dcf-b79e-fc6e5edb0d3c,False
ec8be537-58ab-4778-943b-45e3b6d1f6bb,False
656e5170-bd1a-4704-8801-36fc095f6d43,False
e3245730-2ede-4051-965e-040dd4946414,False
cd68f11c-a4b0-490d-9d40-111ab276d819,False
6ced484e-acde-4588-ae92-0236b1ddecb7,False
e5141d91-8127-4cf9-803b-d70b054dc5a9,False
b0a4f557-3381-401f-a3ff-8fd202e460aa,False
1c405045-4a22-4ae9-a2f9-cafe2eb23ca3,False
901b938f-b703-4e19-920f-65b31164d2e6,False
59b9222c-115a-4fac-b173-fcdf3fe1e8f3,False
61ee411a-1bac-47a7-b386-f7a4c991603f,False
896f07e5-fabb-4975-a789-3317c2afaa5f,False
76fab828-0c6d-4a71-af54-d2b9747a2ecd,False
681f9515-0d93-408b-b842-cbc6a0011ba6,False
87d75309-de77-4156-9f76-043f9a16b853,False
45f50c52-2e2f-4f77-8769-79d644777442,False
b28187c4-aa05-4442-a284-e8fd755cee2a,False
f1e7ada0-e15d-4e51-bfc9-77e4d2c7f176,False
139c4fd6-c49a-4d85-a906-612085b059fe,False
25b1ad19-c8b9-4543-9956-3604cdf94cb5,False
fdd99681-ef5e-4ca5-8909-b0039136e530,False
1836a027-2050-4d45-8b16-f0a7f6fa16a1,False
e7e646c7-0158-4463-9d87-76a072d78bdd,False
adc90caa-7000-493b-bdb8-ed7140a3823b,False
5170a2ef-e777-4664-a732-ceca2c78bc22,False
721df83c-b464-49f4-b163-b27430c041a9,False
e8c5a3b0-c6c5-4054-beb4-a52789a1321d,False
65a4c79b-2aba-44f9-b5e8-0364147f1f67,False
0890f506-5df1-4f6f-938b-d3f88bd18d4b,False
665e467f-e1bb-4399-87c4-32a0c3af3d93,False
1af0bb95-21c3-40e2-aa8f-37c74432dbd9,False
6ee35607-92ea-4324-ac93-e5962b015723,False
0ef473a2-900d-4f16-80e0-32006197337c,False
1cce08e9-6b6a-4061-881c-8d3185c69fbf,False
1ddb4f15-1eb8-4863-82f8-60445e08e249,False
1d7af727-ac13-44e8-a109-18c950168bd5,False
0075d3d5-ba94-4a66-ad7e-4a452099e71f,False
83eab8b5-d91b-4378-9d6f-affbe06bae1f,False
7d5887a5-a554-4394-b39d-ea6f06919b1d,False
6e025590-0f32-4b39-bce7-c8078c2d23a9,False
a5dd2836-e65f-49fa-838c-2eafa8097a77,False
83b5ad03-c4bd-43eb-a7cc-427447808b87,False
8cf996a3-d028-4602-a066-5e51f76d7126,False
07789dae-e478-4edc-899a-c6ce5704c899,False
944af6a6-83c1-4496-999a-2509203201a2,False
97d20300-97f3-4baf-81fe-1d86e545fcc6,False
30584d20-2711-4b60-93ac-d71bde03a536,False
7233d5af-9813-4da1-bd21-20ad5f59fb4d,False
813be64b-9c46-44d3-b5fa-46fe6e951719,False
7808a004-02a4-48e1-95f2-f85a754a3e48,False
34ec5264-ad7d-4f81-b9a0-f145a5bab050,False
52b0147b-f052-4803-9a96-8e7d0d46e159,False
7fa70485-dafc-4805-bf64-85de75699aef,False
c5a24d77-7cc3-4e98-9f39-7fa5ce96cc5e,False
637b3648-d617-49c0-a449-d64f922ddab6,False
e3c43657-1d8c-4bac-83b4-09ef2260e70f,False
5cce495d-b037-4c52-b2ad-ffa6af793d4a,False
7a199807-61d2-4319-8bcb-329396512240,False
506801b9-c22a-499a-b1b3-1c9198063af9,False
1422373f-8622-48d1-a683-e10796c044d0,False
14420114-dfe7-44a4-b225-70ff20baeb3f,False
00926d61-368b-4d68-83c6-b5324b25c483,False
c6a07656-c5c9-4b91-bf6e-f9ed7e4ce29f,False
b7900752-7bfd-4c74-a441-e11e3ee1db8e,False
05c14422-4ffe-4dfd-bedc-acb7a8b331a0,False
7e29d9a1-05dd-4fbf-bd21-0b7df5b350ab,False
4d2d8efd-57c8-494c-9e77-76ae8bec9a50,False
30799b56-576f-4264-9182-e8e7c9070c97,False
4a9ab305-222b-462a-885e-05182d756dd3,False
da7bf28b-9a23-4be3-abf6-dd3256d2bb12,False
b38046ef-ad4a-4b3c-b86a-f9ddfe83c32a,False
43470982-6808-4471-ac87-ae14f8505ae9,False
fb481ded-0f03-4337-b9f6-143bb2383056,False
f1d799af-f2f0-4a8c-9825-068b11997084,False
65db6e43-47bf-4db7-82d9-a774ea7f6c7d,False
c88a618e-fed4-457d-bb02-6576f512c4c3,False
6fa1c232-7eec-4c53-8f1b-6490bec51040,False
1ecadf24-f0d1-4a72-8b2c-7b1df5418b22,False
88917cf5-7d88-43d2-8e51-208396e83922,False
fdc56285-8f50-411f-bc42-049476d32b96,False
39d11950-8a45-402e-91f2-0d9bc90ec689,False
b1644235-49a2-4fde-b235-7a3ccc7f9517,False
b1a63ccf-d597-4a14-a7dc-08577422acb0,False
0d5d2f64-8f2b-492b-8e48-4034ad74dd43,False
6fa17735-b572-43d0-8b5c-ea6a41357e8c,False
f2d058ca-7b2e-429d-9f80-bd12299606d2,False
e9917f60-a8c4-40ca-90a4-a31afc00f3e7,False
b9a5d4d0-4237-41f1-bdac-dc5e20c0f275,False
f65a5aa3-6314-4fcc-88b6-b9a29b5358d4,False
1c852510-1bfd-4626-ba93-ef0e780d90b6,False
4ad5433b-a84f-4cf1-ab45-11214218f371,False
5c0b9b10-a757-4b10-82f5-25b902ed73ce,False
4ff85111-f875-4fd4-ad2c-cf42271a919f,False
9fd34579-4667-42ce-a04e-178c10d08d11,False
4c6694ab-57b5-4de2-b1ae-84bec7be05c6,False
04aa8f68-b9ae-4292-8012-1516f1e7a280,False
2b36b6f5-a2b3-4e1b-91aa-0c74f9449817,False
109efb40-8ceb-4c57-97e3-23cf6d651847,False
4f842010-a48f-41f1-9be4-0ba9902ad019,False
7ee667de-d93e-4a4d-aa6a-642bfabfa7ef,False
5e065732-03d9-4317-9d7c-24ce85d5bed9,False
510588a9-694a-48b3-a693-2d9532a3a8fb,False
2e095630-d7b4-4669-942c-ef0517fc87fd,False
bef0e0f1-1791-4e3c-8c75-70cc8e32ebbf,False
05d0f23a-5ecb-4693-b3ac-2f5e1749939d,False
64f22a7c-87f7-47fa-acfa-855f089b5b49,False
ba92992e-44f8-453c-9224-6d05d3692867,False
683c3806-c12a-4c55-8072-8ad4002072c6,False
750cab75-4ccc-4bc2-a53f-8a28abf3e3fc,False
f1668e89-59f7-471a-894b-08d20f1536da,False
ee6c69f7-f8c9-4b4a-8d2f-2114da72ab37,False
3d85de89-c217-4429-8e20-07247d137018,False
4242fc5c-866b-429a-b877-e049b52f5e0d,False
dcc8c801-8c57-4243-b69f-ce1ae67d9f00,False
0a58f43c-5bda-4655-b06d-ca247bc6e121,False
c068a64c-d5d6-4a82-b500-d6ef0453ab6d,False
ae1782f6-9138-4474-8473-b982d1a529db,False
c8f3332a-4741-4ca4-a3d9-9d90c964f746,False
7b67caba-8675-4c71-9eeb-96012b4b8171,False
ef7cef26-3c66-4012-be74-1860bf957403,False
54e14f3a-bba4-4ae0-adf8-f7672261ddef,False
85319f0f-ba53-4122-b4b7-96204a73b0bf,False
d66de2a1-2776-44d0-925c-7d37ef16d03b,False
d3d39ff9-dc25-45f1-9258-7a1a226e1ecb,False
f3cecaaf-71a2-46c1-b3ca-b4e3bbc3553b,False
9d148109-db18-4efb-8e53-4765ee6e5ef6,False
aedb3046-595b-4abc-9b97-23324a9b37f0,False
f2d3f761-0ba3-4279-94cb-056407437c3b,False
74d90398-c17a-408e-bf2d-a31889ee49ed,False
6c2b5781-c1a9-4ee2-9718-cfde6c4e5a8c,False
473bd358-610e-4a64-a130-1617c2dff335,False
27755e9d-a770-4217-b455-af73c0a7ad9c,False
ec9a799e-1943-4791-b9b0-7ec4f93c8859,False
209595a4-602c-4604-93d7-54d6b30269aa,False
05722bc5-4b5e-4a40-9a5a-897790ba1d38,False
9c1817a3-5e2f-4318-a44a-79cd36b528a4,False
ab6ef8dd-5a66-4316-a641-4954c798a445,False
3f3d2b89-a37a-4c5c-8a9d-3213e04b1533,False
1e5bc68b-1931-46f5-ba4d-45fded360bb7,False
61233eea-3b1b-4755-a600-fd684a69ed38,False
e041f0a3-3056-487f-a8f2-6d6384bed7ed,False
bbc41107-ec4d-4550-b570-f44d4fc55e4c,False
d98f5e83-cf5b-494d-92cc-48539cef5ef4,False
cc027d43-d622-4179-bb5a-d45d535322bf,False
ca7ecb33-787d-46d7-88df-d1f114d72283,False
fdf1d205-b6ec-484e-b3a2-dc1d0f916e97,False
66ca0baf-3310-480a-aee0-95d5c4a9d8ac,False
411920f6-d056-4199-b728-ddc20f5e8b47,False
4ce09ecb-cfa2-4fb8-8199-322e3ba58126,False
93fde248-aac0-4912-884d-7822da948e70,False
34943114-def1-4d58-9e39-2331a142d68f,False
05bba5e4-a754-4837-aae0-6e0147acaec9,False
e6647803-32f9-430d-9e6e-5122a47cacbf,False
4d844cb6-7c99-486e-b9d5-546c9a154b85,False
409d3602-5084-4242-968b-1625746f7891,False
15ac37f0-0de9-4283-96d5-aed275d106f2,False
69bba3c4-6cc7-41f0-82ba-0fed1b8dc821,False
a1ad9f14-3ae1-4f9c-8634-e0e64d2ce796,False
5987038a-fcd6-418e-ab54-500d4e089bb4,False
5e8a35cb-afb7-49ba-996d-9303e3a060f1,False
8453d803-8519-469e-973d-a9cbab196705,False
f8205c5f-17c5-42e0-9fe9-048dd08308b0,False
7a0430c4-58fc-4448-a555-e0870ebb51ae,False
8a5a4272-5f90-4e57-a472-2a76f7c90c89,False
e7354db2-5ce4-424b-b35b-9f78f55f2e80,False
d3e78237-cd21-44d3-9960-6af0aa546c79,False
2bf998ad-c92a-4b0c-a56f-fbd8c4329e78,False
39ef20ea-120e-4c83-99b4-4b98d5969658,False
e25df9a8-9ca8-45c4-a138-afe08d38bbd8,False
32239f5d-2dec-4b01-bb81-33fb0b928003,False
1f79260c-9020-4de2-a0b2-55bf67ba189d,False
1f8424bd-708c-4f1a-b1c3-5294e61cf9a3,False
cec56969-5d4f-4107-911d-dc7990c80420,False
45f18619-54f9-4429-a7de-02ccdda4f4a7,False
c0c9c3ed-8ef9-4060-9545-7c643d922952,False
078c3875-ba21-4269-a540-fbfee12ff6cd,False
7416386b-46af-440d-95d8-a81a81ceb20e,False
b95f22d5-30ef-476b-9688-43992b91aace,False
994316bb-d4d3-43a5-9e1f-1619467ba9e5,False
91519998-f293-4585-9a07-d758b357f3f9,False
9594eea8-4381-4e47-9f3c-5c8a651076d6,False
9bd972ca-0086-4f9e-ac19-1606a57d4eb4,False
f3b81fe4-194d-4447-a05b-e2306603854f,False
edb49f8d-e606-432f-920d-5830ba5b70e7,False
b3322d31-d3a6-4f0c-ab07-8653af878674,False
3dc559fc-5cd0-494c-9d76-3717995b2485,False
209f4ff2-10a7-4298-bef8-1d8520d4c165,False
bf06d520-d88a-417b-a543-38df173d5030,False
0a3169f7-29a9-4bf0-9a82-95a04b1b9280,False
8356ed61-63ff-44b5-866a-0c09b4cb22f4,False
ef4bd7a8-746b-402f-bebb-f6dfed84acc9,False
9d3616a1-08de-4921-a60c-b547e2280fe3,False
61e5cdd9-741d-40f6-bded-3f17ab76faa9,False
e54dce58-044e-4d9b-8526-aeed47a0fcda,False
44de950f-2488-4ee3-9071-3f73582a2099,False
396d1ffb-3a79-4efa-84e5-5bd56744acd4,False
3b20d154-6ff9-4cf7-a88f-c36a846c454c,False
bff49e06-59e3-40f6-93b7-8bab38151095,False
861b4f5b-45a0-4539-ade8-370ace9e9ebd,False
bbae2fbd-bc99-4291-9342-98bebe2a85c6,False
8bf9a66d-7782-483f-a9a9-b2d74e681465,False
b68c55b2-79ac-446d-8e03-87ada246ea52,False
34da1f50-b1a7-4e09-861a-1396716728ee,False
0af20a23-e3c6-4f79-aa0e-0060ae2a9c01,False
4830effe-dd8a-4f0a-9278-f380b3510ddc,False
efc87fc9-fd8e-4c60-b0bb-79d9d9b00417,False
eada79a3-4970-4d9a-89ce-3cfb2339ba19,False
5cc624ef-0464-4f52-99c0-99f6fe709416,False
8de08fc2-c3e1-4a85-946e-f10411906f50,False
2c8fabbc-ec6d-4411-878a-a79ed736c320,False
404eb634-f4e0-470e-90b6-8d0280dc3ba1,False
6e8649f1-055c-42ad-bd71-017f5e3a5dad,False
b4586ea4-15b8-4fa6-8fca-b2a910fb436c,False
18a440bd-1c47-40a5-9270-2b29a41247a2,False
929cc513-5e6f-46b9-a774-65af071c641d,False
d44260d2-5f11-4839-9203-7fc25366e938,False
a801f15e-7046-425d-bd47-4d951bd36f41,False
e09dd9e8-4348-4887-b339-3f5d8185716a,False
19dad534-be2b-4dee-b848-c332ee1caec8,False
26a1ff29-285c-4cb9-ad6d-216db9a1f8c5,False
e1d55f85-6967-4586-b046-30085fa72012,False
a8f1e091-ffb8-402d-9475-dbc996418ced,False
00f2baa4-931b-4fae-a42e-3a16e79503fb,False
8bbf1b30-9372-42e6-af20-6a9df9d18507,False
23d13c7f-1161-4b5e-ad4c-8325105a4d40,False
50392a8c-da73-4ae0-a09e-6e485e24038e,False
e90c961c-c172-44d8-a6a2-1998afad738e,False
8ccc617e-81b6-4951-8cdf-697f4eca2e96,False
e1bbb8cd-7e3a-4f07-a9fd-28e6e271fff9,False
f2c8c25e-32f1-427c-aa8c-662d290a3d67,False
402bf495-39e9-46ef-bff1-80d21af03c73,False
81b01ca4-8880-4d17-b3ef-e892e85cc863,False
12431159-1df5-4402-892c-a61297affdcd,False
46d162d6-3faa-4fd6-b730-d07ef93c8285,False
2caf3d2f-f026-4418-bd3f-bbec697ae294,False
c1472ff2-2ad4-4bba-80ce-350586780a98,False
23a10fdd-9402-47be-8deb-dd3c528e0ae8,False
ccca1e14-c3b8-480f-8440-8e983d53ec43,False
e2ad828b-113c-4f25-8b3f-953a5e75788f,False
56516ab6-5f7e-4e7d-9d68-9315ccda78e2,False
dc6bf2c8-db18-4d46-8029-d6335b9559d0,False
bfb8abb9-a18c-4492-b4e0-079a98fb4727,False
755d814b-5f5b-4255-a544-9887b36ab3ed,False
fc16f82a-b682-4487-af45-88c3277747dc,False
5b7e24ca-722b-4439-b869-d3c9d743b5a8,False
98c7472a-864e-4a13-829c-fc0cfa02eaec,False
e52a33e6-fec5-4a89-9db3-c0756fb9de37,False
28e9209e-2470-4fcc-a2cc-a6611a2a69d9,False
9860f848-a74b-4973-b949-54dbfb2cef68,False
f1224f43-c527-4f35-adc5-60443016b62b,False
82e2b02d-8dbc-4e5a-ab4a-ede646a52064,False
2dd2d8c0-76da-4875-84d6-21487fa372cd,False
6420b22a-cae9-450b-9693-ffd8bc6232e3,False
6035d9af-4a68-4bad-9af4-cf72da622059,False
47155ad3-8ca0-4d2a-9a93-98e6f487b599,False
d2f18f28-a61b-4c7d-8511-2d7f12ecaf24,False
bf0d073d-821c-4336-9970-cf60ebff8d15,False
2f63a62d-03d0-4c19-9df1-f0f5d0f36c28,False
b52a9e6b-c8b6-48e0-92a8-50c55bab7f4a,False
c921057c-3f05-457c-902e-d818013ca998,False
79150e99-8ed3-4834-bd72-1fc205e0c019,False
326684ff-3ffe-4652-aac0-32fa130e8618,False
806a29ad-f6b2-4778-be50-8d4d293a60be,False
bcc4f087-7a7e-4c31-a627-61671d121daf,False
0ce06819-24c6-4f93-a081-9bf56940240c,False
d1f16485-429a-4a7c-8c80-d33aad5be3c8,False
30794bd3-4ba4-48a8-915d-4c4315678e9b,False
eade7b17-b0d0-40bd-8dff-01baf0db6ecb,False
fb04c6b1-022b-4960-8f00-ba6af189d0b1,False
e6b31a27-703a-482b-b364-5c1b15b9d469,False
33f60730-9665-4f7c-8f70-b88bf06c69d9,False
93efe8f0-395c-4d62-b3c7-fd751bb9d499,False
92004957-b161-4d16-a9a0-02a45acd1e90,False
346003a3-67db-4a91-851f-cfef8305a8cb,False
23a9654d-f679-4544-9acf-614ae834fb5b,False
6e191042-370b-4063-9d90-e79eb888f6ed,False
f480b91e-700e-4efc-a4ff-c31a5b86ea69,False
44296ca2-1257-429e-be08-5cb73f09f7a6,False
a43e558c-2215-4f00-9fdf-0e05c0cef31b,False
3a9048cc-d063-43e7-ac7e-f0abe1a29ffa,False
817c6779-d52d-4f91-864f-e16479472ea4,False
0f844fef-1931-49ee-a56c-0941fbf24050,False
a6685e80-f16d-4fe8-ac50-4475a4165dd1,False
22087d01-f41c-4c7d-8319-f3694d8b876a,False
4b657bcc-b041-4f19-bbe7-18354e8bf78a,False
cac19d2e-1d15-471c-9100-1ab9dd42da67,False
abb558e1-cb9a-4ed5-bdbc-ebdbb119779c,False
5dcf19aa-bb3d-451c-b893-dae943ab6168,False
e9b1c4a1-da22-4b85-a9b9-2a1d457498ca,False
aeb4eb8e-dd23-4782-927a-1a33f5110f36,False
bd303739-8f5a-4787-8edd-8e22536019db,False
419b7333-9b8c-431b-8111-61a7339b2275,False
1ccec1ef-16ef-4cdf-9375-ee61ec94503e,False
51f8deb6-3404-47f4-8a48-28afe4ff5eec,False
677a72f6-6e0c-42e9-b817-9896c6b98ce2,False
10fab909-fcfa-4e61-ab7d-71bc17956e87,False
9fc2e952-4e0b-4c8f-a07d-4d6c01d0468c,False
cb371d97-cdcc-4d6a-9a16-998c7648776e,False
ba554e35-ddc8-427b-a623-b91a72f68fe1,False
f714bab7-6ef5-4d48-a98f-8c8ad63c04c0,False
66db005e-9488-4285-ac88-d2576831429e,False
ef5e4a66-4fc9-4cd0-af2a-dff8cea4f9c4,False
2ba17f78-362e-47d4-be4c-943a3dabba61,False
fee5ce69-33cb-402e-ad84-414df54191ea,False
f1901b7e-c6b4-49ef-b74e-ba9310275b53,False
37f5c238-6559-4365-bc00-a0f0dcf89878,False
00937ba0-65a0-4e43-bd2d-ca8673020b26,False
f3d04ffb-4470-4848-929e-cc924a11be44,False
119fb03e-9731-4c91-98b6-691b74169e82,False
57cad887-b916-4c61-a2d0-0779724d3c00,False
8b0a4802-bd64-48d6-b757-ec69c09c3207,False
1122e28f-6c18-4b52-b3b9-66e28eaa0112,False
d79570be-bf30-45c3-a2a3-00712c47a51f,False
b0d508a9-e4b8-4e89-a287-729e12194d94,False
3360d115-48b5-4c88-8f63-5f4a2b9a118e,False
5168bbf2-97af-4bde-bc8e-9d782d14e9f4,False
141b9098-8892-47fe-8f2e-45efabbe274a,False
4603c9ee-d463-4183-a231-72118578b1c6,False
c3cb0c28-474c-4a29-bfc5-ae23b9a6bd75,False
e3346bd8-14a1-464b-adea-c5b89cc862cd,False
bbd0fe6c-6108-4fcc-8186-722ba355ad05,False
485f7888-1e23-4a4b-9e21-741fb8011026,False
16d4fdff-f260-4a26-b025-f0410aa86e33,False
e45a87e8-039a-4ed5-b337-b2615f8392d5,False
64404fef-984b-4bba-b4fc-8fdd875d24cb,False
a32c5e99-fd26-441b-a21a-7c4e60ac4a64,False
565ea7b8-9514-486e-94ad-2b8630b874e1,False
df69a560-9baa-4785-b8f2-17f0b8314c26,False
fdc419b2-0a41-4919-8b52-46f3faed5777,False
60cb9e17-c93a-4471-8e9d-ef4ec7affa24,False
6eb1de50-c1ba-4834-8aec-1d2d63a7bc90,False
19e79a3d-e920-4a24-8304-93f0d7c713b7,False
f2d1e6c1-fc8a-4016-b808-0dba6273f164,False
84fcfcb0-f5e9-4352-b745-39f2f1d188b9,False
7606fa34-51d6-4f11-a569-3e130efa8993,False
78aa9c52-d6ee-4772-ad73-5097a0c4e637,False
73253aa3-ec17-4298-943d-f5b3a58e83dd,False
df3334c6-9823-4b06-991e-a7e6afe2a940,False
c6f903cf-4027-4514-ba40-662f9243a301,False
70c23600-2554-4c1a-9f88-dda37134ae6e,False
47b885fa-78d8-4dd6-890a-886c36442939,False
39ee80ab-46c9-47e0-90c5-9550f69a0539,False
4083ff8f-e10a-4f9f-ae2c-219ab50f2f5c,False
f09ea0d0-8e2d-43d0-8097-d5f0f6be5f8c,False
546fcba3-b336-4143-a6cf-bf5144352e6f,False
1e7d8f7b-8d59-434d-84bd-604fb5502e2b,False
00a81de9-d20f-47d0-8465-6d6b81fb18b3,False
18963a6e-6fd8-4533-9577-58f5e03c63df,False
d50cf57e-3dc8-419c-8239-850b97ae50f0,False
91312064-101e-47fb-8532-5a3e6759d978,False
f394c60d-c2db-4aab-bd41-1a05833cd4f2,False
5401e034-45ae-45d2-bbbf-d6926f125321,False
05c8234b-1d76-4a66-b5f5-9cb0cf685878,False
d4488069-5a9b-43f8-ba09-a484556ed0d1,False
eb536282-2aee-4929-b424-a7a0bd1e9e72,False
c9425b82-0c20-4760-814f-5b9f82a54c56,False
cbf925b5-6418-46b7-bf2b-43b422e9e527,False
dc83f96f-52a6-43d4-be58-a9701aea2c2c,False
74283491-79c8-42cb-a8d3-110e96bfae6e,False
58d687f6-9bb5-4052-9a88-d62a55812914,False
922e3abc-7ada-41a6-bc2a-5ca20c921749,False
6c905f13-ba7e-4b51-9892-e71aab87aea4,False
2ff8107a-63ba-4d86-9b0e-70ad922bda48,False
c27eb09a-77f0-4674-988c-a047e6acb189,False
043486c3-a64d-4c1d-96f2-83191a936d0c,False
cf1643a0-8860-4b56-a34f-2452efe9e8c9,False
67cbfc39-f54f-4b92-8442-906f2e16f0b6,False
fc31654d-f6ae-4936-8071-4e0f2b23ace0,False
bffbce28-7933-4a49-ac7c-41067d845537,False
97187943-6168-44a8-855f-30a134a450e3,False
ae2e7dd2-19a2-4602-a8a3-d3a35fdd67bb,False
b67af865-cfc3-445b-9464-cda8dbf7fa26,False
1d447f41-79e9-44e1-bdc4-d680b3c95502,False
5dbe0139-c895-48d9-8907-19db252a95db,False
c5954f39-cc5d-46e4-bbc1-0bbeed1c4d70,False
bf67de42-3a0a-4b59-8538-4872deaa543e,False
9347f486-2a44-4a88-97f8-5f5bf1e2cce7,False
8844276d-c0a7-4490-9dcc-48a562c8570e,False
ec2a322b-a901-4e33-897e-f98dc25a6eb3,False
0bb8382f-916b-4250-8945-8e1bcb0de65c,False
55b85720-87cd-4444-adba-97542d95d98d,False
c5798f5d-9690-40b0-9182-88dd16965a15,False
b189727f-6a8d-4a70-88a2-a172e30cdee2,False
6f07b60f-9d4e-4b5d-a120-bfba1689e0b8,False
3efa528c-34b6-49da-87a9-efafb92ab1b7,False
f0f7ad22-c76a-4e0f-88f0-91f09b8b38ae,False
e2aebd53-b89b-4995-a32e-3ac453fe40e3,False
8aad970f-3401-4fe9-a21e-1d14d33b05e6,False
41659d74-a93b-4a35-8332-b29b80994da1,False
08175dd0-e6a7-4af7-94ca-6897be71cd60,False
8d8164b0-f85a-4287-93ff-c45f2b80e44a,False
50aefe0d-f836-43b0-81e7-719cd667a724,False
83666636-68d5-46b8-a6ce-6d7a44e2a94b,False
bf2d57e1-30f0-4f6b-973a-905867d1cb6f,False
c8ecb641-9267-4e10-a050-df248522496a,False
6b5341c0-2850-4932-92c0-8ee46a35567d,False
9360715f-c3fe-4183-a172-b725db52ca58,False
e2b845b7-f0f5-4dc1-91ed-43ba65c65e05,False
25fa9f8d-c00c-4ab9-a257-37cf18781ae5,False
f7c8435f-8c83-4c68-a6ac-e59a5e85643c,False
5cdbb28b-be6e-4511-8b2a-a744e14f043f,False
af32baf8-811d-44af-a8ca-7483dc0e3375,False
ce3714af-99b4-4350-af2b-99b4d9acd158,False
f0a968a6-aea2-449e-bdc2-c940fa26897a,False
7f258778-8140-4ce5-82e8-118f9ca3d9d1,False
dec56dc3-ad96-4213-b0a9-b97f7557c28c,False
32a807cc-2c47-4336-8006-1add316c00bc,False
f3f48d53-1120-41b7-9b23-91f0f620e4c0,False
a48339f7-c703-4a4c-b150-f94fe2f2cf57,False
d294100f-823c-434a-bffb-d93b2b15619e,False
f4acc7e2-fa57-4cea-b957-134490a4a421,False
301c6abf-c773-4d46-a6e6-a84a46178161,False
7108022a-12a8-4ff7-bffb-bc83d8c80184,False
2a6504e1-fb2f-4e8c-aa46-391177e2f124,False
0b458c23-eead-490c-8f9c-78bf010d583f,False
da495408-0011-4e30-a268-d92f1b757ed1,False
f5c9b047-9c10-4572-8f6b-40d09efba58b,False
a3593aec-d5d1-4ae2-8940-e0fa08509d96,False
6fd8440a-5283-489c-831f-37eb2c981221,False
5a5226e6-9d64-4932-8066-853d6de299a1,False
c7cfeca8-22b9-424c-a744-3fb881bd55d5,False
be66de49-ca6d-4803-b75e-a48f6f747d68,False
928b1e4b-4c47-4ded-b2e0-6bb41fef9a77,False
c7fe8dee-0bc6-471b-b25b-76a6f89c2ef6,False
6fd2b471-64c4-4c04-a3bf-37c26ffe5a67,False
fe12ace5-09f0-4f24-a28f-553768a64d97,False
5e99c568-09c7-4e3d-9a98-5b74ceb3c70f,False
b95e44e3-9653-49ee-905e-c9d64c32a0a2,False
f62162ab-6ba6-4252-b76f-fd036d7bba17,False
d13b3a4d-87f1-4ab5-8e82-373e42be7d36,False
0927d2fc-0306-43e0-8e3a-bb8ae18f8b8e,False
f6ff3521-c225-4530-952a-53459682d9ff,False
16440645-f17a-4355-85b3-f11620629446,False
fe60afde-4200-41aa-bc82-6fbe395e54f0,False
07480379-3ea7-4419-a510-af65b0167db8,False
7ab4d358-8f60-48e7-9cf8-5fc4db6fdf8b,False
b9d9c1dc-1f9b-42b4-a6c4-ce9be483f4f1,False
fdab0afa-dbc7-445d-8994-41c5ad8f6932,False
f740d87c-500a-474e-af65-e8ccf9cf8499,False
e0c2442e-eb38-4cdf-8fd8-2aba0a6dc4ac,False
62ed5403-88d4-4ff4-904f-3fc56400bb0e,False
864b789a-cd9b-49fd-a04c-57f62bb47157,False
9e1823a2-3708-4b7f-8c27-4beb330f4bae,False
9b0dfaab-049f-42c7-b1a7-d537b0ec7074,False
0b7ce5c6-9096-4629-91f3-90f4fa069889,False
69a31ab6-5ced-4a62-817e-f8408ace3a10,False
b1c8d50a-1e39-4f21-8775-cabfdcff5f1e,False
a9a0758e-f3a7-4d25-940e-35219a26755a,False
e0ebb3c7-b8a3-43fa-b769-44b886b5ca8f,False
091e11df-a2cf-432d-8c34-f9de531b1e76,False
6dd013f3-87a2-4e22-b298-b8110b1ec578,False
c3f67602-0879-4480-87ab-777056724b4c,False
7978dc84-ea89-4979-baa6-d6eaac273009,False
e82b5b36-4269-428c-8bac-bedfff5a229e,False
df41e335-b9ae-48e4-a615-99c8cbf81f86,False
9549c931-e9af-499d-bf67-1eec3da70577,False
cdeb8ab9-9ece-4b21-a9f4-07eee9320c6a,False
c28fa16b-0aa6-4cb9-81bc-be59d296a12d,False
6d56ccd8-0006-46d1-8715-60e4935f6c60,False
497bc13b-d2de-447d-8455-d60e69958fd1,False
373aedf8-431e-430f-8387-f74d1149d096,False
7cea2045-c268-483e-a32f-2e63b7fddd71,False
a605b7c9-fb07-4e93-8a37-31ab0be3534a,False
b9ba04a8-54e0-4a94-8682-ca38fb780253,False
06a241af-1d0a-47f7-b5e4-a4713fe68c9c,False
9ae5fbbc-0f65-4cc9-8fbd-853a790f2b45,False
dd16663a-8183-4bc0-80e2-cd0484c48ac0,False
350c559f-09ea-4c35-9f65-206e83a17fac,False
78f45889-1e49-476a-90d5-2b99a2a1a620,False
fea82e3a-b544-41cb-9541-0a9d090aaa93,False
f5d68c8f-299c-4d73-8295-f5c984d77929,False
3354b4be-42c9-4aaf-abe1-3e78568a220d,False
4e7ed827-455a-4762-b428-a656b3ee4d3b,False
12068ad6-12aa-4a4b-88ec-a4c81a71064d,False
4ce33ed4-9779-4ead-b3bc-daee0d211dc4,False
66edef30-2fa8-4808-b8f1-6861e3e3e73b,False
f91070e0-2cce-4cce-a994-a2ca7738381c,False
c605e58a-4845-4343-9db4-49dc77106966,False
e9f8e115-2d8a-42cc-bbb9-bc20eea21c48,False
34fadee1-0696-4d48-98d4-2238331de35c,False
53cdc93f-b84f-481c-a379-6fa5b84e203d,False
84372286-f4ea-4fa5-935f-d8d22839d888,False
e8780458-ab48-406d-ae8a-457fc712cf67,False
1a5ca752-2705-4d96-97b7-32b313d579ae,False
e28b40c6-852f-48aa-8e2d-df52fd8190c8,False
d8842354-7613-4f44-ba88-f16259f8068e,False
23baa2ca-a90a-41cd-b4ac-51f0fcf086c5,False
9cf021b8-4fff-4b59-9462-8786cc502a89,False
2575dbd1-45f3-48a4-872f-a86e55616496,False
efd37a6d-0c74-4518-abf8-43df96f19d54,False
08e94548-9b16-4cb8-a7bd-1db7f7808afc,False
deaeb0c0-a8ac-4ab1-afa9-d02c9e4c4be7,False
31f3f0c0-22f3-4068-bc0f-549d02740f73,False
d28fcf68-c871-47b3-8468-b74d85e3ade5,False
8be27516-342c-4348-b63d-75f189bab9c8,False
2e740569-5346-405c-b60c-2dd39d4e42f2,False
b81bda1d-386a-4050-87c5-8839c42cd0ba,False
acdfe0ff-c5ed-4982-b60b-36736422a73e,False
52ed2487-8aa9-439a-b26f-f6fdcec98bf1,False
7d76ab58-b271-415b-8af0-9ec34b726a7c,False
8bea75c1-b866-47aa-a3d4-526b2b54ff7a,False
ce3fde9a-12aa-4ab4-be59-a0d13c5168b0,False
0f5ae9d3-8e6e-4003-a14f-3f12cfd01cbd,False
8ce285db-db30-4078-8435-0ad5c04675c7,False
8393a544-c37d-435e-aef3-d69b7ccde71e,False
65edcfe3-4f2d-4d3f-90d4-de39161237c9,False
9b792afa-2a3d-418d-a754-a29ff143e545,False
a5c5afe1-89fd-4534-a4f0-78a1c89d43e7,False
6d1e0d7d-1402-46ee-81e6-935f3c7ed208,False
b67ffa23-7762-46bb-a634-8a1b7c9d575e,False
9ee31563-d328-40c7-9b2d-e07e53c45254,False
6d0b4f01-cf09-4990-bb5f-b4278fd1bc4e,False
1d191f64-f8cf-414a-9ea7-e1ae7006a2c6,False
25c37945-8063-4ce4-82e4-1a50d33650db,False
334a34a8-8bf3-49a3-b31a-dd22bdddbd36,False
6a3098aa-6729-4b46-8418-dce5fad5ab17,False
10e436c9-3d53-4dee-b41e-2e7c00da1e3f,False
ae7cfd14-7577-4730-868d-a4b2f613bda0,False
06a4093b-49d6-43b1-8593-53fa25e4e633,False
17e8392a-55ce-45db-9e87-e04ca2086977,False
2fe938e4-427b-4ffb-9ca1-adcc9cdf0664,False
d789c624-5e14-401b-bea5-9d94998c603a,False
2adff941-93c2-4f31-a495-dbf92632fa9d,False
cfd42949-e33e-4976-9862-5813b28d7506,False
c3a00c6f-2321-41e1-8471-04c036136e15,False
a72d0bf4-c84d-46c0-8021-a347a8c34b25,False
9b72a9fe-669e-498d-a3e7-3896c784ef4b,False
0db1565d-6d70-499e-830b-105742fbacf1,False
e33fc52c-4570-43e4-a53c-8f74a5076897,False
705faecd-2edf-402e-b531-8081b4effa29,False
e7d73d1d-69a3-4991-b634-646c5806a961,False
2cc9abb6-86e3-4e9b-a047-9ecbf5538cd3,False
6af31899-014c-43a1-a5f3-d46692de0df8,False
24f43c62-b523-40de-9b87-d29c4cfd0fc1,False
d498736f-6eb7-408b-bf57-2473098364e3,False
27cb6f2a-8da0-4097-be0f-051b1b66b5a9,False
8971b1bb-992b-4a0e-8a85-7fe44014c0f8,False
034f2029-1545-4b48-9b4e-279bfbab907a,False
b8692e43-3fa7-4954-8bfa-fb8c623c2c71,False
c7774fae-6137-48c3-9c7f-aca62e671784,False
8fddbebc-f7ff-48d4-b509-f08a2c988bca,False
fa1d8ded-7dc8-47a2-adda-a3b60ab84fe2,False
c972d38d-3ee2-411c-afd2-908feea163a7,False
f3402dd3-4515-45b9-ace9-504b03d7f962,False
c9a5c042-c878-4b08-91a3-3332d882ce3c,False
e6829d8f-9a43-4a95-b672-cdbe7dae4677,False
eafde7d9-5f73-4a3e-9d28-6aa428a39779,False
b27c1721-89d4-4ce2-8f50-b59873bd980f,False
3527bcee-d343-4f88-91f3-79b18ebb8208,False
bd86a1ab-c16f-4ca3-b854-f2ce102c89ba,False
f5f3943a-e8e7-4030-8203-83406372d635,False
8b8a7166-09cc-4f05-b45f-44334743968f,False
bd20c36a-2705-44cb-a704-b1152a85e3b1,False
4bf66063-8b91-4e2d-aaf9-ee3ee432d37d,False
20d4ba18-93a0-4478-800b-19de38db128d,False
b1f9ab31-995e-49de-9cac-41f82e4001c1,False
0c906c01-3b44-4abc-942e-c8b0cce52711,False
b4a69f3c-8d3a-4d99-b11c-21c9bdc14f1f,False
4d2cd22d-cfae-4f3f-aa46-dd26e07ab79d,False
b1b2b5f8-8b66-4d1f-979a-7954c98e3f5b,False
53f42383-21b7-4e70-a647-bcfcc2886352,False
ae423568-de14-453b-9eac-41d9801f4909,False
db00ab4c-91e5-4e86-aefe-02c34276bfe1,False
e0864418-7f3e-459b-9638-613769f35b2d,False
91b6aa01-74e6-4f83-af84-4b8f54f5e2f0,False
c6fc40c3-03cc-4a33-9db4-d496a8d89b3d,False
cab21438-8557-4c6c-8a23-b722c2afba28,False
acb83fce-b3e1-411b-a128-04c5f94e485d,False
4fb67094-123c-4911-abd8-ad4d3eacdb28,False
60ddc7f1-2ce3-4822-9080-12b896c56fe7,False
47fefddb-fbb9-4f21-b32a-322878359656,False
9e929f50-995c-412f-aa96-08bd0f706894,False
eb93f78c-620a-4158-9d2d-904f78c59073,False
96239346-29b3-42d3-88e6-36b5740da9d6,False
d0cb079f-2f5d-4f13-b59a-97252e77abe3,False
0858f527-792d-4499-b497-375c366fbddd,False
2a9edda7-761a-4914-8931-b2d4d3def87c,False
1053adba-25db-48d1-b4d0-aaeade19893e,False
a5df6f85-bab5-43fb-9dfc-d1d5cb863dea,False
aaa54056-7928-413d-91f8-8167796c39ad,False
069d887f-9ad8-4fa7-b7f9-0812bf9bd810,False
96bc3f42-797e-4c89-9bbc-af4503d7f55b,False
1ff49f0a-9435-4cb1-b24a-f3fba016db34,False
f41978cd-2dac-488b-81de-6d58518e58fd,False
eb3cc270-e188-43d7-a573-dc3049b49625,False
5cb9635c-75f7-4b07-ba49-62d177e43d33,False
693e5fcf-c080-4ba4-9e07-809d188854db,False
13aec376-c359-410a-b1a6-014c5f3c44dc,False
e7270909-0500-4955-94d7-1e4a13149627,False
6c5b07b6-f127-47bd-b862-32528c45b36c,False
c51155ff-e7a3-4e81-a3b4-c08b6b8e869f,False
23d26b8d-ae46-424d-91d0-5ef3a91883fc,False
eda413c6-eb84-46e4-85fa-e0476f669013,False
b576255e-9854-4f22-a102-f9c964575bc4,False
f07bf9bb-20fd-4784-add9-a87993ee36ee,False
d85a4e1a-66ed-471c-aa98-979991354949,False
5436deb3-f229-437b-a169-d799062e5424,False
6dc75587-cd40-4648-a353-98a63a6a22d9,False
e7f8daa8-104c-4b6e-aadf-1b58d4a84169,False
4c91ef0e-644d-452c-ba36-96cc7ccd1ac6,False
dde4f5c1-532c-4c01-b017-c5337d6ce5c3,False
62e7c1a6-12d2-4a06-89e1-cd138da00495,False
2efcd60c-5256-4d59-857f-2f3e61a90fb1,False
a8049463-0d36-45e4-92a6-f3e62b48c6e6,False
f06b6c12-9c8b-4550-a4e7-0f9a501a0ccf,False
2899e850-dd32-4854-b3f2-33b742d4f31c,False
17a85108-43b9-4b02-b089-8400b2932bfb,False
49861a4a-0025-43ed-a2ca-9f04609eee72,False
c01d1c62-ba0d-4f1f-a325-85b486daf596,False
10b7de33-d627-424e-8f5a-f64ef21b7a7f,False
44c1f1b5-ebbb-4763-b9a7-e63bbee975da,False
40c8c7a3-82e8-47ae-b545-dfb308a47ee1,False
22530aa4-15d1-42b0-b6a6-b583dcac7b04,False
ccf3a171-56dc-4907-ba6c-34ab6712303a,False
4051dbda-d617-42cb-aabf-1a086b6de0da,False
3610901c-2196-43b5-bc21-109bba27bc64,False
24eeb4a6-c145-45c7-9d98-6115f05eeefe,False
9696e833-4728-4df6-8532-499e08a43ec0,False
b354f19d-3d22-4110-a63f-69ea0d5098fc,False
5f8a2e3c-1e9d-495b-917a-d9bdb1ba0bea,False
9f9bc7bd-5c3d-415c-8a74-982e56ca0fb3,False
47a2a10b-b62e-4b49-a472-96a4ff38b918,False
6ba57136-9144-4442-82d8-a7f546ef7aaa,False
23fd6ade-c17f-4f19-96a3-48336bc152ad,False
5b59f28e-a9de-4b26-88ff-eab0075072d6,False
b67819ff-9bca-4ac2-9786-e4b747c3c3cc,False
a03c67ff-4f0d-47bc-80c8-b0838faf04ba,False
0534a101-8ddc-4719-81f3-8dd4fd034ada,False
2e709838-0190-4620-99dc-abd056febfb9,False
d73794d5-4cd3-4406-a0bd-60442e18b22b,False
f7b8a5e4-80a5-4e0d-8016-7fac2003c81e,False
7d34d5ec-c36f-4008-8cdc-ffaf7fec01d8,False
e8dd5e5a-1712-4b16-a1a4-344fbb7bee03,False
6df3be7a-af61-4ae1-83a3-5aed33440c51,False
5ef787b8-f2e6-495f-b32e-2016add702c9,False
3ff93134-650e-48e4-afe6-33f18f807d8b,False
dbd34a94-8a99-4027-a085-0656a22646f5,False
e4dc4306-8b20-4e3e-82b7-c0488d3543be,False
3873e57f-0ba0-48e8-8ef4-92c1aac93316,False
98a0db61-0fa9-4695-89fb-4d4bc3254bc3,False
2a6445d3-48e8-4f79-98eb-a4621976a39a,False
9c174363-bc44-4b36-989c-568d5674e177,False
a53bc024-d1a6-4d87-b54e-2019ba35844e,False
79fee842-e4cc-4065-abd7-f764f8d592a7,False
17101a77-3d88-4b62-b3df-2a11b79257a3,False
97d02f8f-affd-443b-ac69-1f0442bbeaae,False
c4f5b03e-5af1-428c-88ee-46bf571f7cdb,False
b705e692-3faf-4b34-862e-27af67b4c897,False
f31fbee0-358a-4854-89b4-af175e6bed7a,False
ac49b6e2-27a4-474d-be02-99f6448e8117,False
3dba6da8-5844-49fc-914b-9547c9dc72b8,False
8505d91d-f28b-4fb9-95bf-1edb3b79da1e,False
0dfef633-2a31-4dfd-a166-7c7cd3c6e5a0,False
34885a46-9088-4eaf-8977-6598203c8c25,False
334dd7aa-25c1-4899-a89a-92c5003742ae,False
b5a6571c-4fa5-435e-90cc-460428b26b1b,False
fad2fd69-3fb1-4376-b1d2-8c69bb88cfe7,False
bdce4d4d-03a2-4ee9-81c7-d9b3db9c9b7c,False
21962a11-c90c-41d3-b28e-10025766fe0c,False
a1d770ea-c704-480e-a246-6cd702ed5d15,False
33611134-b012-40ab-9fa8-70407c260521,False
f997f697-6fcd-4f50-a86d-e2517c98756f,False
b73f6e64-378d-4f8d-8761-f9da039479c1,False
eca04629-e05b-47ea-80a1-5dbc695f34ff,False
df15e667-6812-417c-9946-601e90b84f94,False
6b15c11b-b113-450b-9ea0-50c6eb9ed274,False
4679fe6e-9177-4972-8207-291eb3167953,False
c1886c58-5208-42d3-9c21-592004007c5d,False
130f0872-966f-4d47-8321-4b1455928cd5,False
db6f3ad4-0cce-4325-9e88-ebab07fcb800,False
66fba71d-b3a9-4caa-ac6f-6d2e6a59c043,False
4aea1b8f-b43c-4e0a-ba9f-c10e52daf681,False
f69072cf-ac7e-4cc6-b0cf-3e7f5c58b8ba,False
e2c94a44-2248-4e75-9885-dca5cac5ebc7,False
7c8dc9d0-a1a2-42d0-941f-b001f7bcbc14,False
205c8491-a061-49db-b172-f63648bfb602,False
6c878546-7faf-4458-af14-f7775dad348e,False
bd5ff093-c16f-4bcc-a243-bed754ec3f33,False
7d05955b-0d9e-4328-9f99-7c8097d38ab9,False
764f6842-f955-4aad-b5e0-bcbf5420d149,False
6ad5401e-07e9-4b0b-998d-eba36ec8261b,False
a358c4d3-fc76-427b-80cd-11a8301c8108,False
44b2e5aa-f334-4f9b-badd-e398c09eb13e,False
af66dc57-ef54-4897-80fa-07e35031d661,False
bbfb1b71-0a68-4eb8-876d-e8c5440c7e5b,False
4e954929-e58b-4d2d-8d4c-3b8004251c71,False
26a9e100-b509-409b-9166-58ce3b3f3800,False
44725ab7-bc44-4417-914b-a9bb60f91495,False
2d1b143e-1da6-436d-acc3-f8aaa9943d14,False
c44b04e8-f51e-4df3-86c3-998e8f14aac7,False
b45c9a54-5fa3-4531-9291-6e60f5e72daf,False
6431d4a9-ca1e-48d9-84ed-bacfd8c42832,False
f7ebc69a-b428-4f0d-9a6c-f45952f6531f,False
2310c9fb-0d5c-4547-b847-91e0e55d32af,False
95dad216-a6cd-4e3c-ad13-0705279f91ab,False
779d7db4-23ca-4f2f-b9a7-59de2fb9950b,False
98af5cca-6b11-47cb-a372-542482c56b21,False
836f224b-0b8b-46f7-aad4-4e111397a29f,False
19fc8579-acd3-4f62-960f-69fcf6a646ee,False
49ed856e-723d-4acd-b601-e005c4c4f69f,False
7b6deeca-32f9-4ae0-93aa-84b0d65e2bcf,False
226f93e7-9e5f-492d-b9c2-92597310453d,False
e08596db-1d87-4966-8710-d430f071d879,False
52a80809-20d1-4fc0-81c1-aee2e7235658,False
453b45fe-636c-4499-9254-aad3809cd839,False
a8addf36-ddf2-45eb-a8a3-f341c8819065,False
21d7ef88-448e-4408-acce-bc8640ac9243,False
77fa7bbc-cc68-453e-9a9f-d637fc7aa2dc,False
53cbad6c-171d-414d-9de2-2a23e47c666a,False
c4d6afc4-4e63-44bc-89b9-f6c0a3d853ec,False
9247e851-2e0d-4860-b362-f9b74795cd1d,False
548e1f6b-69ce-4e4e-99a6-92c90d700ea4,False
36df253c-ac98-4942-b093-71b5d53ae164,False
f2612977-7fe5-4edd-b4d3-87dd557c9198,False
ec2c1148-d67d-4117-8c77-15050f95e5dc,False
e13ae6f4-b5ef-418b-a90e-1a7e75be1ba7,False
827c9f8c-d40a-45e9-81df-6517561c9210,False
47eb1172-2d47-484c-943d-9bff1a89383c,False
3d44cb2c-ea45-4a41-a589-ada1345af934,False
1fac9217-e36e-4b7f-917c-e0825572f1b3,False
c4ea4ece-67b6-4467-9432-d79794f6c67a,False
c3dd1d6a-18fc-4899-9c86-a6f929f5d43d,False
066208b6-96dd-4b80-a078-6e8f54909f0a,False
a48e40f1-d042-4dfa-96ab-087a8bc78e81,False
3f738f50-19a2-476f-a8dd-2bfdf956be95,False
c02627d1-fbd1-40c0-9bfe-679afbcbd6ec,False
5513b74f-4ffc-4c54-9b0a-31ea9dc6d783,False
06e2ac94-9620-4553-b860-b58fbd8cc32e,False
ab30f1b1-bb4c-4947-8748-b576fe3a4f96,False
9f708368-cb3c-48ca-a392-57316b79afcc,False
c2978392-5c80-4220-9f77-765f2e5ce13a,False
6e76936a-a634-4d1a-adb6-10f4c65de86e,False
537356f2-cc9f-47d4-9da0-b6add3bb447f,False
5d15c129-9425-4e90-9aeb-50557d692580,False
35c0c003-d2cb-43eb-bd52-3fad3fbefe33,False
00e78824-33ee-46e7-b5de-feba21aea39b,False
f72169bb-8096-4718-a051-acef097a1e10,False
46327360-c45d-4c03-b4f6-b97ef998aaa1,False
233e84ac-3e3f-4da0-af98-ad3371d2e63f,False
f104ad27-ee75-434e-b067-dba16d8bebc3,False
9b622c0a-5398-4922-8652-62a224a0db6e,False
7b92a41d-bb19-40fe-85cb-fedd5268c879,False
b2a6e468-d02b-4243-8091-3ac10463750e,False
1ceb08fe-f2de-4798-b31a-25b55fecaa6e,False
27aa7cbc-2337-4bbc-bffe-77c839feb99c,False
73069588-45d5-468d-a90a-3abbc35b9fea,False
cf5e7840-bdc5-41bb-9c4e-3b0054ca4adc,False
5415c636-9979-4a46-b580-8b5975b568d7,False
4eda31cc-7320-4e30-90ba-8eddbec6573b,False
33c43cd1-b44f-4e12-918b-621e04fc9dd0,False
ca90001c-8943-414f-b668-705d1a10748c,False
a76090e7-7c73-4166-82f7-79797466b319,False
bdfdcc7b-3381-4e0d-b9ba-243a493d269e,False
85713253-9956-4d9b-bdc8-7f792843d696,False
bf23f095-221a-4dd0-8ce3-492325bb2b7a,False
637aa999-61ff-4d9a-8ff8-9e8ac6f06a71,False
197634e5-054b-4fbb-bad8-66baf252f8f9,False
d5de293b-b9a8-47ba-a6dc-e997b2c454a4,False
68054a24-f785-4cc1-b8e5-91c417d2efe7,False
1c0f0bdc-ac7e-437c-94cc-1e2a5e4cb287,False
cf5c8dd3-df10-4434-ab09-6202f77aefe1,False
58eb3e59-f9a1-4e3f-8f72-d6afe825049a,False
6e3c4532-1434-4f62-acac-028cba220065,False
a995ecc3-6f5b-49a6-8ff1-c51f915cb31b,False
fb29ff36-2155-4ba8-b5b8-23e420168e6d,False
f08aba21-01f2-48f5-a553-b5aabdbc34f8,False
225f52ab-5425-44b8-a098-d2e3bd3fdb62,False
898a52e0-c50e-4599-8914-4c1b728c0b4a,False
9794b389-37c2-4f27-9267-e7e628f5f5c2,False
cfc91b52-4aff-40a0-8f4e-2726b9dd378e,False
01a4c2d1-4edf-4a12-b2f2-40e365e1605b,False
6c8f8833-fb11-4ab6-adc8-6df8c9162eb7,False
d164d651-9d36-4ea0-a619-484819bf0f3b,False
39669fa7-5997-4043-b3b1-025bfff9f585,False
3754c5ec-60a7-4c20-99d7-6c9c2a8598d1,False
e8c347d0-ab22-4d1d-9daa-c867df0fea06,False
e9366a85-3a46-4be3-9255-a4de9330ba83,False
9d091856-4b3d-4578-8c69-a8cae32ffec3,False
b9a3773d-d283-4904-940b-f9dc65fd5412,False
7118e364-7709-4749-927e-ecfaa79ac9aa,False
ab00764e-4ac8-4bda-a002-8f9a3b5d5c9c,False
ff12fe28-b840-4136-867e-4b72316e8645,False
b850b440-1c8c-4498-a7ad-595bdc739cbc,False
6b000e3b-66ae-492a-908c-1e18b4a5f712,False
ee3f0127-d7de-4f4d-b9ec-02ca9e4152f9,False
a07f3385-3f3f-462f-aa2b-ec6b90efb126,False
68e0c800-9e48-4e45-a904-ee42884526f5,False
aa38d0a1-6ba2-4efe-b11c-6eb62095eef6,False
118a9d29-2f92-4996-99f1-95d014822f53,False
c4502052-86a8-421a-810e-622bf8bc920c,False
b97938ac-ead2-4702-8fcc-588e49ec6e32,False
8861fe18-58e2-4888-8a83-81bec85aca46,False
45665e79-1a9a-4b54-a01a-5b5e592fcdc6,False
da2777af-a6ed-4e6b-a43a-35624cdf5063,False
a333639f-3873-44c1-9e4c-e90bbadfbb75,False
5e9a35cf-0699-476d-9288-b06ad51f03b1,False
02fea0e2-41a7-42d6-895f-a84518cb913a,False
80dc4873-9eb3-48ad-9c15-b25e2379750a,False
8861972e-57a8-4eef-b9a8-743d7d5b6037,False
8da4f916-6fa8-4369-b3db-49d04e998b76,False
889cd33d-299f-4f30-b9b8-1e658a34b26b,False
d60b04a9-9173-4d93-b75c-4f3057696e2f,False
0413d049-52a0-428b-ab25-a58af5953b2e,False
4af83592-2e85-4bc6-a5ed-b1d9a4242b77,False
00b30bda-6f26-4d7c-b634-fa4840480f7b,False
bcda835f-71a0-4ff8-ab8d-a34058c158e2,False
51ccaa40-2316-4b59-8fbb-f4e3e160e35b,False
f8e351ea-9aeb-4c3e-a1f7-815758f34359,False
1cf85164-113b-476e-908c-e31e7a7a852e,False
d3c8acca-3615-4de4-abf3-074375987f10,False
8852787c-891e-4aa2-8097-09fa5159b574,False
893e2de8-8509-43a2-a14b-1e1c4b403399,False
97e4e173-9d63-4da6-a29d-c0737a7b029b,False
c3b1927b-c178-4e77-ac3b-9258f943375e,False
002f4aee-a308-41ea-8f36-7c1b9a6ff965,False
cb80f288-446f-44dd-9abc-a6e5d0b1e3eb,False
b0c07fcc-96ad-44df-adf7-5924c5b8386b,False
f1b2f143-078b-43a9-bd88-565ad09a934b,False
b1420898-998a-45a8-b7a7-aed0fb5f5290,False
a9c3640d-e411-49d7-9030-fb0c45d5aacb,False
01f73517-7c4a-42db-a105-06680e49a743,False
1ab9f662-1bc0-4912-8519-72c431d9dd32,False
db9b318b-12ba-4c10-9b45-caa9a13ea32a,False
010e4265-ad3f-4dd4-8496-26ba30c9a2be,False
624c69b6-b244-45a7-b7e5-848131c681ec,False
a2819fce-d624-4055-8c39-bd0eb25db530,False
c790b84c-34c9-43ae-8938-279c2aa20c1e,False
5d696bc8-dc54-459b-86bb-42c7d8b2f8b6,False
bd16c038-4ef2-43f5-bf8f-bd67133a8490,False
a8aa454e-cf76-470a-bff2-e80a027a76dc,False
7aa1219a-7a93-48bb-acdb-d5f27b44acd0,False
20d1968f-0b8c-421f-9728-9c5e0734a403,False
473bccd4-84e6-478f-ae37-b72135ef2b60,False
223bd9be-b11c-420e-a9fd-197204105bd1,False
70fbb28e-0d9b-43b5-956f-f3c182077e01,False
0b704f97-ded4-4617-914b-e8ca59410ea3,False
f91e5fcd-85ec-4729-94dd-1b56435391b2,False
76b35303-c719-4dd0-96f0-c19ca894b11e,False
3649f585-6e75-4e7a-9abb-b78f1585665d,False
af2537f5-9d31-462a-bb5a-bb36ce7968b7,False
09b2eae6-54eb-4c91-b784-ae08758fc8fa,False
c94ee2f0-fe06-4b4e-bf63-abb84e4f4dd0,False
9ec5405d-c6a9-4598-9d34-0833db592a19,False
8a02711e-02f3-44d0-aeb8-c6eb700affff,False
dd91cf6b-b102-4282-b5b2-e008e0516aaa,False
f510ab53-c7fe-439f-9190-f938a66fd7f7,False
e5e79add-68c8-4ed8-ab03-5cda69d53317,False
62e32fa7-f4cd-4362-834a-184284d8ec6a,False
f33c4c36-9a69-4cad-aaab-583079cfc04f,False
4d9e6b9f-a3ee-485f-934a-fb2395ce2483,False
21d8b96a-62ad-4157-a0d2-759a3ad51382,False
7b874b4a-cafb-44fe-931f-04afb93c92d5,False
5997fbb0-f7b9-42e2-be9b-f2d55de1d542,False
aac5e8a3-2567-4f2a-9227-b7accdca6bef,False
1006e0eb-63a8-4422-a29e-ae63e8475ebd,False
56784633-1429-4f31-b9b3-c0eefaf2be80,False
61a11729-3cb9-4350-9b4d-a0fe7bb38605,False
2ad55c0b-69fb-4fe6-b346-1e07f72cb6c8,False
b2b8d698-5dd0-455c-b986-f498b52f80c9,False
c1101266-2408-46dc-9346-d1a9f6802cdb,False
8f964685-3514-4890-84c8-6c4623595fa4,False
a7a13e62-a9db-4628-9748-ba0185147bc9,False
0766699f-7bf2-4a06-90c1-de9c683629ce,False
6e19f773-3a5c-41bc-9797-29e87a8d8320,False
4ba9008d-85af-4680-a39f-6cc716f39bed,False
80ef2ccf-8999-4812-9616-76fcbb1ffaf4,False
112458e5-e7ae-468b-83a1-dcf0495efe40,False
121d87ac-fb26-4d27-9889-55c0090d7d2f,False
18720dc7-5f86-4f8b-aec6-16940f243491,False
634d7549-9d9a-40e1-81ef-688b7fc0922e,False
1b41a61e-85d1-41ef-8344-edb3ceed0ffc,False
649ad218-a5b5-4511-a7ad-3be20356b6fe,False
ff62499a-f2ae-4fce-877a-71fc9d9fbeb3,False
e6e005dd-31c2-4ddb-b2c5-b9b954c06524,False
964db03f-9340-4fad-9c4a-d56bd6016237,False
d1303a7a-aca1-4386-bfeb-5020e417eadf,False
13fc927f-7237-4f5b-b6fc-1c4679ebb8bb,False
f262e145-2731-460c-a149-ee42642d03af,False
82b34384-9979-4f26-88b1-90e1089a9f4f,False
5b5073c7-e6dc-4c76-ae7a-e3bb50340715,False
4878917a-282d-44a3-8ad3-33617c226735,False
f30ee4fe-262e-4559-be7d-9a19ab450578,False
031d45fc-c9c0-4379-829c-34f70f5bc40c,False
da095b0c-4a37-4da3-aaef-0d3e085acd62,False
584cb0f7-48de-48be-831e-ef965f71dcc4,False
7862246c-092e-44b7-aee2-59893ad82406,False
2a184cbc-19fe-4052-9db8-0b51e9623c3c,False
9ad0afdc-e280-4ef0-8b90-1a34a3d6f33a,False
965befdf-6b4b-4411-8a4a-0e2df22b5b98,False
73bb84e5-33f7-4722-a517-28b23832dfc1,False
d9a3ac28-e346-41b7-9589-9035c0c6e3ff,False
a6eab79e-d21c-42f8-8ada-4f80a9e782d4,False
f783b6f6-d775-4809-a18d-052048cc32c6,False
ac735be0-0cee-4dc2-a737-f345388629ff,False
f50d7a37-a44d-4fec-bd85-d7fa8ac97b01,False
90ce82e8-e9a5-4368-9812-9eb27c13f47a,False
c31dfb91-397a-4433-9b64-8ca71ea0dd2d,False
7832b59c-25bc-49ae-a547-a8dcc686e251,False
7eba0464-65c2-47c0-9085-449dbd9f82d7,False
7aa83419-7479-4994-a2fe-9cb4fcec1791,False
b190dea4-c335-49e5-9567-55f42f39f8c8,False
1e521d48-6a49-4f0b-a9cb-31b126ea945e,False
bbbbfd67-30a4-44b0-be3c-7c84176350f5,False
0a813e88-0df3-4a58-be83-3c05cd21fb86,False
189099c9-f2be-429f-9514-9755838e9a61,False
e3de4ec0-4dfa-41be-a335-b2c89e7b1e95,False
f3d6b9f2-d4d7-40ca-b08d-16769d09a404,False
378e6510-8f10-433e-abe4-2e7db96c1163,False
725d4259-3c4b-4eec-a231-ee7342c2d2eb,False
88516447-6e5b-4598-a8f0-e3e02f369832,False
195c663b-9b82-4430-8563-cafe8d31df34,False
5bcc7bfb-40e6-4eed-a414-f2c5d9743ff0,False
85924e5f-1f53-4b6e-ab11-77367260282f,False
133ca9cf-13f8-4789-b1e9-3b1a34b549be,False
fe66c4fa-35ed-4f38-9197-107c89b702ed,False
869d4cb7-b7f5-455a-839d-08d01e0aaf12,False
94a64978-a64f-4efb-a8ca-0bd26504f7a9,False
2976aab2-2a26-4770-8ddb-1b36272c0588,False
3e896c64-e117-4ac3-919c-4ea3e1805081,False
659ae9f2-171e-4028-a2be-80e1a84d5f25,False
d0a05417-2bac-4c89-b1d8-3f7868437031,False
302b0401-efed-498b-979a-7368bd96bb0a,False
3c53090e-e1b4-4171-929d-674d798e175f,False
aed690cc-037f-4347-ab40-256118cd99c9,False
97777f10-f2d2-493f-8e85-140d0f9aeb70,False
8d9957fa-76fe-4cd6-917e-7f4a0f8593c3,False
4c955f6a-966b-4964-bcd6-bdca5876fd09,False
65adafab-2a07-458d-943b-bf74e609456a,False
8bc15738-ff1b-46a0-a8ec-b6a17233bf8c,False
35ce8841-4973-4d6c-8dca-bfb7001a9a8b,False
13d94ad0-d809-4e6d-b41a-d2c25ceef79c,False
4f489f45-92b4-402c-bb2e-60e16ae63480,False
0986bbeb-f23e-423d-8b9b-d93423c86d30,False
e716eb38-581f-43df-be71-bda810128b96,False
206faddb-1a31-487e-904c-01a1434fe133,False
a68f75ac-7491-4018-adc8-4e80a90bdc3a,False
996e782f-9aee-43e9-aea3-98c6ec677b25,False
8caf728a-9e58-48b6-b24c-77826554f48c,False
43bfd931-3605-4f54-a021-c0ca3531968d,False
c87c1935-d139-46d8-84e0-137119fc9448,False
b379cb1e-e8cd-40cc-b6da-3ca0d2e82f38,False
3b759faa-18ce-48d1-85e3-be15f1dc5270,False
5d87edd2-1735-436b-a5a6-ab3af5757b77,False
071a8d53-63e0-4207-913c-b0099cff77c5,False
a282bbab-fdb0-4520-b2f8-81eb754ce511,False
a3b442bd-4649-4296-af58-42c3ff86cc31,False
0274ce40-e090-46b6-b186-a5a8d6ee526b,False
bcdc99ef-1485-4949-8bf6-40eaa244496a,False
13a2dc03-e14b-400f-9873-56e93262188f,False
c7101f3d-a1aa-49f0-a26c-2d5a742617e7,False
a52680b3-e8bc-4007-b47c-76903ec8f48e,False
670acc5c-b321-4f21-8dd8-eb85b04d3376,False
c6a22085-38cb-405e-ae3a-1f32d70b1463,False
5711d5fd-30b1-467b-a771-a42280038f26,False
06b81c8a-03f9-474d-885d-5d016a2062aa,False
cc530e36-addc-4e13-ab3b-4d37560c95ee,False
49a85d9e-dec7-46ca-9020-94d60c3c83d3,False
75fa0ebe-e4e3-4c20-843f-1b5f3d958061,False
e79f9f3d-19ee-4c3b-b93c-4b0bb93b770c,False
632c817e-8ec5-4d47-8a0c-64e5bc341b4f,False
278976c9-4b7d-4b08-ac5b-fe79709ad1ab,False
9997496b-c697-4476-92aa-48cff18c5581,False
c524a1be-a6bb-451c-85d8-acf312a7186c,False
43c36988-7303-4257-b90f-f1c09744ceb0,False
95e7f614-42b4-4281-9f26-946654d1332a,False
c958e75e-21d5-4971-b367-49b52cf6bf75,False
7eef09ab-da14-4a47-b823-51d9d94df188,False
1f09bd6b-bba8-4166-89f9-c43e6b074c79,False
04d340e8-7ecf-4fc6-a249-a5869c186d49,False
65bcc272-fadd-4ea3-aca5-e2fdb966442a,False
b1f20ebf-7d76-4495-b10f-c4158f7c0071,False
ec19e4eb-3f55-4740-8a2d-36a605804493,False
8257909d-5e3c-4f18-a1b3-9d6494e2a33d,False
e869707c-bdcb-4ffc-8dfb-a4e996cbdafb,False
8906a4e2-460c-4c89-8da4-0209cd698214,False
73905263-b653-4dba-9faf-c6cf4c5fccfb,False
c31db215-d7d0-4c99-a45a-e8eec8c6a8b1,False
2a545726-ca9d-469a-8539-fd8297266ab2,False
2663afff-87b0-4378-866b-9910841169cd,False
676a504c-dbeb-41e2-b9a0-1a0b64657945,False
52e6ef74-150b-41d8-b882-c32691f28485,False
99afee64-9024-4225-84bb-10e079f7f38c,False
c9c1ad45-f4ea-4b97-aaa4-15b56336c815,False
6ed47a6d-87c9-4aac-b5d3-4f2f513bb65c,False
ed944378-d814-4be0-821b-390c946f9f07,False
18a73d94-a13e-466d-96c6-d99779fe7ccc,False
e95e8740-5dd9-4744-84e5-27ea3a82b37c,False
0143d636-fd54-425b-899d-6cd2e7232e8a,False
10ab9db1-a5e5-478a-b943-23c3a38dbe8c,False
2ebfaf4c-8135-42e7-b8c0-0141ddf194d4,False
555b9d60-8851-4075-bdbd-210bc2490241,False
d9da5f47-e3ca-40c4-b711-32b781eab1da,False
e4aa786d-9d17-4218-bc3b-0de5981262ac,False
82d3c040-8e69-44d3-923b-505c4127bbb7,False
587ef344-6f3f-420c-98b8-e4cc1bc044fc,False
ce8437fc-38cd-4ced-ba7b-c404650c5ea2,False
0130d66b-932d-4648-a769-b0f1ee01b9e0,False
e245ed74-e9d5-4e55-bee6-6950e1b340ee,False
154ebf91-daa2-42b4-ad69-e88c61a4b230,False
671cae75-6dbe-434e-a2fb-8131b81c5f50,False
0f5449d1-910a-4ebf-a909-3889e42cfe33,False
72cc3fc5-5f77-4a7a-a5df-ac0758065bae,False
1ad136d6-7472-4d84-a5cc-59d62d520b16,False
68d2a842-3aa5-4e1d-af9f-02e5ea7c8b0c,False
0a2cbb1b-e70c-4274-9930-300a07006af3,False
e054dba1-8f4e-4920-9df2-055436ba4892,False
07001750-c1db-480a-b76f-6fff97491088,False
4e01009d-8d59-4363-af1e-20503f71edab,False
c425d020-4389-4f66-9780-29e939d00762,False
27facb5d-c74d-4800-be1e-0254e35aac0c,False
0035c555-1bd1-4715-86e7-9a7bf712e813,False
b2414482-5198-44d8-8643-3603c92a7d7c,False
afc5c20e-4a63-4af5-b6e1-e7ac9fc97264,False
e3a1af97-7785-4ddb-9552-7a3c164a9b18,False
27b185f6-309b-4234-930a-ef28f92031df,False
094f5166-0bae-4d2b-bbec-e5d5a8856294,False
69e83561-4557-4dcb-b15e-ae421461f0d8,False
836b47c3-7c71-4cc8-a651-73fa7ccc9258,False
03802b70-8d03-491e-8f8d-5238288b78b5,False
8c1046bf-24b3-4794-a93d-b7fa8e8ded45,False
a6f2f7b8-0cf3-4b58-9910-8be58ce21ea3,False
76876c62-4c61-445e-ba7e-5d9405d1fb63,False
df9a7704-adc2-4f16-a4b3-0768fdfd984e,False
7bdd42e3-26e8-4cb6-abb7-e6cc067b30d1,False
a17e34b0-68ac-439c-a921-f23172eace11,False
430679d8-b058-4c0b-a931-e8032ec9e5f6,False
b01c9191-e81b-40ff-9a41-a15f4e29b9da,False
e473b0b0-9017-44a8-8279-d9137afd2923,False
77617d80-549f-434c-8171-f5a74148bd11,False
5a6d86ba-1434-4aeb-a61f-32ead2bcc804,False
c4f4b844-46c1-42a5-bec8-8839ec35c3de,False
babfbd99-2d9d-4bd8-aeb2-f98cdb38c2f2,False
686cd27d-fd59-4efd-bd14-01de827aae2c,False
ecfbc936-2012-4ebb-bc9b-519ad3a81c4f,False
076c108d-214c-47b1-8cfc-64207192e443,False
2fb1eb40-4f26-4edb-90d2-8a3220c6270a,False
2877f5d9-0f56-45f8-b048-faa112ae5c22,False
d8c024a9-a99e-4f9b-b68e-af5851ddaa9d,False
02fb2869-0df8-4b89-9ce7-eed1fcdfe961,False
581993cc-41f9-494a-8f5d-337fee8d5daa,False
e4855aa1-016b-4287-b008-05cca7f36ae9,False
c7332304-4822-4120-84f9-eccd7630a8a7,False
2598bc54-eba2-467c-9c43-3e67871d5bfc,False
52581086-eecc-4487-b95d-43d62b7f90a5,False
1519830c-4019-4303-9c45-7e4da79313b8,False
102f4f5c-55e3-4295-ac67-10bd97d46f61,False
5577526f-6096-46ba-b03a-c41d3e9011e8,False
447809c0-b129-4cb7-8b24-8c7e0e4ddb72,False
f845846e-fdf0-461e-85eb-074dad900360,False
8ce0bd8f-ed4b-429f-9e4a-a01643fcf7b7,False
31bf8a3c-5ae5-4068-92ed-9291c3da1521,False
4eb0c866-29c3-4598-90c2-4f2171bf5c97,False
cf51a203-a2d9-49ba-8146-ed52e73bc913,False
0cf173f9-74d9-41f5-8877-58043fde9814,False
a800d519-ca3d-41cc-b88a-a20e111b0acd,False
ccb1063d-25a7-4338-aab9-278d92dfcf99,False
6f6335bf-6ecf-4ab4-bfc7-6f6ab9465130,False
f392b60b-64c5-4e2d-ba41-348a7f3dadbd,False
0b070a68-c8f2-47a3-a221-3776427ae472,False
817b2f21-24f3-4f14-a9b0-1062d2e55512,False
10c238ba-8df1-463a-ab30-41841dcb2fbf,False
a45ee904-717d-4042-b30d-6ea3951c4200,False
36903edb-9fb9-48e0-b76e-f3e63af33cc5,False
f395c213-79ee-42c0-aa7a-907d41f3f1b9,False
99e95433-1453-417e-b11e-be6f68ffae17,False
18f67e0c-bd28-48b0-86e2-e0802a0f31e4,False
ff37d19c-2e76-428b-8735-44f9ea83bf00,False
63582706-d545-4254-89bc-6a803a887bed,False
e76adca9-7811-4802-88cc-7cfecf01f944,False
ed441085-5024-46c6-ba53-de538375e8f9,False
30a900ad-939b-462d-a645-f129629c2ae3,False
18323765-d145-4528-b91b-ad400b022156,False
e43081aa-6022-43ff-b330-4e33deb0de7d,False
890d58e5-79c9-4246-b556-aeac81e87e90,False
141283fb-e3be-43d6-b26a-030dbc8cfa8f,False
be6127a8-0351-409d-8dc5-fb068d5809b7,False
9174b136-8c0b-4c3f-ad4a-125926d24d46,False
e8956041-1e71-4fa9-b815-c7df0f2c01b7,False
f330f931-3b8f-49d7-822e-dfc438107177,False
2e3a9584-adf5-48fc-995f-2694b8edffe8,False
6e5fbf71-9749-42b0-b1ad-e82ad05cc78d,False
46707cd6-4ced-4164-a9df-14e9389641dd,False
f0b0e729-6ce3-4d67-ad30-c94b4111e681,False
232e444c-de97-4f42-97d3-d848b6388b9c,False
f1738856-e25d-46eb-9e9a-9f83066803ee,False
15956c42-27c0-4f89-9e3b-f1b34330125c,False
21f3eb6f-3298-4758-b585-ac00d3c874bd,False
a5135ea0-fa53-434d-a6d5-901d8b621d41,False
fff03027-32ef-4b5d-9571-7909016643b7,False
17841919-3c29-49ed-b6bf-1f51f0abe316,False
9981d28f-a09c-4325-b047-fbeb2483c458,False
f11c0ac5-8c0b-493a-9333-5bc9bb635ff5,False
7af6cd41-99a7-499b-a005-f5e1a97a2846,False
3db8014a-8dc5-4246-a85d-938be64f8ec0,False
c342bd2b-f295-456e-9967-5f06bd767e35,False
6fad7460-2ef3-4ed1-8cdf-e58d8252caff,False
1e69d7ef-08b3-4111-beb8-62c6676c269f,False
8e485223-46b9-4991-a14e-b70db380c73a,False
f9fb722d-a51c-4d2a-b3bf-bdabb7b24f20,False
134c6c92-ec5b-427c-9fde-4fbf3ff350bf,False
c67a56e3-06fe-4fcf-87b1-326502f39ad2,False
381692f5-10eb-46b1-8979-a0e17b8fe7cf,False
ead1d758-b319-418d-aef0-3a1b645f273c,False
7d1d3494-cb71-4efd-8ffa-1194c14a2a61,False
a1d78199-d8ed-4649-8a82-673019977e2e,False
f4852088-e97f-4025-a2e1-17986b65450b,False
9af20d53-a5f9-4430-8147-a2026b93cfe0,False
8cc36f3b-c3af-4cfe-b34a-6ca38116e3fc,False
dce6ea64-2d5c-4588-860e-35b66864fe6b,False
1138b544-d8c7-4cbe-8d1b-30400f8f2932,False
75f8e3a8-7d97-4c0f-bd56-09c4a4461663,False
0a1d9238-fcf9-4bbb-9514-9d1a95368ae6,False
cd320878-e83e-43a0-9445-587e6ff6881f,False
71a91c81-4eee-4680-b0ba-8fe363ff910d,False
277eb0aa-a247-441d-88ad-0899b630794d,False
5a104129-54ae-4d1b-8ce6-424dbef59fe6,False
267eddce-df8f-4197-9a4a-99b2e806133c,False
b5a5f8e6-b639-4f04-a852-4385d9f2dd0d,False
a34b6cf6-2053-4a42-b1af-db65b289f224,False
9fea97cc-3086-4fe3-a075-13728fe2c74f,False
2ecaf629-44e2-4691-92de-d495e4f1e8e8,False
e723ada3-8c32-4db2-942a-895e0fcf601f,False
dce70289-411a-415b-a88b-4cfb708175fd,False
0fc98d2e-030f-4be9-9f17-8f9323c97a1e,False
3ab09847-6f43-47cc-9bc2-b4b46a40e733,False
3b8879a2-6078-4a69-80f8-95ff23352f7f,False
dcb9d394-e8ac-44c4-b6b9-824010416cbc,False
d6e9fa04-df04-4782-81e6-206862d70bec,False
7447f8a1-2734-4be8-a609-2042eb5f8944,False
afbffde4-a022-4155-9f69-5d179cc96aed,False
71f71add-abee-45b2-90e9-15d4d50372a8,False
490ccf97-2b0c-456b-8ab2-0bf4196dedc0,False
3c1d10be-3025-47f7-9f3a-d6e8f6939800,False
4b26f0a3-33b1-4ca4-b74d-34f5caf07226,False
164b85f0-cbfc-421c-bf78-042820bb859a,False
f6121d2c-ae73-40eb-a39d-8fe7790b185c,False
0d3f69ed-a8c5-4cca-82ae-cc90c5386208,False
e1772a38-96aa-43ca-baf6-e89f14e0a8d3,False
df9f1099-0b4b-46c4-a672-5796feef341b,False
f7315749-4f39-49a8-bd3a-258288b4f474,False
3503ae05-1efe-4e73-8bb8-815707f6008e,False
cba9a0f0-3f34-48a3-b3d2-c4a9fc7b427f,False
39bfc9b6-47ba-48aa-b2f9-4b2c8e10814f,False
b8a6171f-1ee3-4dc4-bb04-8a8b405bfdc9,False
fc3a156a-531b-49d8-8b7e-42df9c8a1631,False
6a21ab97-d04c-4e8e-9eca-88d3af665d67,False
b75901d0-3036-481c-80d9-8272e52e1409,False
e24c724b-e453-44c2-b037-f0b710ccf85f,False
b993c041-5f54-4332-9f6c-6a8635f4ffba,False
76b851e9-bfe7-46da-91a8-5948501d5146,False
161f77a1-bac3-4057-aeb8-6221172f0d9b,False
f64f98b4-4237-45ff-bbb8-90dea025e80b,False
a72bdddd-511e-4eb8-9040-5c433a6c7da6,False
48e918f9-65f0-4b99-b1ec-c7c2ee3d114e,False
096b7724-5ced-43b3-b7a0-be7a7e6a3ea7,False
82ece8aa-d20c-4375-a5d4-53c4a845fee9,False
09f7e468-4b1f-4028-acf6-c879d27960a4,False
0496122f-5525-40d1-88d4-0d840b653f5f,False
c47dd678-4d31-4923-a93d-a46c37f39aac,False
b69415c7-1604-42b7-b424-b79c27b0816b,False
0ab54bde-20a0-4502-ae06-809725e97977,False
076451d3-275d-4459-92d3-6897d6442365,False
d4721e33-885c-4793-80da-b7f849d5182c,False
f765f8a0-ce43-47c4-abfd-dbf938498d35,False
2adfedf8-786f-486a-b90a-3610b0b55ce7,False
2cd58759-e95d-4761-bc36-dc59e134edfc,False
6c8c5d0e-3eb3-46fd-b291-bc95b8bf9cae,False
567a25f8-5d12-490e-b6a9-0f786370fda9,False
59fcfaeb-7229-44a9-af7c-e6091a99aae0,False
fbdc532e-6546-466d-89b1-cad184c9b276,False
d24e4a96-f3b6-45ae-b8c7-f2360a6119f6,False
92262ecf-310f-4eb5-8b2c-4e211dce0e8c,False
189ac35d-aa5f-49ca-9bea-530d219c00cb,False
1f8452fb-6c26-4326-8dc6-d899ee209e85,False
61b862b2-181d-40f9-b0d3-ce6fb437e204,False
a2e768d7-59b7-463f-9117-f840280d4e22,False
09b3abbf-8078-4391-9bdd-8ac39c4d8e2c,False
b575dd69-0b61-49c4-844a-a5c98e56dda6,False
4083dcf3-91db-4fbc-86ad-dbe7b807c910,False
84c469b1-20c1-4845-825f-c70f90884400,False
6c092d0a-9f4f-4355-baa6-961c20e4dbfe,False
e88081f9-cd6b-4aa0-8e9f-bfeb9a87e44d,False
51facefa-d6f8-4f7a-82fa-1da878308631,False
a910c002-ae9f-441d-beb8-bf0b8775a0f0,False
fa5f9e72-5166-488b-b008-32dae24ba9d4,False
7a4c38ef-3e0a-466d-bf2d-bf97bc547d54,False
bd4211d1-9920-43eb-aa8e-b758f32d2812,False
d5385b0e-34f3-493c-8ff0-a55c6a702e2f,False
6dda4f8d-cea6-4f4c-b9e5-8ff092f837d4,False
78ea47e2-cbc4-4d42-9c39-b57dbc0dbd13,False
6f9a544a-3de3-42e9-9141-26afce70d3f7,False
89207bc4-8439-4ed9-9a64-845ef49816ad,False
b5230821-2c41-46f7-9045-f17ece2db215,False
bb1fdb98-6f5a-481a-b1ca-a64c93727484,False
a5d83148-0deb-483b-b6ba-45725c667438,False
9496634f-d438-431d-aa0a-2259859f02bb,False
f3abea0d-5be9-4db3-9d92-dd7c0db977a9,False
1ab88733-80e1-4c41-8a9a-727fb2a12a55,False
e958c745-02bb-457d-8225-51d2e44e923a,False
99d75477-5f8b-40f7-b92e-efe040a8bd6b,False
e61aa316-2148-4249-814e-7cc150278ec2,False
420fd9a8-d45b-4e9b-b61e-c0ed8ddd2994,False
37b567b4-172d-4bd0-8fbd-4c81a9008ecd,False
ef3cfc8f-5e58-427a-9256-fa39e5b6ead0,False
87d2e18f-dc24-4f84-9019-19b726da7a1c,False
c2baf0e0-2179-43f0-a612-4ab4f9b21e6e,False
1b139a48-492e-470c-af03-5a0c6423421b,False
20e8dae1-b1f0-4d9b-8e21-7fb3be654bf9,False
f2203acf-8eed-4d34-b384-3346945f4281,False
2ac09858-228c-4659-a4d0-72f80e8db9f5,False
c5a0b7c3-e132-4e39-9891-b0a4b4d4813a,False
df1e04cb-ca34-4e3c-af58-9a8167c5b29b,False
b42a2d93-9aba-4f15-b214-90623e1a963e,False
183fea70-3ff6-479e-8cd4-b90abf8211bc,False
6680c5e3-363c-4c32-be3e-14022008bd4c,False
2f0b9138-4138-4eea-8988-7d527599d475,False
32a447b2-ef04-457d-8dcc-c33aa9434aa0,False
0997623a-e072-4d96-8a1a-81f5ed10f004,False
2fd02b45-a0b3-443a-8fa7-6a5b95055ac7,False
bd22f7fc-a8eb-4ba6-b19a-ed6a8d41cb4c,False
c8fe3ccd-c8b8-49c6-ad30-49cf43e458fc,False
1ac0dff3-6717-4ab7-a1f0-e5c51cda8918,False
b864a47b-a434-47fb-8182-978288eae7d4,False
82fecfdc-73fb-4982-8401-4a72068f19b5,False
d02c75f9-198d-43a4-8cd2-0e4376dae194,False
0b2d983a-f218-4128-b2da-61f764bfc76d,False
67fd64c4-a334-458a-abd2-b5121335e5db,False
63dba8c8-b4a2-4699-aefa-823b613a9ff9,False
db19de67-bc3a-4abb-a5aa-9765a8d3bb7d,False
74fa65ce-489a-427e-a281-03f01d9fff25,False
2d6acdd4-5aeb-40f6-8faa-8036188a7f55,False
668c879b-d2dc-42c8-b2b8-d8aa21768dd7,False
8eac0a33-cdf9-44a7-9882-b5c1f79efd70,False
5484d865-60bf-413c-9320-63afeed5a71b,False
78bf46fa-2534-4e85-92c0-dec2175194d7,False
3222504f-02bb-4d94-bed5-0d6bbf6494b6,False
35a7ac9b-48f9-4d0d-9d3b-c1d3a5159982,False
a7dc2bc0-bd9c-4693-b6ca-1127e9f87970,False
a9ba5a27-907b-4e36-9786-48f864de82e6,False
a5accd5a-48f1-4eed-a703-7089c78cd2c3,False
6c8c4bac-9c13-4aa7-b483-6de8f1337e7d,False
30b05a0b-b19d-4860-b8f4-0e49cb5d2aff,False
f5d8fb91-ee60-41ac-add0-622e266bf2ea,False
4a298783-099c-4929-9705-9671b031a179,False
3f555c7d-534d-488e-b279-ec9ef8281e0b,False
b34c6c73-5833-4b30-ac77-6e950b981ccd,False
7d8f2305-1517-403e-a087-75a56f654201,False
450ab36d-f9be-47f3-9bcc-90fca1cc22d8,False
13ad3ead-816e-4f32-a077-5ce4151f62f9,False
898f3586-b74a-4db6-a223-afc0429146ca,False
ea8b31f5-ccae-48fe-94eb-8e20af7c7d2b,False
37bea260-c053-4253-9a1e-490d6894844f,False
513cd464-9473-47cd-b0b8-1530dc4e557f,False
bd76bb2f-f189-4bad-aad8-8bca53cf14e1,False
7c53ccb0-96a8-4f54-b26a-18440cf2a69a,False
a6b96653-a62b-4d30-a070-bdb9c98cd5fb,False
379f0075-ba72-486e-b79a-0c86c986b3e4,False
ed113faf-0e3f-4912-a405-d362719deadd,False
371e7782-5e38-4274-8db4-a7fa18e43d85,False
88a613b4-a3b8-4f92-a3c9-0c6a86017633,False
6f0dc87b-dfab-44e2-af25-762cd34d09ae,False
192703a7-df2e-47e7-84fc-bb8424aefbea,False
36308a60-1e41-42bb-a7cf-5ce00af5e4a9,False
1b0e93e1-2be9-4560-9820-d3628a6181ae,False
c578f4f4-9b18-476a-9d7b-83630db26722,False
d034ce89-8364-4560-85b7-e83cc42f7d59,False
35c87983-910b-47f9-a1ae-25a6f1966b21,False
380a1bb7-d653-44bb-8bfc-a0caf1613bab,False
3799a376-7e5b-4ac9-83c5-01fe269334ef,False
f4f48fdc-0351-4800-bd91-dbcc6a959ce2,False
2a17879a-67a7-4886-9716-6f351a64eed2,False
3d4196fe-963a-4617-bdab-07e79d9d028e,False
5cd8fe1a-dafe-48a9-bc71-e0bef3579560,False
4362262d-e07e-4721-a71d-6ba3486dce57,False
02b3c948-4db6-4475-a7dd-1ac44282b6e4,False
0e5779ec-be1a-470f-ad83-a4c869f8d3e4,False
4c82c445-30e5-4543-a925-de8562588ce9,False
40349202-f34e-4ba1-9c07-605e57628c84,False
20bf262b-4f4c-4fe8-acc1-8e4d83992e41,False
6772fe9f-999b-4859-8f5e-0f0bcd67b5df,False
dc5cd673-c9ed-46a6-9490-5f79aa4946f4,False
07b4e684-8ef6-4ee8-9a5a-8bc373315c49,False
dfda35b2-28b2-4f21-8d47-0ed6a6663769,False
9186c2a1-9536-422e-8a02-d7c19859df42,False
b3da5808-756e-467d-acab-8b695ba37cb5,False
f5b127e1-9a72-4bf3-bb54-93e6ff630fac,False
eb068b1e-6fc0-474f-97d7-14f13192c29c,False
bac8f92f-4653-4bd3-b6d8-11eff388fef7,False
92a97acd-3d88-4938-aad6-5b8c3a38b844,False
7148c007-0faf-46b4-9c63-df5edd712dc5,False
30c9c51f-c80b-4af7-9315-fafa7500f785,False
6f0eebef-97e8-4057-96a7-01aba66ccf43,False
25ce2a21-ed3e-4846-9efa-0407f2edcab0,False
3513a238-d91b-4a04-bcca-ba381e30614f,False
147f0413-b0c4-4ddc-b634-71f87b45bd9c,False
b43bd27f-42a2-49a6-8664-12854303cbc1,False
276732d3-a502-4c4b-9b03-34d80f4d6c40,False
e19d4f0a-1c44-4135-a9d4-de06342ed9b4,False
4cc9f5f2-e42e-4037-8a55-2ea08acbbe09,False
1f5d988f-776a-4f09-bde2-885951b1943c,False
fae2d4a8-a475-4fa7-8d30-69bfca6628a8,False
13e9e070-52c6-4562-8010-2dc0dfe6b589,False
17172654-3b99-4815-8219-a9c7ba23b07a,False
afb144b5-624d-4ff7-81c8-d068931e5f89,False
e9aa144b-9dd4-4675-af14-5064aab07015,False
db23aa8c-3bca-4f85-a20a-60ac9261549d,False
b63fa809-ee4d-4dec-bd47-288513f0e33f,False
70a32883-cc58-4872-a2fb-a345a84ca488,False
ead217d1-cefd-4dee-8590-f851fb385671,False
4262a48c-9aa3-4580-bb70-8dd7bf3d5023,False
0af87147-bf44-4a67-b0cf-99906841667c,False
97fe56c5-4c9a-4f24-97b4-c294bd44089d,False
31b42308-b846-4413-b52e-761322eb69b1,False
2d3dab8a-7047-4d9d-9208-26b8611eb15c,False
42186e6d-ab24-474a-9f2b-e8ba3f05344c,False
172e8c68-82aa-4c46-8049-9bbf76f6a778,False
35868ed1-e4a2-418e-b328-8280e3ca0915,False
cb5475bf-3c31-485d-ae35-0ed7ce955086,False
d3f63623-39b0-4426-b007-1d3b5c99d8ab,False
6bca4f86-6500-4793-a238-dfc60a4e3ccf,False
08651a6e-1b99-4b83-b244-0f070ae263e0,False
41e0cfaf-52ca-4ced-8526-8f0fc516e394,False
07c62bd3-caf2-4c2a-ae8c-51f9f3d21fd2,False
9a26a065-1621-4bd0-ae84-a24bf61d6b9c,False
666ef491-88dc-4e09-8413-377b38d52946,False
88755363-2fc5-4298-93ef-fcdfea7ec9ac,False
61cb78c3-513f-49a9-8724-91cadc11eb13,False
b85f164b-6160-4399-9307-3198bc3eb402,False
4d187b75-a971-431f-97d8-05949d9887bc,False
95284c0a-cb6b-4562-a488-c84d99d090fd,False
d8e7012f-3968-4c81-bb70-c3b8a81fdec3,False
c777a07f-6346-44ef-a9ef-74e34ab6821c,False
c5c5b37a-f85e-46a1-9dad-09b252c21221,False
e97c0ea5-341c-4d10-9415-0ad9479fea14,False
4f3b81d6-3745-4be5-bfd0-96b42c85ab3f,False
f4124360-1153-4e99-9c50-8720f982f4e0,False
16f32b93-21c5-4a88-b7d4-68eae0bdd765,False
7bcf2b31-902b-4154-a088-5550f74f6900,False
bb2aa146-2999-494c-94a7-b69b1cd66b09,False
4f75d45a-74a1-4a0d-98e6-3a5577e0ee02,False
1d4ff1c8-618e-42a7-8d34-dd8374629fb5,False
613dec3a-7466-409d-9810-c0abec1c9109,False
82afea66-55ea-4359-9c78-0e7076032584,False
91a07ef2-1c00-4554-8396-3bf97cc9d887,False
732fc932-ab96-4697-81e1-f813747ac231,False
115db44f-ca4a-40bc-8121-81a34818b004,False
111139c1-3ea0-4d43-8c7a-1886dd4f6de8,False
9c07a751-1437-4509-acd1-586a2b840c67,False
fdf02450-585b-4b17-ad9b-1eb118ebeed7,False
132ab649-0017-4ca3-8ccc-5afef02a2956,False
eb25d7e7-e073-4c70-ac20-2d89b7a69c32,False
d06200e3-356a-4651-9727-bd831ac2c99a,False
8815251c-1d5f-4ff2-a5d3-39afdae6c21b,False
af0545d3-6595-4a90-8584-b2150e3020b6,False
f6e39356-a814-4562-9a00-3f16b9469bcf,False
46b3138a-660d-4992-b307-039f19b251ca,False
057eccfa-15f3-4747-90bb-5ed3c9765bdf,False
bcc4f0db-cf13-4b3d-8ab0-5699fd888cbd,False
1ac33967-4699-4fc2-bde5-0d45cb00ebbf,False
a4d6c76c-a3f5-4c8d-b9ce-fff31b3ec681,False
9150d9b2-2886-425e-b741-12a5f1dde1f6,False
02e7df89-b395-4a98-a320-4ff5b538f96c,False
dde630e0-cbee-4346-9d1c-153ef6ebcacf,False
8e9ff74a-fb65-43ea-8f97-33429b2d43a3,False
7259f45b-25ca-447f-be33-ebd7e8e91639,False
afffcfd2-341e-440b-97c7-00aab7b56ea7,False
b91d8c4c-0278-4c40-934e-2bd9dd1ad072,False
9c2b4ca9-be2f-4685-8a8f-fb2c1ff71e8c,False
578cd875-d231-4372-bfb0-942cac777762,False
54fc286f-7457-4d47-9825-301039112943,False
00ef3377-08ed-4047-9900-1fc9ca445a6b,False
20733f6d-0d6a-45b3-83ef-20162c9b662e,False
ee1eedbf-4634-4607-b260-a3ed02dec88f,False
5d00df1b-a83c-4c2b-b776-e729791f49f6,False
aae6787e-e744-4a30-b135-6d676d4ec8a4,False
e21a47b9-9ad2-4609-906d-5518fc3b9c08,False
4bde7d88-3867-462d-9a3b-ce8e4dac49f6,False
95a15905-591c-44b6-94aa-600af487a21f,False
1c968b9b-5d67-4515-b8c5-ef5c88f757fb,False
5f88fe99-a014-4ab9-a755-e34c4e5a4392,False
5e48245a-b19d-4b55-a5ce-fa0f8671e213,False
42f76d43-b818-4f1c-98a3-2011f1624df9,False
1aedbcfd-a357-44ea-8e80-c78a6bf2d5d9,False
41431647-0aad-44b7-93a2-b6cb3f3753af,False
4d980202-3fbc-45e0-9b19-11122d2ae08e,False
0e8fed60-d007-4d07-bffa-ea11b8469295,False
8af6d268-1bd0-4f9b-b861-2769242e4cff,False
866cfb2b-3754-416f-8d79-132cf362d408,False
fcc4091b-f457-47c6-b894-6a15c34201db,False
1b98a0e3-9a06-4a93-8ac7-256b61f13c8c,False
c0cffa73-35b5-4ec5-b3ed-8f33f587d26d,False
e7d90c1b-a59c-4eed-ac09-72046fa6681c,False
35afbb2d-336d-4786-b7a3-c30aa1f0fa7a,False
ca4e5cc5-995d-455b-b662-8c4e445d9a87,False
30cbd755-6232-417a-a507-41818d1fb540,False
60562765-9c1d-4a65-95c8-3c5d48754ef8,False
63719357-f7a5-4f8d-b689-c4c22ca26887,False
7bfeadd1-9882-461a-97fc-88c5e6f467b9,False
907e5f2d-7f13-487a-b4e3-057067d17836,False
f3dea9dc-469c-458b-896d-036a8092189b,False
2d53a810-fc01-446c-94ac-13ced4d05762,False
c0bf3b37-623d-4905-8c3e-b36ddc75f4cc,False
1b2375d0-b38f-40f2-8dd8-67e55f26b2a6,False
d7371450-95cc-4da2-b677-0e04a1d8507b,False
3df5516b-3891-47f7-a809-f986d86af8f9,False
083f64c3-1ce3-42f8-83f7-25feb99b2b5a,False
1d0707aa-59ec-4e63-8b63-981eb1dc3a91,False
c7f2a172-affc-4532-9846-06250effa0c1,False
9c291269-e781-44cc-9058-e121f2aff86f,False
ec2c4f79-d249-48d2-800d-f7649d46ea9a,False
3781d306-d5e0-4664-a4db-04c8a8174c85,False
0450f237-1feb-4daf-8f03-8aaf3fec2bfa,False
d91b1cb6-35ea-4d3e-b77d-ff3ad3f04058,False
e1cde87f-ec95-4f87-ae5e-c36572eb7474,False
565c1e3f-6d1c-41d6-b3e0-4a38cdf0aaba,False
6789278d-cc86-4c85-8212-173f5e997f0d,False
d0b3d752-bb01-42a5-ac74-5800941c23fa,False
6f72bca4-db64-4c30-95dc-4812902ea8c3,False
b2b51b60-5c89-406e-aa1b-248fea94d306,False
548c1d84-340d-4049-8147-65063e2bf9c9,False
a22eb45b-1986-433d-8b73-aba7ed5edfa2,False
e8239943-7dec-4605-adeb-57f96acac954,False
6e4ebe99-8740-4c48-9854-83efb9a893f3,False
6669f679-2d78-404b-9f93-55acec8566f0,False
e3ad64d4-eab9-4b02-af1d-c1217d024c6d,False
5e24296e-b736-4ad9-b9a8-226b5ced7017,False
fee33607-6fec-4ac2-90d2-abfe0425c430,False
ec0389c1-23ff-48b2-865a-5dcda016d50a,False
edcb8cb6-0692-4c63-9424-aed51bac5c15,False
b9787c4b-09aa-4570-9be9-50c7147d7bfc,False
82010c62-f5f5-4b22-8e8f-a8e0284d82e5,False
19b627b5-4c2b-4a96-a86c-1d888d67e82c,False
480d0cf3-406d-4351-aefb-e3b3f7d7f5c0,False
31dae817-4937-490f-84a5-b18bcdcd0a34,False
6ddd5c02-d213-4565-aa94-a1d43f529dae,False
98cc3e26-a1a2-4f5e-975d-cd7e820740e7,False
bab2b77d-fa74-4cc8-a43a-fb7ac40d4874,False
7a4a902f-21d6-4b0f-b1ac-040d6c1cc405,False
36ca9390-96a2-479d-a576-d828f5517659,False
e6426f0b-8869-472a-934c-0a09ada59cb2,False
c768edb9-05d8-4146-97f4-2764de1a8a8e,False
c891c9c6-8952-4c51-9145-3eb78e59f579,False
271e3ee2-b1a6-41f1-a20e-99d33b33f3d8,False
290c4414-8df5-4b01-9c4d-b762ea1af7d2,False
85a0429c-a18d-418d-b6a0-e01fd969c458,False
0a1bebd3-e60e-4813-802d-a0fa227dcecc,False
0043384a-f987-4ca6-9f2e-621e930951a6,False
fe8db353-e16b-4b8c-a3ac-d21a7387a600,False
276e1d67-00a0-486e-8a8d-5d5a06defca8,False
6a34c854-1071-4d51-b6c5-9dacb4d7e28e,False
4a4a5612-243a-4f53-aa7b-6a7ca674dd6b,False
bea17713-fe36-44bf-b9e4-21bc1120653d,False
770c7798-37cc-463b-b2a0-345990604f62,False
96b93974-f587-43c5-999a-e3daaae39bc0,False
8c490e4c-c780-4892-aa93-f2c4094183bf,False
cd4f2875-df2d-4f20-85a4-3113101d759e,False
7e0f60b2-2a06-4609-a599-bd3c0bb81d38,False
db7904e0-ce30-461d-8e88-c8ece651e3e1,False
b521d095-94b2-4af0-9080-9121fe41bb81,False
a5fc00b5-7c39-415f-ad13-bac8dd8b6c69,False
b636cc4c-5170-4a8a-a00e-0b6064eec4c1,False
6d8c5504-797f-4e4d-aa81-0850034296fa,False
7c641c58-a52d-4946-bc03-032cc7f020cf,False
fe54ee4b-80ff-4173-a3df-ecd70e731dd7,False
8e86f9b2-d4e6-45f7-b427-fb9ee7912673,False
022f8a47-04d4-45db-a3d3-997fd4066625,False
9bfe970a-2591-4ffa-89cd-33a65f6f83c5,False
3c6bad34-94fc-412b-9567-cd27b4664f33,False
8beddb12-ad77-482f-89a2-3a89e6b5a92c,False
d0207ede-1fa7-4e6b-bffa-749e45bfd2c3,False
c5ba36af-fb60-4e1c-a6d2-975250970843,False
df8db157-03d0-4453-8d40-9bc9fdae2920,False
a76c11cb-66f2-4d1d-83d6-af3f2c727675,False
14aa3ca3-7ca9-468f-a12f-3b2104005940,False
8d548038-9a26-4279-a25b-74adf519ab52,False
35f2e254-3e14-4f6a-abcb-b347e9b758ee,False
ac97e067-48bb-4c17-bccd-3eb62d51ca94,False
a2fcab34-5868-4fda-a0bd-c6623ee07bb3,False
e6d037c6-d2a2-4765-b700-7ce3e25c7f9c,False
ef775124-0911-4215-a4b7-0864d362dea7,False
c997f2fa-997d-4d9a-9d55-4b7d3bad3a0d,False
6e047758-94eb-4ddd-8275-4eca91bf903d,False
0d97bade-647a-46e9-9a2d-0d7abac432f8,False
acdcb47b-dcdb-4021-97ea-f79c20ddc8b1,False
5d316263-4959-4f6e-8c1b-7e93be162e89,False
29d4056e-10f4-45e5-bdb3-e9a900252855,False
42ac66dc-904f-4df7-88f7-2c2dba1ad160,False
1a115f59-10d7-4164-ae8d-0018a04dac84,False
e44cbd41-ce36-492a-98e9-d0aac1b6edd4,False
b8a1e477-e240-4060-8b20-802fc24f3f4c,False
23a49571-33cb-49ef-95c0-4765b51bd20f,False
4c6a70f4-8ede-444d-876c-f68c3f1be0d0,False
901bcdef-b56f-48ce-bd66-971e88476c56,False
cbd431cc-ea7a-4c21-a1a1-a29c5228ed8d,False
7dd12d57-0b84-4c50-96c1-b18366dc3989,False
8e301bcc-302f-4247-a39a-046d79912c51,False
5df06e8c-878a-4ed9-a33f-fc8292ec89af,False
794ceef2-f833-4fa7-9a26-15f89810b8c1,False
a5b01639-0895-4db1-85e5-26e19b559178,False
79d19c4e-1521-4d35-960f-1e2d21d72432,False
a8449e0b-2ac2-4c1e-8a83-e68d46eed033,False
27165ab6-73c1-4557-b6e2-6e93e62abbfe,False
a8c12f22-78ea-404d-9b6b-09920d2a9d7a,False
413b48c4-ef22-4e93-8fde-a771305d9749,False
e914ae70-f797-4ec8-a41e-f111d94296b6,False
7a8104de-b205-47bb-bb16-f75776f186ab,False
e5228d31-0d9a-4fce-9d7c-f46d3836613c,False
8f15ba58-fce6-4504-87f8-424daae65fc1,False
5111044c-10d6-419e-b52d-b8c8ff5b2d52,False
b0736dd1-f443-464c-a269-9a4400d8c046,False
a70bba9c-3d5e-49df-afc2-147c5badd755,False
5efa9c5b-7421-4f46-a37e-4b0122bae10e,False
1578d709-48f9-43d0-9fea-e1e0d9e604b3,False
bdecb67a-ec6e-4294-b9da-c7798079cdc9,False
93432c76-d604-4e9f-b1ed-10f544e928ac,False
ea98fef8-d0d7-4e37-bbf2-025f4a0d2b73,False
93350c77-c599-4a45-a3a8-68d786a56845,False
df495037-b40a-4181-ac09-bdb799086e47,False
4d3485c5-c5c1-4eb4-b27b-3d901a16342c,False
8fb3a134-ff23-46e9-b990-3d9687cec69d,False
19985f15-ff00-4d4d-9020-59e4ff9ab5c2,False
f0ede303-aa53-419c-9fa4-bb9f5a856750,False
e31db345-7b6b-411e-8aeb-99597ca2f582,False
972a355c-fe5e-4b1c-875b-2fe1e3bbeeb7,False
6924e248-2759-4511-a604-bfbe83aa622f,False
2ab7b2ef-8e0e-4033-ac59-1da8fff96acf,False
f46976af-10be-43e8-9aba-c34bae9802fa,False
65339cf0-7ce4-470e-b2b7-3d808f2e08d3,False
49694032-5808-4790-a2e4-9628d913057d,False
d55c41b2-7c71-4adb-9f72-fe574b2c8bff,False
8cb21aa2-1715-4c03-ab4f-36381190e515,False
b198047f-4612-4424-bac0-67a69297eaac,False
0267c983-f763-4b4d-8ada-c12203748864,False
5d1c1906-1090-4c9d-ab31-71dcfa549893,False
9c7c7377-79a2-4903-bbe3-3b243eae0032,False
42067d80-de4b-4b12-afa2-2f9290c97f00,False
4a90cd0c-24c1-43b9-b7f2-85723defa849,False
fef7d9ea-7f8e-4483-a8ca-aa1dc35bec2c,False
6d575fd1-f019-455f-8080-1ed9743480a1,False
9053317b-5f4d-4c1d-92af-891a9639e2b7,False
c626e38f-716f-4276-be64-ac2af96671a5,False
29a099de-aa10-4595-8ee2-51809fb109a3,False
771ad655-cdfc-4ee0-a61e-de900267deb3,False
34b16488-cb4a-4b4b-aa68-3e184fc40b0a,False
13974770-15bd-48ba-9caa-f6a5451ea1db,False
02bbc915-9fc9-453a-ad32-1036fa6e8103,False
a395b867-7397-41a1-b641-940591cbbc49,False
a08ba0ef-5ddc-46f0-b444-10e5b95c1eda,False
8ad8c568-1b39-4777-8aaa-4685f5266edf,False
8494205c-34ef-4552-ab28-6d090af57e60,False
2296d3f6-2005-4d7e-966f-419a4d7ae829,False
ff26cb58-5656-411d-965c-978aec83c4d7,False
bc0a6a5d-6e99-4e3e-a3b1-37fc0a3450fc,False
3016cecc-9b9a-4a55-aff7-45a064ea1dd3,False
b02e21aa-352b-4ec8-a90d-21cb7f111a36,False
e0527739-4d40-4f1b-bca5-be2952171bf3,False
65173bc6-ceb8-4364-8e24-2b1dc5736b1c,False
d145bd7f-d15b-4a37-905f-86aa974e8f83,False
7b2413e8-005f-4765-975f-310891653dbc,False
fb9c7872-112b-4360-8ad2-7057c127cdfd,False
e893be3d-7354-4a6f-a160-745985c7504b,False
81e58eee-f9c0-4d4d-8bd0-3267bd0e01ce,False
7b2ff249-6565-4fc1-bb62-f1dc842a4b95,False
2747b93c-9ae7-4eab-884a-67809136f1f8,False
b4209103-bca7-46eb-83ef-0f77848ac924,False
34b34dcb-8b2c-45b5-b039-0686400d083a,False
6370e0f7-aab8-4c30-9cfe-793d360496b6,False
37eb9827-869c-444f-91d0-dc7af56ccffa,False
ab13b31a-a4f1-4126-ae0c-2cb51f63ed1f,False
aa3961be-c93f-4c2c-94b5-e773df973c95,False
23f3e5c5-46b6-46ea-b2f4-f240f69e963d,False
6295b041-4bfa-41db-bcff-c54b2351fc3a,False
55c34853-0783-443c-a65f-ad87c57c7498,False
f82c6ad8-5d03-4a06-8cad-66c59d655c03,False
421becca-0f60-40f3-bef7-24105528dc45,False
d91738f8-0ad1-418c-b53f-091e8a9e0964,False
0b961346-6498-4a39-97c8-f02c2ea5312a,False
f0533851-dce0-42bb-87ed-ea0271e4dc42,False
3aeceaf8-5a00-40f2-84d1-6f5e71cb19b3,False
5953ff90-17ef-4203-ab4d-738c7657e37c,False
f605070b-ea73-4391-9840-f42533decf96,False
2c2ac34b-9e0b-4b01-b536-59efd873dad9,False
4dffc9aa-b5bb-4bce-ac15-c4ad57904515,False
a52aea24-9248-4bee-858f-ab602bbe35ea,False
33f92a87-8372-4123-9ed7-a652de2bfe58,False
f6eab3a0-0153-4221-a331-0a28c550eca8,False
035bd879-eca0-4912-861c-53de98e1e160,False
ee662c46-057d-4e28-ba4e-2920f8b1f902,False
84182d35-3e71-4433-bd90-b81afbe0e6b8,False
145d2f7e-f057-412b-945e-b87f0eff6a6b,False
e489149f-6e5c-4ae7-be52-c22ca2070bf3,False
9f8c2c51-9f39-46a5-8d81-31f52719bfdb,False
3d948afd-864d-4a8d-9067-308a95cc34cd,False
af3f9d9a-b272-4aa7-9d30-c42e8cf29000,False
61d15db2-a67a-470a-9175-3cd1dd69cf6b,False
c161b06c-1397-4542-9e65-3990fecd0ded,False
260e37cc-6287-4624-a433-1510ad21b4cc,False
7ea5a387-363b-45cb-9329-37246dfd171a,False
0d574085-0f0a-4450-8e97-8ce118643b6a,False
b011b125-0221-41e5-88fc-3da1781d5b6c,False
e2fb8d66-a892-4ad4-887f-e19cf7ba19f9,False
640445a1-87e7-499b-8600-8f33814671a1,False
742f790e-d4be-44e4-a04d-3f5585594d77,False
ccf4ffb0-b4bb-473f-ac70-51d1d051267f,False
d5e4157d-23ba-4528-aa08-9aa0e57c5c02,False
b366ffd1-ae4d-4a19-a2c2-aa2466e9a80e,False
f9722cc1-349e-44a9-94c2-9d5c19ec0829,False
7317591a-3283-4aa4-a212-ab7c9d361cb6,False
acac1b18-be88-44ab-ba27-a8f803125cdd,False
664101fa-5d06-47cc-8a37-4f43c4cd8e19,False
fbec1ed8-57c4-42c3-8878-9ef0dcacfa54,False
f387e1bd-2d59-42c6-934a-5a2fa7cf705c,False
614c721d-a921-4b4c-95fb-e976ae007b7e,False
3b895644-549d-43b5-8dfe-448cacb70476,False
e0acdb75-2326-43d0-86fc-e65a5af7dfe2,False
6a5e6920-bf5a-47e6-93a3-dd5a4b8c5bdc,False
254c5028-8a6f-4508-8d0f-e9b5b9e826d0,False
300c0f07-c38b-4bdd-b7da-bc6860ca5ead,False
9293f705-0815-4147-be00-980eae441e21,False
899ca782-e323-4d1a-bc1b-dacc18e19331,False
4b83b570-8bb4-495a-9976-b2bacc27f386,False
851b9860-31e6-4645-853f-4f7e96b6a287,False
c46268d6-b22d-4bfe-8ab3-5cb1653d6c17,False
f2a83faa-f11a-41f5-8826-80f934010b60,False
95c89b2d-7892-4145-92d2-d7e6387d5add,False
403e3ee2-6d30-41b9-b7df-c57149102c10,False
1139fa12-34c1-43ea-bd9c-4e6404015ced,False
cde55848-b19c-405e-97e0-a1f103840661,False
05fef7bc-28f7-4d49-a2bc-491ec1cdc9a4,False
085e9e90-f12f-403e-923b-6567dcdc614f,False
cf3b6e13-781f-418a-8ae2-e88e7a1b2bb4,False
8fd48278-3332-43ab-92f7-70724c81cd72,False
60980b94-e05b-4892-a4bc-08cf2e904b5c,False
129b1e2d-74a4-4600-af56-2306276c01fb,False
e2c328aa-3310-4475-8a86-22250b36e356,False
d9347309-b72f-4d06-bb44-f3d7cabe2348,False
7e8e148b-0b44-4907-ad59-ae125ac7b94d,False
65f69897-7a8e-4e5c-a444-c04046633755,False
2a064fd2-4fbc-4984-b792-2d9eb998e2d3,False
3aad5840-34ef-41df-83f1-9b58df6c0d60,False
89f515e0-8e1a-4d7d-9525-89b9de1bad90,False
f1e34d6c-6c02-4976-9e73-b307f37590d3,False
3d67cde9-2834-44c0-94c8-b3b4a911d192,False
321a9240-3321-4bb0-8e74-b39c92e33940,False
62d846d0-5ea0-41cd-ad79-d8bfda92e740,False
a9f948b2-4e63-44bb-be49-3f43b118f68d,False
e3395b1a-1ce9-4871-bcf5-9d5feb9f33cb,False
2bfaba2d-dafb-4997-9352-8440023d35cf,False
64fff7a6-35ce-4da8-9d3d-c371d6ac0d84,False
c1cb8d69-8fa7-4dec-a5a6-1a06a8422325,False
3c9ea73a-2f45-4112-9b7c-398883ab6df5,False
f18cccdc-131e-4723-bbcd-f203459ee674,False
c44ba50d-cb6c-4a6e-bb95-8291f3dd69d1,False
0592bfa5-b928-423f-8ee4-334ece920136,False
ba266e87-432f-474f-91b7-2a5c10dd6f06,False
780b8dc0-d9c0-447b-9f43-04e4fabdc4aa,False
df94a2f8-0644-4f36-b31b-38886b6ab820,False
4c66d04f-64b1-4c49-8c0c-f61e9cc10bd8,False
ee926321-245f-4d94-aac1-4fd1eb74e721,False
4c485cfc-9a02-40da-905c-1021157c6813,False
35d21dea-efa5-4c8a-96a0-49431c687714,False
23e8bb05-05ec-447e-aec4-32d0bf660225,False
046606f6-3c7a-412d-aafd-3660e5199bd9,False
243191eb-5d9e-4717-bf08-6a9e569db57e,False
bada092a-5e4c-4ce6-9453-9cdb1ec88633,False
3876fdaa-7af8-4c9f-a913-cb7645071807,False
4d7efc8e-b68f-40dc-b18b-f53a3864bf75,False
53332e5d-3ac3-4c05-ba96-a00dcaf6a7d4,False
ea88d27d-17a6-4711-b256-9d7c8c8a22f6,False
c82e27a3-1028-4c78-834b-033d84e1f69e,False
e666a9b4-9e53-44dc-ba1a-fd6767e56f19,False
a05095fa-deba-4297-81e1-5f65a7610e80,False
3f8c1097-c4da-4c2e-9bff-a27915c1604f,False
59e110eb-1f09-4b9d-a969-29b20513eda8,False
585abefb-d181-4f77-a500-1423faebcd19,False
1f0b2be6-6040-4c51-984f-a41ff9f7852c,False
00ebf725-2f1e-48dc-b4f9-02b74580a4ae,False
aac782ac-dce2-4b06-ba15-422e3cc7edc8,False
25f934bf-9bb9-4155-9275-eb9414aeaf5c,False
517e71e0-47e5-4f56-8e96-551aeeba6ad9,False
863e3610-ae7a-452a-9179-15b7883a5ef5,False
9d96bf5e-4d9e-4bb9-beb2-f90442cf4e6d,False
52f2978f-486c-480b-a4c4-582908d73827,False
7a5d7c82-86c5-447c-851a-00393803dcee,False
38491ecc-8891-47fd-a804-d0ac795741bb,False
6b1205aa-9bd3-4580-ad9f-835f3fc5c786,False
37164f31-1298-4e9c-becd-2b8c5b952506,False
cd602879-f79b-4079-abb8-fe95f077671b,False
e2901d96-c993-4819-a7a5-81e8610114f4,False
d46a537b-bc0b-45fe-9713-412e8bceda58,False
9055e085-5f23-4322-a3b9-3a349d7739b2,False
8470f6c8-ce66-41cb-b7b6-51ee028bffb6,False
5b33cb3f-1551-4ef5-8916-54e6473eb4b1,False
34afa2e1-c968-48ee-8663-f1a104db73f3,False
ed56c714-5a96-41f5-9f8c-eda5feb9ea24,False
01a25ed1-c3ab-45f1-8c6b-7074ab102c9b,False
1186da93-da7d-4c53-b020-cf0669b41194,False
38b77c07-80fb-4296-b3b6-a09b1beaf6ac,False
34879e41-1a9c-472a-8eb9-047dba2ac3d9,False
7e1e7e84-3003-4603-9782-d6a7c6b92071,False
b2a7a475-c619-4773-af3a-cf3380777ac5,False
d317d8c9-1060-473a-b21b-770724877651,False
38d5101f-423c-4d9d-993e-478302b34254,False
539b4d73-1397-4f7e-8a67-7292755afc3d,False
e8e977f0-dc15-47c5-93a7-55812bfcc524,False
74eda60e-3b2d-420b-a4f3-418541822509,False
bf79dcb6-abc4-4f76-9718-27dfb4c0c39a,False
459df649-cdf9-41d6-b22e-d234404c86f1,False
26fa466b-1573-4a73-8266-557cefc66c4c,False
cb35097a-e5dd-48f1-88a7-38ab0df83e12,False
855c0a97-9640-4fcd-bf76-14495cf85eeb,False
802b1bf4-b8ff-415c-9727-20fa73a27c7b,False
b1d06d8a-655f-4c8c-8a2b-a8f5a44e3b1c,False
f3fac150-7429-4f81-83a2-15ffa660604f,False
27aedaae-8c48-43f4-bef3-89ba0a7016c8,False
f220eeb5-6760-4abd-bf31-0f21c87b17d9,False
e3dc8702-5033-44b1-a09c-f7af0889360f,False
b66e550b-5c8a-4866-af9c-5cfbafe601c5,False
21986e3c-d19f-4f31-9dd7-3f1f138ef8cc,False
a2f87dea-cb22-4b8d-9a0b-d63d69f841b0,False
1f92bdc9-9883-4e3e-a4c6-34ce3dad2abf,False
4eb39f63-3a00-483e-b023-dbc32471a957,False
940bb34d-e9cc-4dab-81b7-4f352cd3248d,False
dabd385c-d2c5-49ab-b830-aa05d2d4dd05,False
1327f1bc-2784-478f-b84f-16b3a79fbfaf,False
b24cc64f-be3e-4e57-b30a-9e32aba4fc03,False
8e07d8fc-83b1-41ec-bba5-a5dfb5786277,False
baad0da4-65aa-4c06-9d43-3dc2cb115be6,False
e8f66646-059d-42e6-b348-f0fed47ebb90,False
081fec82-ca9a-4f77-b26a-51a576b40672,False
8ac35ac4-5dea-4737-bdab-3441d2c2a960,False
527a9f7b-d007-4d41-b122-d458f521cf35,False
476a3991-aebe-47a2-8521-e25e96fbcb7e,False
5287e5f4-85c1-4181-8567-4f45ad3b1b9d,False
c33ffef7-64bf-4e8c-9033-89b46ce052ef,False
bba95ec4-fef4-4c9c-a484-557f454a8e82,False
04fb7e52-5834-45e1-a31f-167698a7e77b,False
8d7248e2-951f-48d0-9e84-f058d5a804eb,False
96f22a06-15c5-4e34-b183-0345a4229f14,False
fc267da6-4a64-4fc1-a843-a5c38dcd6e9b,False
fa98f0cf-42df-4d68-969e-3fde571ceacb,False
54867db3-efaa-4791-b5eb-0106767f5095,False
afe9c3dc-aad2-4db6-a4a3-5a102674d1ff,False
7616e3a2-3d9d-49d4-b5e6-6d4c539cb0bb,False
4eccb0ab-7d53-48ca-a250-46c05f866c8e,False
0ee52f63-9caf-4df1-b584-5d71b221e1c5,False
6fb0c665-4766-429e-8895-df3c7941a6a4,False
8e8c71d8-359d-45ae-bc16-89c24dbc217c,False
371831f3-d527-489b-9b28-65da4cb9be7b,False
98197749-f041-44f7-8e8f-d00b178976de,False
bfe9efdb-4a57-4541-8387-4957d4d61370,False
9793b9b4-1374-4146-b2c5-bd89b70b3420,False
1c5bb4ce-b79c-4fc9-b5cf-fe16a6dfd693,False
eafd3e7b-fa5d-4d40-ad71-1fe9649a0bf9,False
9619cf44-3ac5-424f-a3a0-51e85f5c6553,False
581848c5-27d1-4990-a049-a289056a3b28,False
6f04af36-567c-4d44-862c-92fd98abb2e7,False
e9195919-ca08-4252-a048-72dc744d2442,False
fd5baf20-7da2-4e1b-be7a-31688e72d17c,False
9b02c535-2649-4478-9396-6f0a6b77af9e,False
a98afcb0-3ef5-47fe-85e4-307a73e5550d,False
606cc2f5-2c81-4bf0-91f6-04068b5a8683,False
4aff5eee-32b2-4952-8376-37d672a9dfa1,False
bab3d9a3-dfa4-46da-b2b0-74a331d16ea8,False
a0dbfca2-743c-4b6b-bad7-c891a8d791b6,False
50ffde64-6eda-4a8c-a789-e7d0a155eb2c,False
02580dcb-0dbf-48ed-ace3-e35d3a99542f,False
ea072198-19ee-4d26-8e4b-36aad4249390,False
22ae8888-5200-41ca-8855-f44a33704903,False
17cb67b8-6d0f-44e6-a174-a7856f2190cb,False
3fe604f4-2867-4d3b-9c5f-3cba150d28eb,False
bc5e3e2f-cebc-4bd7-b837-8be20bb68d75,False
c0e9ab30-ed26-42e9-97e0-11b7f8102383,False
9cfa2010-ff51-4c96-a7be-a2b29a7f326f,False
4d81bc5e-85c6-4764-a1ee-ba3de733c344,False
0dd4c0e6-0b09-4fcc-ac34-4cf0ab8e77a1,False
ab16b1fd-14ca-428c-9336-eb2833ba1e1b,False
4ccb2355-39d1-47ff-b27e-1442fd7fe973,False
0bfa8cd5-7fa7-4708-be72-79cecd7f65f6,False
dcb9075e-cdd7-4460-a140-77d39ec4ea48,False
beea002a-ce2d-4105-bc70-dfcafba2a5f1,False
107380cb-46d9-434d-9feb-21c760b2d14b,False
0a3e4918-6e4f-4ea3-b0ad-16f7db1fb4d4,False
35b86d0a-864f-46dd-a9ec-09d586eced99,False
2303f6c6-d69d-42f1-ae4c-84ffa8c01f05,False
f004e897-a15b-4e18-afb0-64065f4b1a97,False
a1726883-d971-4e00-a4ad-5e9bfedd22d9,False
3e59034b-c1da-4b7d-adb2-094bbce7e298,False
1579bc24-3ffd-48f1-97e9-afe27d6448b2,False
b546c5c0-d6de-40c5-ace4-599df92408c3,False
51251262-85a0-4af6-96b1-ba8c4fcf9f89,False
13865151-b092-4979-8434-d8b88ffbc222,False
627ca9f7-7336-4302-91f0-33748d532691,False
4d7d10f3-7d16-4638-a58a-83773da8b37a,False
9bd39476-17ca-45a2-bff7-2b2097eea179,False
31a3ac4d-828c-47e7-87d5-b7be1d30d990,False
81b83de2-ec07-4a4c-8f72-8efc3187dc09,False
1bf645f6-2324-4211-8588-fc1bb2384849,False
da6b391d-6079-4657-97ec-147d53bfa311,False
9cc3c1f5-9129-4c75-9b08-e5a844511ba0,False
3b195b02-0a4a-440d-b608-90b921e8265a,False
58c68877-4897-46e2-9581-f33ea5b38959,False
57423882-f34a-4949-b4ca-0ad7abe5be96,False
517fd316-20e5-4866-a338-0b421887fa69,False
39c2c1a2-bcc9-445c-bd81-fbc0067ec672,False
ea8104ad-75e2-42fa-aad7-34531d2cec89,False
55525e11-b469-4821-87ca-7ddc171acd35,False
eba0330c-6a9a-4f4b-ae39-c29a921f266f,False
f5d92b55-74dc-4f13-8960-a41b25a744a7,False
c95d2093-f2e2-4d2f-8af3-c094b61ed8af,False
5d1ddcb7-a5a7-4280-a77f-ecc6196b58f1,False
f945cfd4-678e-495f-a2de-b12c5821f077,False
4ef8a787-34c5-4d5b-a5f5-ed6fc5e2cdcc,False
f53ca48b-268d-49f4-be5b-8a9233f8457c,False
7570b0ac-5d42-40d5-80e7-ca767c8ad37a,False
329fc417-1081-4d45-bf45-f8a20594b24f,False
bed63da0-8033-45c2-9413-d64db962c8a7,False
b8e55770-5e46-4f1c-a169-20d1b78cbafc,False
033d2bce-575a-4d2c-a5c5-650c8186a576,False
9afa8267-4479-4214-b5de-f8074a965478,False
972d5d57-669b-4896-b602-72ba8862036f,False
0f67a174-0023-44e2-aad9-8682f8da5a79,False
852393d7-9a5d-476e-a02b-a25601dbeb73,False
a3422e50-9e2a-4324-8f79-a8a75f8a14bd,False
fa42156e-972e-423e-b1ed-f3d3668f5032,False
9929afeb-4884-4a14-9575-11addbeae9f8,False
13c37b5d-bbf8-4a91-b7a9-f824eafa4d5b,False
eede901c-be29-44f8-9b52-a1e6cdfc9ce7,False
29310971-601e-4211-a34f-76b42b8c03bf,False
8ea359f9-67e6-4ffe-9dec-aa980e4df5f6,False
17722cf0-f38e-4bc3-b7df-852c1779e7d0,False
e09012d7-14ce-4f0f-b5d9-704d5fe12b57,False
d75b6911-f805-4526-9e5a-e447e28220cd,False
f1aab637-72ab-47ff-88b8-547b638b66ac,False
80599b93-79c2-42e4-9ae1-a991524f93ff,False
7d2d93e8-b40b-4288-b24d-2a35e5304b87,False
c5ddf574-2543-4b1a-86ec-9e60e4433474,False
e84c1940-f83f-436d-9768-42116aed5760,False
20029d9f-05e9-4407-9aad-a0b12f132a6d,False
2f098f4d-a43f-483a-a431-01e40d565923,False
c5001e3e-f59d-4194-9021-7062a8179850,False
f8eb7113-6aee-407a-8387-d8eb7509d8ba,False
c0cdf96d-f43c-47ba-b5e3-a0a364ac70a3,False
92689d81-276c-4202-90a1-2a0b5f96600d,False
187de0c5-c39b-46de-b043-77c39e9be9e2,False
4d747649-53bc-40e0-b8c0-9d8baa3319bc,False
0e9b65bb-a4d4-4431-ba38-f5a09ee08a70,False
05e15e2f-f2b7-4922-854e-dd713977fd2f,False
204054fb-92be-47c4-a784-cabe3190b8f4,False
62171534-0a63-48f2-a413-a4d3e083ebb5,False
f1efa963-2dfc-4b9c-b94f-ebeff96277e5,False
01e1af8f-8946-4e5b-a6fa-3d5c3678a41a,False
ef60250e-a055-41d3-8c16-ab4e97b018b0,False
073bca43-ad2a-4a7c-b4e1-0c33a1861de1,False
13eb22c9-bece-421a-94c7-743b2401342a,False
e8a44238-5fe8-4710-bfec-5325edc72f12,False
02b53d3d-8c30-463f-9032-739c2e0f0484,False
b8663c7c-a92d-4f4f-b6f3-ba5018302082,False
c07126f3-9213-4643-9a89-8be79e49b057,False
b99e6f7b-23c0-4eb1-949b-862d1f7b6b19,False
5ed560c3-7afe-417e-8f9b-6d33be00565d,False
9c8aa872-0214-4a68-952d-986c16db8a18,False
d0a44432-9cd6-4852-b14c-7df4e4347d51,False
679b03d4-fdc6-4ebf-b96a-3419f906dfde,False
950f5eff-dc51-46e4-9912-d963d32a9e06,False
dc29aca7-2061-4cdd-a146-de313a6b65aa,False
44f2a0db-b20c-451e-8d47-7c015e61df62,False
f891b0c3-dd3f-487e-92bd-c6619fe0a8c7,False
b58674b5-e631-49ee-b54f-595f12f638e6,False
7d2e11bd-1708-496e-b176-2fbdc37114e3,False
a02cbed2-f58f-41b0-bc8c-65ab12d5dfe5,False
d92d9519-9e24-4724-a47a-7b03768ae6fb,False
4269f091-eaed-4ed7-b06f-bb0f49d9bf73,False
938f2b90-6c08-4d6c-84de-78f8873f3f03,False
92f71993-4884-4b5b-8dd3-214cb4508610,False
fe4cefed-6f55-4c9e-9b00-0f9f16e500e5,False
e05ff96e-d087-4c98-bc7d-0017f4c1540b,False
7d8da92b-93ba-44a3-a3cd-8a4471e64bce,False
e4951ebb-d7c8-4cb8-af37-6fbe2cd31317,False
64ff3d41-eb4b-4bd8-af49-056a9f5f4623,False
8471b4b0-ae1b-4f69-b740-d83173318749,False
66e6c48a-d679-4ab4-aae6-c3da5f2d38b8,False
ebc8f6b7-ee22-4f70-8359-9c6d1224cbd2,False
0b73ca1c-d1dc-41e5-a9a1-44751958a981,False
1da76d69-85b8-44d4-9d64-3387b6b38fbc,False
811317a8-f4c8-4393-96dd-6c82a8909e31,False
67213a70-17d5-4f59-84d5-98f7e14fe093,False
ab707385-6c81-4f55-9906-d534438f9d83,False
50032b35-1857-4baf-bac7-e2b96a7e4c36,False
5a0d4f8c-3030-4e86-a288-e5da4d8ddd2d,False
bdcaf089-3a76-4ae2-a5ec-276c862c9e66,False
1e50661f-2fce-40ae-9b06-fec229071205,False
dc8aee30-be60-43f7-a8be-9288e5af6e39,False
1e6773d7-f3aa-472b-abf4-5b9d5e8c8bbf,False
7fbccd75-be19-44aa-9ab7-12f6764231c3,False
7d6c3d2a-5564-41d3-8e0f-bae18787c3f4,False
f859396d-c37a-4ab0-85eb-43c898ff805c,False
8d244e3e-c4da-4ddb-a0b1-5abaa6a27967,False
45f3dc5a-ad68-4b45-82de-b2e6c37a927b,False
3a3c8a71-ff57-4e2b-8991-ab9bebc2026f,False
f5b0fa1c-b013-4951-a3db-2b6da8cfa238,False
d8b6a802-27e9-4dd3-b814-c4920c604d99,False
b96c2da0-19a8-4c19-a70a-858cf86b2e95,False
4e7674e9-ca12-4a49-a5f5-cdc821c7c0f6,False
e60d7a94-b483-4162-b043-a39a4f1a84cb,False
ae1c64c6-9efd-49e9-a1dd-2f7f00c976e5,False
63300ee1-0aaa-4c51-9cd9-7b172f51270f,False
2c649adf-a998-48e1-b612-41be8b8ce7be,False
5c91f845-534f-496d-99ca-9c1b94bcf47a,False
5c230306-c3f9-4409-a9a7-480095ef8b1b,False
b9493906-939f-44eb-be5e-215ec47cc30b,False
9ba14c35-0ab5-407f-86b6-020a67a55936,False
4a85e443-3ba8-48d9-b4b5-5b8648a84587,False
0de051a6-69ca-47d2-b644-14fd8ae769ed,False
09f64405-0b99-4034-8a4e-255280051b10,False
ebc095f5-571e-4230-a978-78c17c2257a0,False
f758dce2-0556-4aea-a7b0-32831d7c0098,False
f9d09e26-165e-45b5-b526-d3b0abeb35d1,False
58f42098-591c-4524-953b-0f1fea3e072a,False
f4d375c1-a293-49fa-b240-d7a14027ab7d,False
5f0bb32f-e6dd-4be3-a89a-18fe5f8e74df,False
eaacabb4-3802-485f-a14b-a540ea041d0b,False
d18183d1-ac2b-4cfc-85c5-1060991121e7,False
7ddee37d-ebba-4a66-aa4e-4d28c0fce144,False
982cd08d-49f8-4d9d-9fef-b72a4570b7fe,False
d03a9ed2-515a-4eea-af69-a1cfc19666e9,False
5ea0c503-3d7a-474e-b4c9-c3ad4e19392b,False
afcfea4d-627e-41e1-af35-fbc0e1057ec8,False
df02774d-9482-442f-8095-3c13f06bffa4,False
220b9ea9-8a0f-4508-9fe2-c0a0a96b3c42,False
6553867d-a881-4fd3-947d-577bfa5a91ca,False
ee7385d8-6c75-4765-ba31-4e67b5982577,False
c7533bff-9fd8-4e61-85b9-cf380459be16,False
3717f44b-7911-4e22-92c6-26305fcdf4b8,False
b540b30e-039f-4a25-8d61-68bd2defe193,False
fc1bb61a-a36d-4d54-85ec-8e9fa09fc700,False
5a7284a2-25ba-4795-a2a8-76d76d58bf63,False
ad2654a4-8733-4652-9c01-ef9d881cf24c,False
f7aeede8-0a11-4bac-8df2-1ad52d36db7e,False
af178dbb-c461-4ac1-92b5-9aa4c07d0001,False
22538040-7a02-4a6d-87a2-b171b02a06ee,False
217d65a0-c568-41cd-9563-f61600e85ece,False
ae5ec1fc-5eee-4114-823d-269c2da46bc5,False
9a18e6bb-71f6-41a8-86f7-3047c0bdbeaf,False
db992f51-c433-43bd-99cc-86568a03be43,False
a7728290-78d5-40ef-830b-4532a7c24c68,False
02b964d6-76d9-4b12-9443-3a8eed5acddc,False
75e8abfe-6af0-4106-a235-09a86bcfdfa4,False
2fc3bb1c-577b-4d97-801b-d08ee4fa2e93,False
6964eb16-1623-4e87-bacd-c514dae18b28,False
4f7c1491-21fa-48a0-bcf4-ced1c17e3dc0,False
70b6052f-b2c6-4986-bc2f-db76fa584a4b,False
27d3584c-fb99-4c3e-9383-883b118f1972,False
25dccca2-054e-4210-a3c9-f400ba6c557c,False
90a014ab-4ca1-4abd-8565-0e0bd5c97d5d,False
0c941263-190a-40d6-9ea9-f25945c86249,False
87cb0e2a-2528-4a1b-833b-66fc797eb3e4,False
638644e0-7d3e-4830-bd0d-5c8f97cb4585,False
e50c27d4-a9df-4b1d-87a7-611de20da100,False
6b2b0c27-1eec-4480-aab1-803803f89c7b,False
a38bbaa4-4fe8-48d8-822c-a6a893daf60d,False
a075e927-5110-4492-b442-7e0b61484bb3,False
594de8d7-add7-4b0f-a90b-365143eb4ff0,False
6e06f176-d140-4967-8d53-48d15b15674d,False
3366da87-7f7a-478c-98b1-3a9d8e041844,False
4a832ab5-57c8-40b0-9a73-cd2f4f05495e,False
aeeb5608-b2ed-403d-9641-aee399d81764,False
9e44e98c-b359-490e-b030-9aaf85ea16e0,False
e54c8739-3133-439e-ae7d-952b785b8a07,False
bb84711f-267c-4754-91c6-485467a9cca9,False
dfb68a5f-bb81-41f0-bbc4-d138ec737598,False
45c87f41-dbbd-4290-a6ed-caddeb04cd29,False
b6646199-ed25-459e-8f89-37fa753e9662,False
4b27b079-5c5d-4f1b-94c0-c6c254f6516e,False
cc62f748-54b4-48a6-99d2-c70309ac7ba5,False
2ba009ec-55c8-4441-9145-c6f899960a38,False
ba68e69f-2c8b-4151-a179-2fcde658eb6a,False
cf92bd95-9b48-4302-bd2b-87148de0b52a,False
a7668617-78db-4de3-8a28-4792ffaca645,False
aebeca58-ccb1-4c1e-87db-f6a203e30f78,False
15fa9483-f633-4c2d-aba9-00e16a7d5d96,False
3a5b171c-b7a4-4108-8dac-20f90abd99fd,False
3193fb1c-91bd-4f30-ab1a-ae6a31ca528c,False
fdf48930-a265-4f65-8d56-e00031456a6c,False
5fa9a39e-ee47-48d4-b9fb-97b9abf1a574,False
ac95adb1-ffac-44fd-8345-eeda2de66d5b,False
1db14bfc-6f3a-4115-acb4-678c16120aa6,False
f44f5031-a82d-4879-87cc-4d1c7bf6b2ad,False
33a37a74-8046-4354-b822-58a7d306e664,False
2f8a637d-f330-4c59-b50d-456e19412cae,False
7e388a19-46f7-420a-83c4-95061e8e06ed,False
835c3541-6f93-4e2a-95a3-40d94fc9663f,False
8edddfcd-1e52-4770-bf89-7142fe716b14,False
913767ab-4dd8-4715-b53f-f3e271fc5136,False
e5f95507-6889-48ad-a234-5eacb8da3559,False
0f0e5767-606f-4a15-b76c-432eb4428cde,False
647ac591-5da6-4a3a-a60c-cfb4c6735380,False
d2eaef18-4b67-47a1-966e-cfe36d779595,False
fad3b44c-3b2d-4dc9-a2f3-2faea63fcf12,False
a0017720-200b-4903-8642-6c458d03f17a,False
8a45a905-badf-4397-acf2-6429b8d77d2f,False
585409d9-de22-4c3f-9136-6db15a578607,False
ff0e88ea-09f8-4e6f-9997-b85154842b4d,False
97d3d50e-6697-4f77-93d6-40ccf4382911,False
af4afcdd-52cb-4ae0-ae18-c9b3c6da85f1,False
f8ef32ee-ebac-42ef-8b2e-1eb3b523b1f3,False
e0218caf-ba73-4a4e-86c7-1c162cfcbb3f,False
c5b86c82-379c-441a-ab7d-2448efb18149,False
ceb7803e-c3fc-4c0e-95c2-c94db3fdc2b8,False
69d445f3-54dd-428c-9fb6-98a5e9209b3a,False
c6642ca9-10fa-42fc-a9b2-a838edac4484,False
785e02ee-4cac-495c-b2e2-503ab2d515d1,False
77902ddf-4b58-4ceb-a6e4-86bf8d2eea22,False
9fbc879e-869c-4a8e-bd6a-b7c2a86d8706,False
25e36ccd-dca5-44f2-91bf-c946205474fa,False
dc432ed5-64ca-41c7-98e7-edf880a23721,False
09791408-7768-4441-8245-59a5709de505,False
3bc5f97f-d173-470b-ac99-3c800b7d1856,False
c85b811b-10a5-4073-b180-4803d9025a2c,False
39590149-077f-4e36-9a4d-67db9e33bdbc,False
ce4ba2bb-63d3-4e8e-bcbb-859a95966725,False
75dacbbe-09a9-461a-9823-3383279b637c,False
651a6277-017f-419f-8496-179588ccddbc,False
7da2fb48-d14d-4890-b5db-ed2c3d4caf01,False
324ef0f7-aa25-48da-afd1-843d92071602,False
df42eabd-604f-4c8d-961a-9968230a37e5,False
47d1931c-f9f2-49ab-bd77-71f8a948ec66,False
af7d7f21-1bd6-403d-9927-839b11d1ce50,False
6c914882-612e-43c7-bb36-8cf45ad5a309,False
5b5dc6ed-ef45-49fb-9955-5d44b245e656,False
a928a5b2-9185-4abd-8e90-ae4a1fd28b9e,False
f166cdcf-762c-4fbc-ba2a-a7baf3f81c31,False
f34bfa59-a525-43e3-a093-97d5d3a1b88a,False
73e7f042-516c-4b0a-9385-3918bc4015fa,False
df3bd35c-35c5-4df0-b43f-847a29baadcc,False
e5865a54-7e1e-45dd-adb4-f81c8a55b7c4,False
81edceb3-8bb2-4f15-a045-d9e673ad562d,False
33ca11ee-8c59-4d00-ab70-d4d56e0db295,False
00bd2562-205c-4fb1-817b-f3cec78d7642,False
3a5b10ff-8076-4a77-b25a-2225885f40aa,False
5fdcabbf-6b9c-471c-b6ba-745ba55871e3,False
aa2fd9d1-b5ad-49f5-9161-a3816ea4b405,False
9826a55f-555f-4bf4-9b67-8ec1a65e883b,False
279e04e7-6100-4856-a2bb-0c8d7bdc80ac,False
d6312a80-1c61-4ec2-9014-2131750565f5,False
2598f383-9280-4da2-a40b-50e40a086989,False
1dba1267-7e1c-45a1-bef5-18a64dead645,False
f9a013be-55c1-40d9-9c3b-c3e5c9c52567,False
27177e59-5548-4613-8f69-ef2dfb2c2c83,False
01ddc628-bef4-4f0c-94d6-761ce92fd9fd,False
81b89c44-ee28-4856-8fc6-0d4370ba8e9c,False
f9cc596e-37e7-4948-8903-c8c72e8992cc,False
879d19c3-57e4-467e-b8e6-b704b1d12755,False
a3bfe403-388c-4751-9c83-79aef7b02805,False
fde91c42-002c-4c22-b4de-5f7070f81dba,False
eb02c661-1dc3-4362-9691-c83a7687853e,False
dc6dafff-59c2-4153-b06b-0f0c96822e22,False
5d08c254-9e6e-4c9c-88bc-7784a8c99656,False
0ce87570-b4d6-43e6-9aa9-0d26ab636d66,False
ba8f4592-37ea-4bed-b866-9ba9044ffc73,False
60f41905-693f-4bc7-ba2d-0e68533a83b3,False
639ac771-b739-428a-8ffd-5b7a226dd24f,False
12087e20-8ede-4b46-807d-0affcb51a911,False
a5ca5367-b598-455f-b9d2-3cfd692981b1,False
9c2e58de-ea4e-4617-93f8-382b8fb864e4,False
cff14c0e-c7eb-4d43-ba4e-f72fd8139af7,False
d61a4a69-30bf-4bd2-a23b-da76bcaf0ee3,False
d8dff535-c62d-4aea-9e70-bd3000a21367,False
7c9428af-461a-4f63-89b0-16e51e595d1f,False
c8880b2c-651e-4bd2-a99e-9370ede40cf0,False
041b1878-1765-49e7-b332-432b3d10fa95,False
b599277f-f78e-49e8-b676-291d4e329b4b,False
427f6635-5f7b-4b00-9772-03300f589a93,False
e1656eaf-7f9a-4ca7-b940-964ff2cd4e4b,False
a18e4440-7a70-4cf8-92ef-d363b4dea4a4,False
2e408d57-63ba-4c3d-807a-be48f24e7fd6,False
bd0c1656-de37-4877-bee6-187277f4d7f9,False
d7aa0f83-59f6-464d-bfce-50b36151bd93,False
a83db2df-e4aa-412a-a682-13c7a525dcd0,False
f2dd85f6-3446-40f0-a19e-17fffaec8f42,False
a60da1aa-005b-4f73-9dbe-4a3c88db3692,False
f3b20598-a303-414f-a254-4d22944baabb,False
40d1ff56-0c78-4409-b96d-c079a75908f0,False
ce4d89f3-94cb-494e-80dc-4cf971b0c1fa,False
aab133ba-e88f-4ab5-8e59-22e9f182cdf7,False
789fed96-7337-4c2f-8e1c-37621c7cb6ed,False
8f221604-d46b-4756-b9e4-39ef48d495a4,False
9947c98a-2444-4277-a7ea-f6650b752e49,False
ad973b67-9b89-45cb-9942-644c248d31ec,False
ac00f929-bbfb-476c-bde6-67f9bfc46c0e,False
8271bbba-f96f-4a1b-a4b3-b66b51b795ed,False
c69ee73d-832d-40cc-8ea9-93a01a8385f9,False
6726f5b4-4175-41f4-a3db-0deaac48ceaf,False
56282768-6df0-4c3c-9ab8-180f56479889,False
cae322c3-6896-457b-b7e1-1681fe84f0fe,False
a65be22b-d5a3-46d9-8362-a810a2611b8d,False
c6141017-11e1-41c7-98cc-84170067743e,False
c4605896-ef87-4f0d-8802-2f8e38de6b6e,False
1a574cee-6490-4d65-b63d-329547f50a35,False
059dd55d-4b94-4e30-b303-f438fe2110d0,False
21084dd9-f75d-4e3c-848d-56502e9522d6,False
03d2a7ca-3775-43ab-9447-6a01ec67f7b7,False
db20a56e-dc81-4fe7-8eda-8bbb71710434,False
227c27df-377f-4ac2-be19-cad732af7b95,False
160a56e1-1cd2-4c9f-83ac-0d1b2cb15c02,False
73137fa5-dc1b-4eb1-8506-536c78b3842a,False
d73d52ba-ca17-41d0-97c7-68d6114a9827,False
24f384ef-df3d-4d65-bc25-bce108c2d2ce,False
3c775558-b365-4b7c-8853-bc5542e17302,False
eb45bc38-9cf6-4e33-8b5f-174b6c267b56,False
3805f907-6cd6-4193-8746-8f591b494e15,False
88914b26-e555-4570-8979-5e75671e9bb8,False
ea879f65-279c-458a-b21a-6d71782152e0,False
49ee4969-0309-44c0-af4a-bfccdeca8598,False
9b4e2c24-9479-41e6-8927-7d9b6e0d2648,False
e39836bb-e23d-4faa-afad-49e9c41c147e,False
07f194f9-c115-4d6d-8a4e-5b70a6d964a3,False
b39844f4-e194-4b21-ae7e-2fbc21f8b225,False
9b2e18c0-5a24-491d-bf2e-1955fc6bc66b,False
e7094153-5a31-4916-aefb-2a2471693ed5,False
7d058c07-01b4-4dfc-b1f4-36eacc8abd69,False
0acfbd89-da3e-415a-a4f0-708a2d0d5e1d,False
15f7ef61-da4e-404c-ba7e-1b86c1fad753,False
fabf8aef-608d-4b54-9913-0b900286675d,False
e4cfb2f3-9fc6-4a49-844a-bb9a251356e1,False
64cfd9b9-050e-4961-b363-d272d0181ce6,False
28e60130-2d23-4ed1-bf5d-21f279731ea8,False
7eca5b2d-341f-4b4a-b6ca-f84012adbc1b,False
fe07832a-badc-4599-9f7f-ae0c7ba79d05,False
fab6ad91-bacf-4cfc-9245-1cc41bfb3b3d,False
425ca2e3-8682-462f-a8ae-013ac6807bb4,False
699fdb02-bcdd-4b48-bcb3-c9fa191abb3d,False
922b4fb2-1ca7-4972-bc6d-317323fbc01f,False
16c8e3d7-abf0-463e-8343-8b6400b3700f,False
cf3ee4aa-594f-4d27-9dcd-0d40d6415102,False
a43366c9-7d3d-4b72-9f3e-c5721527b2ac,False
6f8ef978-5021-41bd-8458-526b4385a3e3,False
89628f6e-929c-43b3-b3c0-8bf18167999f,False
57d337d3-4fd8-4bbb-992c-11072444d301,False
43ad3d62-b17c-4b21-8dbc-2c1ca4afe7bd,False
8f3dc97f-e6b0-4a0a-b98f-5dbe15aede0f,False
dd50f7e7-d8fd-4386-8748-3ec122d1b5fa,False
5c798b20-da7a-4b4f-b50b-1168505fc360,False
01c7ea8b-267f-46ec-947b-7a33acba60e2,False
2dc58521-29c2-41f9-beeb-f53978731a4e,False
850f7bdc-ddf7-4263-a806-5678ad478200,False
4c60b543-541b-489c-b5d9-c07c9d9363ea,False
bce8e033-fb70-4bf3-95fd-46d7cfbfd796,False
9a980457-4b21-4512-a8e9-31d8963d101f,False
716ca1f2-dec0-4f3a-9c46-1b34c7eab19b,False
1e26bc3d-f514-483e-b8b5-3c1650798aac,False
c53f1db3-d275-4d43-8451-7303e94d4fbe,False
dbfb491a-9b0e-4a7e-94db-549631bc99e6,False
3150e60d-ed89-42c2-839d-fd70a0fa7665,False
083a1c27-3807-4019-8a72-007114a9ee59,False
9134c0b7-6f73-473b-baee-bacdc8c8ccf9,False
55dcb8a8-c371-40d4-91e6-10ddd72abf11,False
5cce5ba9-31d4-4e09-8fd3-3afc91fdfa4f,False
30afe613-9dc4-4583-838e-f7af67ccfa38,False
b0c5d3d5-c755-4c99-8349-95ff67432c04,False
9ad2bb72-b04b-4584-b95c-ec2d7bd15655,False
614996d1-01db-40b4-8422-1bf274faebdd,False
efb2d33c-171a-4532-8d07-018b416aa7f6,False
ec2fb9e6-5943-4772-a4ba-82bf9c99f2bc,False
23d86a4f-c2e6-4c05-8926-8f85982c7129,False
ffa623d0-ea9e-4c8d-b1a8-b71f491b90e9,False
111ac671-f593-4884-980f-65609cf540d9,False
ad5406bc-7209-4a7b-9975-a56289d56357,False
6f438da3-a84f-4d75-a9f8-76b9481d07d0,False
fb50d324-129f-456d-ac99-562cefe3a150,False
6cbdd931-2f90-4058-b9ca-28265af56a23,False
fb372648-697a-496d-9988-5d2a570662ce,False
3e372c8d-8a13-4d8d-9292-4079dfee84b1,False
ed92b753-bb64-4511-a1ec-ff07a60c1329,False
54959740-f8ed-4b6a-8c6c-ed6d3f7dd313,False
581ab26c-e8c3-4a79-904e-54acbe216c79,False
0fa38669-b33a-42a9-ba73-42fc741d6857,False
07b38e70-7ffd-4ae1-8cb9-8201a8d705bf,False
e6b03b0d-dfe9-46ee-8300-6c97c0f3beb1,False
689ab92d-37c4-46a1-8e7d-e390d825b478,False
a6091ad0-b114-44aa-92f6-9081400564b8,False
5a0ae917-690f-4c3c-a9ff-6cc074bc405c,False
7d6dca57-cc80-4698-8765-88fe75f53328,False
0570ea72-a167-40f7-9de8-f62bd45f8e7f,False
7dc4f12b-f2c5-42da-8094-4f952f51aca6,False
4988e418-f6c3-4218-8183-6315330f8be1,False
01a0960b-ba89-434b-b224-7627c1e0248e,False
648e85eb-d1c1-42db-a82a-113285eb4279,False
173e13d9-fc32-4db4-b5d8-053130e423e1,False
cbf6aa23-a01e-41f5-b702-beba0623ffbf,False
8914bc96-5cb2-4033-b5e0-edd684c62e4b,False
94c8a69d-44b1-41ee-b948-36f27eaab0a1,False
1d2467e2-0191-419d-845c-3fbb52ecac27,False
3ed8c56c-da09-4fa0-9282-8d8044b591f7,False
2b94906d-d252-4321-8f64-710a5dbffb1f,False
e94f03ec-0f40-46a2-9c33-345debc05f02,False
b2879bdd-193d-4b13-ad11-b850273beecb,False
f47bffba-f561-4747-82d2-2c7408ea6671,False
186b2880-ab54-4a15-a69d-01ff1634725b,False
f35c02fd-d88b-4a71-ba53-d4ca79d1acbd,False
b01c337e-35b8-4aae-82b6-0c8e89c818d7,False
5cbad410-0256-4225-a6b7-8891bc3ddbfc,False
722899a2-b752-4753-a60d-400fc3b1ef08,False
1d57e734-31bf-4cf6-80b3-af7cd5b211a9,False
23c8afdb-83f8-4f16-a4a4-474c9b33e3a4,False
0db4897a-4b18-4a0d-a0b7-d81890c97f32,False
5037e669-8a3a-4129-a9d8-4c4f6ed338be,False
899df4da-866b-4f44-96d0-0a821564b478,False
8f5e248e-b40f-440e-8037-447f0d99c071,False
c438eae0-b5d0-4595-a4f8-9e23af39f2ce,False
83c5c510-0e08-4343-aea7-7ea8bc5ad195,False
2838c714-d121-4aed-ab81-e22464535f72,False
ec6a37ad-81b1-4db9-88cc-4d49669b29b8,False
4d4f6814-d385-4240-92a2-f8390acfc6ac,False
49646b96-fa3c-4628-8926-21df465568b7,False
c8aae0c8-b057-41fd-8916-f0b779ba547e,False
7e45fee4-6ea8-4b32-a38d-9fb071c487bc,False
c948384b-1174-4357-8546-74262f120b9e,False
b78a2037-bd46-4bd5-82c5-2802aca65492,False
c7688339-27ef-4357-9b24-9c2a9e5c5dcd,False
fab8328f-2cae-43a2-89d7-16efa62d7221,False
e7867bbf-0136-4f98-8a5a-62d3ec9fba0a,False
7394d796-51c4-443b-b07d-b671caea9ae5,False
61458972-06fe-49ea-bea0-9deb7d84dae5,False
de2bdf8c-a75c-47c0-86f5-8ae67a5c28ca,False
b8fc7513-1b3f-44b0-9550-9b75c7cfb659,False
9faa2180-01a0-49a2-8b37-617d932204fb,False
a4b65cfa-8a61-4e64-8af0-f442102048e6,False
2d675be3-3fbe-4756-98f0-2d4124074330,False
fe7c80e9-a179-4e93-bfc8-25ac869bc00f,False
dd53abe1-2b2f-4082-b613-aed3b9da42b4,False
505c7527-dc57-446d-8c3d-031ab3952193,False
2c1e86bb-aac0-46bd-9140-a95d62cef959,False
07a1012a-e8f8-4e43-8b99-69081d575d69,False
994a77f9-2522-4779-a004-1dd5fb932692,False
bf8ff33e-ee15-45cf-b5a3-7765bfacc63e,False
78ac9c5e-5b5c-47cf-960d-cb39db988c39,False
1e42d2b8-0067-4b62-b18c-d979fab0a15d,False
2fb50401-9d26-4076-9e44-b774cf9d539c,False
58c6d166-fe65-4782-97c2-6cfdf9d59f7f,False
764d7e7c-8e49-40f9-acc5-c9de6a1d9731,False
5e6fea07-c453-4f1d-8199-2fdfb31022f0,False
f80b2cea-658e-44a2-9879-cf35f4719986,False
6a3eed4f-c754-4e4d-95a7-97311b53b124,False
a227ac14-343f-4341-8593-d3a208a66a64,False
42378962-e4fd-4c34-9670-7a2129dc073e,False
e028c315-928f-4bae-b8a7-c67868e968cf,False
33bcb8a9-c71d-4564-8992-b886c8f216c1,False
ca957c2e-65df-49cb-8062-42771a3ecc71,False
1b493710-38de-44f1-973d-18559a039d06,False
55082167-2ff5-4dab-aaa9-46d411c7c76c,False
3d9ffe59-9bc0-4a93-92cd-adefb9d276f4,False
2f1fc132-426b-4236-a4a0-7521ab6dd0aa,False
833c8f55-a129-4fa2-a27d-4660293fc266,False
436d977b-6431-4bbe-8e44-c9dc81b61c87,False
c1fcdfc3-21b2-4aa6-95bc-cd83bb853c91,False
011c4544-7fb3-4be5-b6bf-2f7222778161,False
2e85cb21-7631-4e9d-9de9-f86322bd3388,False
0067eaa6-483d-453a-bc9d-b77e398c31c0,False
e62c54bb-ff01-4f14-997b-d00e34757171,False
25e6d919-ddeb-4d5c-b842-7379d888dcb6,False
f83b1806-ee4c-4b18-96a2-d49d9e5f8273,False
cdfa76af-66eb-43b0-92d2-408eff08c739,False
51cbf9e5-fb7d-4ba1-98c8-8c483ced4d1f,False
b7014925-22fb-4906-954e-d52c126aa315,False
ca8b6e4c-e6f7-43d4-a8af-3b731d82e2a8,False
80b9ec30-ed94-498b-9b92-3c67129538df,False
b8f0188e-fb37-4fae-8d85-63ca193e638d,False
cb68a34e-ca1f-4ff2-a823-442c9a87e357,False
33d3958a-3b74-4fd2-8a2d-6f038f464f34,False
ff3c6d4e-a1dc-4cab-8e21-3ce5668eb10e,False
96b0356c-a49c-487c-87c9-021ffdc6dba9,False
b44aad77-b20c-4a3f-bee8-acf10b3e2b6e,False
8cd1692d-66af-4249-ba98-f602bc059dfb,False
1567f88e-6276-4e87-bae8-c8f8d2478bb2,False
8a39068b-cbed-4473-a3eb-f7c10723e11e,False
7387928a-29a3-4b6d-b9bf-ca38afe9be90,False
8dd7e052-44e7-4702-84c4-7757e2db1ce3,False
297eb3ce-11e3-4175-b0ad-20702ca0ed97,False
279f5df0-da2d-4df9-a3c1-4a53acf96a12,False
fa8dae42-ba54-4920-a099-d18087623997,False
67ce378f-e5a4-483b-a383-889adb2c6ac8,False
2bee2fff-8b5f-43fe-b75d-dff45d123e9b,False
a87d21ff-f1fa-4e6a-ba23-6dbb6c4d1774,False
d0095507-07fc-484e-a1b2-462781d67019,False
293572d3-fb63-43cb-8c35-bf2dec4fa141,False
1719944c-9e5d-431a-a477-536f534fa89b,False
c77444cb-5543-4c3c-b8b8-f24e56ea57b3,False
243113fd-8e19-4d07-9ff0-b9bf8db3c2c1,False
f822c3b6-cb28-49c6-a4a7-ad110027112a,False
7e000029-c47f-4b05-851b-5f38c0697f1d,False
80ff8beb-631e-4726-8364-9c91faca60d4,False
487f70f0-e5e4-4935-93bd-99f9c5f4656a,False
f37599aa-147b-4d20-bb2e-00e6c8028d0e,False
a255e1bb-0795-4c1f-938d-6b8cc607b1e9,False
a29a7e5f-57b6-41aa-b206-4a1cae9e2bbf,False
340155bd-b6ac-4c8e-b977-c7b41e56d346,False
24522ef6-1e5f-4e58-b427-eefaf808e17a,False
11df12d7-dd30-4e89-a2f2-35f2e11b868d,False
3b964c74-ffe6-4994-9580-4c2ac44fc4b8,False
ce1eaeb5-bd67-4ba0-89c9-c0f39dcc91b0,False
31ab0158-2cf6-473b-9500-c14707743c94,False
c0c86a82-b2b1-4b81-a438-0f8a8ffd43cf,False
685a9a7c-b83f-44ca-b9a0-d586369db2ef,False
ae570403-58bb-4712-8db5-975fd2c447bd,False
bb7b6c05-2852-4ca2-b9d2-014a22ee7f07,False
fa926f97-bd87-4f11-a1ca-afcd23a2f59c,False
cf5285f7-bf8c-46f9-b5a6-1d619925bc9b,False
0fda6ca4-107a-4bcc-ac20-d2016b88ccd0,False
00684d9c-d2bf-4c31-805f-6a69570078c1,False
5f9c041d-8323-44b5-bd59-3fa4e9b9339e,False
85475ee1-1e06-496a-a302-7b2102c1c269,False
989bc4da-9b37-422b-aa8a-616fc3b290d0,False
fc7c356d-e7dd-43a5-ab51-9424b595459d,False
7a59697d-93f0-40c7-bd92-f1cb87101172,False
c766dd63-683e-4858-9bbe-b0d9802ccb52,False
1d96dc53-2344-4c54-8cae-f9ec6d44f723,False
c4c608eb-14ee-4987-95e7-c6e4413e84bd,False
dae13a7f-ff97-49f7-a34b-20fdff7ca58f,False
bc9742d3-e955-4593-8e5c-5b2006d23bde,False
34981735-4d38-4415-a036-35fca88d4108,False
05a562a9-6cc7-4151-9172-44f793645e43,False
90c0e607-4a63-4fc3-926a-ab2718ef2501,False
1bbcb748-bb55-4fa3-ae26-651915f87768,False
8a4a07e1-234d-45cf-aa3d-bc3767e88ce0,False
7b03f61b-5705-433e-92f0-2148016d0426,False
0d9630be-5580-485a-94b2-79cd0c248f00,False
13483fb3-c982-4300-b95f-17e6d8eae31b,False
5a0ed9b7-5e22-47d4-a74f-232bfb876271,False
ed50a84e-71bf-471b-90f9-5340720d576f,False
1165ed7f-8cce-4653-aa39-6c71b276c469,False
a9c55ff9-9dd0-4b9c-ac14-52b48bc1163c,False
bd0b0fa2-8bee-483f-96a0-6bf2c14ebd10,False
29f5010c-8b6a-4c97-b8f4-223bd21a5375,False
64baaea1-0cd4-4a10-b466-6d9946d5d341,False
def57689-68f4-4bce-a4e7-5e8eb8f21423,False
a4d78f64-1fb0-46cc-a529-2f568fa09a4c,False
4c9bff5c-e188-4eaf-9e18-85c35037cd6b,False
2e2bdc6c-b736-4c4f-9cc5-d97550fe8199,False
61652fd3-41dd-4edf-acfa-a174ba059e68,False
84cda1d2-3c32-42ee-a437-e3804a10ff5a,False
54170a17-caaa-4bbe-a4bb-f962606e0e1c,False
3385db3b-e893-486d-a3fb-6609334b92a2,False
a1731ed8-78f2-461c-bec7-7a8f16a46b83,False
f83a1bce-7069-4977-b3af-15bed93d8722,False
868592d2-5fb6-4406-b665-8a3452630028,False
97ac6aa8-bb24-48a3-9363-57b66f81cf4f,False
c362f40b-d309-4fc5-acfc-4fb4268c3b15,False
dc9eec0b-8a09-48b4-80f2-b34e7365949b,False
c4767556-f97b-42dd-8f9b-72aed85c16bd,False
e79524eb-84fa-4889-b21f-9823f23b1efb,False
6e663c0a-c1e0-44a1-bbf8-20f6c6523c3d,False
35eaede0-ea83-456b-bd8c-93df41515f1e,False
9dc4805f-1fe3-469c-831e-687425076d01,False
8897c497-0bad-4234-b953-70c02bcdce43,False
8c52d271-0a16-4e18-a90e-3e894b9c22f4,False
baaa58f6-343f-45d0-ad2b-c99de7eca309,False
1b96ee81-9ddb-4fea-9bd7-871c976b1a33,False
27c6cbb1-cedd-469d-b96c-9a0a3404c02a,False
b4522738-e073-49de-aa8f-7654155287c7,False
ad238d36-dc32-4c97-b9c1-e262f76c8ede,False
8677b81d-1902-493b-a947-9974030fe73e,False
170d7507-05ee-41d4-bf53-a88e4efc8248,False
f3025d16-1eca-4ae9-a5bf-213d9eca381b,False
8e4c3ab5-6d5d-4477-adc2-9178a0411612,False
bd66c203-ddc8-4a37-b5b7-215ecd68cb39,False
ca9128fb-c094-4932-92cb-8f692182b518,False
3d114802-2702-478b-9f0f-da8d05379ff6,False
0de5fd7b-dcec-4307-b9e2-4cc0ca63d3d0,False
97be4ad9-25eb-4cee-9b7e-b52972a07a9c,False
fff446b9-bb46-4c13-b28a-030b532da8fe,False
36d25823-9b35-4089-829e-588250d3b1d6,False
0fc64cf0-108d-4f04-a948-9bdac1199d43,False
fcc2ed18-92ae-413c-963b-d56405e514ff,False
baebe15d-4f3c-4771-8edd-2a2a6b69b4ae,False
d5d318cf-24e6-4ffd-b5dc-037d4b71481f,False
891f6912-17ab-4863-9efe-ef4fd8ddbbc0,False
c2b2315d-d608-46ac-9cf2-f216539cbe4f,False
7845a524-b1f0-4f04-a3e5-7b5027dfc6e0,False
f485e944-3142-40c7-95cc-861a8f31bf2e,False
2553ff33-298b-4a25-903d-24cffdfbc585,False
b958d153-2afa-4f6a-aa03-081bd4986a31,False
1e9d8b00-ca0d-408e-ba90-2275c72bf2e8,False
b1d81887-4739-4c7b-bff3-0c8d83ff3e96,False
60d8039e-92aa-41d5-a1e7-2ff58cf50927,False
1336d4de-c5e9-43c3-bf44-23d549a1f7a1,False
f83811c5-4a32-4d2a-a55e-c749795235ad,False
542ef29e-1bcf-492f-b98b-07573036f6b9,False
24da0109-4461-4c94-a29c-c64fb8f89cba,False
316482fe-10a0-4260-8fbd-6062ab6d9aa8,False
ce9e1a11-fcbb-4e59-bbdd-cf7c9c96e9ec,False
22212e52-d6e3-4103-9df7-0cc1133b385e,False
d66ec576-b7e6-4b4d-93d5-326f9b032c39,False
c002c7fc-eb0a-47f7-9578-320ef4ca37a4,False
917bc866-6874-4b44-863e-23bf5c0c309c,False
9a861a16-3dca-4d82-965e-b679bfc1e2f1,False
294d43ed-2da1-4fda-be65-6dcc6abdb05a,False
c6a28e4e-002f-4ca4-b43e-85315dfb1922,False
5fd229bc-8e67-4bc8-8401-6c6f480af459,False
f09e64ef-8bea-4f03-a645-3b43d07e22a1,False
1e87c27e-6bd6-4443-8640-1757fd81a925,False
be901a64-a0cc-4d31-8e22-efcfd02b4c3a,False
5c85a58c-d029-4d6b-abe5-5cc408d57cf7,False
96fdad96-2681-45bb-9fbb-3a4326da916c,False
c04cf6e6-cf6d-48c3-b661-cfdb7537fb16,False
c1d48a10-1b96-4925-9682-d038b77f69b9,False
f8b03457-ad7b-43c5-b2f0-b15c554047fe,False
da36967d-9b2d-4eee-b65b-b06910a012b2,False
577bc55a-36d5-4494-b37f-d50d2e25b5ee,False
1eb46d3b-d841-46ac-ab4f-9efbb4d1880b,False
0ec0713d-ea2c-4a51-b688-d11fce4758be,False
de431e06-e924-4069-80bb-ae526ec01269,False
de4b2801-38be-418f-96d0-d89df2314c7d,False
8772df4a-15b1-44a6-b292-45ba7df6bc1d,False
4ad76a0d-5219-4d62-a25c-6c5cf629c955,False
668d3c8b-dab5-4d55-9d75-c03c5f4faf10,False
10372a5c-b893-408a-9219-02163d211daf,False
d1d46f58-2b72-4139-af61-997d61275e64,False
5dc228d3-ab91-4d71-ba0d-24f5cff54357,False
79ea5621-6614-43a7-b6c9-aeb22ae7dc19,False
b91a7793-5e7a-4fce-b530-57b9295026e5,False
dac5609e-4772-4adf-8f49-d01a15a15a52,False
8bc85d37-09cc-4f1a-9c38-7c2a1243e838,False
26aeaf29-9ac0-4e26-8b18-c73ce545281b,False
a45ca94a-3452-48c4-a031-046126d3e222,False
9c48c830-6e89-44f4-9820-10d1f4c873a7,False
48924bd6-e399-40dd-8e1f-39bee4edc295,False
bd5a6112-d1b2-4e3c-aede-2487373058be,False
2ea9ef6c-4905-4b93-890a-83b4b639529e,False
dcc7eb51-4598-4b17-b38f-0430a2b6eddc,False
096b9227-27bc-4004-b407-2f12261292e0,False
987593c3-2523-42f6-b7a3-f6a6159b558b,False
e726be23-e776-4886-9534-ee1d7f2984f5,False
b4c0fd18-65cd-4fd1-a264-9ce8eab8d5be,False
c520d50f-a0ff-4498-82f4-298f6ffad356,False
418495a4-b777-4cb9-a97c-696b356766ec,False
0c90e028-4185-400d-971d-f5fdb38950ce,False
4ba17233-1ac3-4f31-bb96-e2d10649bcf6,False
8a08d40e-a239-4ad5-af1f-798c13fd2d26,False
b09dcd19-413b-4e20-85a3-a4735eeefb7f,False
e32a2749-eea7-467f-ae1c-b89a74f935ca,False
cb28ac77-f855-4dab-af33-268417a1f56e,False
30b69f93-c438-4125-a54d-befee1dd8d91,False
0e832587-315e-439f-82e9-dd36bc23db22,False
c8ddd9bb-b42e-4714-a515-81bad206e99a,False
9f8cc29f-fd35-4c5f-9347-9a3b479bc637,False
90e0f4a0-fbdd-4933-8bd5-8bf61efd76e9,False
4648bbe8-f84c-47a9-b6cf-d2d52cd6e8df,False
22460ac9-4a7e-4bc2-9b6f-1c33bbb4c0ce,False
6dd49c96-6744-4b9e-aded-cba5a22c3d4f,False
93162f53-e70a-4828-a6a4-cbefa437199c,False
83d03e33-3296-44c0-8201-938b971444b7,False
f3c1114d-4e8a-40cb-a77b-71ea16f1e5cb,False
a96bc761-3717-4e45-a570-6108fc78090e,False
a1e518a2-93d2-48d4-a465-5c397d4d2add,False
d900da4b-ff31-4846-8600-fc5f1f9b5662,False
5c05dcee-f49c-46f4-ab86-d1c5eab2bbe3,False
457f4a84-1133-4ed4-81e6-0c4c545b19ba,False
934fa5c8-8ac0-48d3-a0d0-2f5a24d6281f,False
f70f8b81-4f83-40da-99a4-8e556cf1bb98,False
bcc57be0-0779-450a-a544-e3136ea05d13,False
75938f5a-b40b-4353-a96b-e9034e09c596,False
6c5ccba7-b55d-4fc1-a22c-c212b69d2f48,False
61127927-cd6a-4e30-8567-f81fb8e3fb43,False
a5b09024-a12a-4119-86fb-bcdb7ecd7062,False
3f46057b-7165-436b-b997-c779c56f05e6,False
ac1cfcfc-f1c0-46ba-95ff-7d9dbd5a0760,False
2c154804-0997-49a3-b919-955c9be4f19f,False
83674372-d33e-4b2c-bceb-cc1d6c019c07,False
efede7bb-5909-47d6-8353-b9e48aa2f756,False
c77ae3b1-20d1-4ef1-9861-919d98a0be4c,False
e7d3f770-9c8d-4ade-b3e8-16b5a353ea98,False
c5bde81d-cb7a-4831-ae65-3bb6ec981b8e,False
38aa76df-db6b-439b-b6dd-9529f704d72f,False
a41f0d38-ca80-4df8-b182-fcf2a151ed02,False
ca27cd69-4226-4ba4-8775-d77822ed1e25,False
8bab4c1b-904a-4134-8902-8dd7a0d763f0,False
d6f34d9b-b918-46e8-85fd-e9e9793841a9,False
eea00af9-6283-450f-9fdd-c20aebee30cf,False
92811c92-984f-4323-b329-2925b107094e,False
f4ca6e70-74b7-49ec-88cd-42c05a66219e,False
290fb2bd-f458-4d04-8476-fc349dc59ddb,False
5e723c24-c2c7-4d49-8dae-27d77668d540,False
ffa6df21-6057-4624-aba6-71024b16d8a8,False
22ab7752-c4db-4a62-ae13-418d68ab80ea,False
935f2b0a-a138-4ddc-a2d9-de5d6a18ce4c,False
7d10257c-b3f4-4487-b3bf-de5f8f16fac0,False
3a4fece7-537d-46c6-9c31-aaf3c76aec88,False
734eab10-85e9-454f-855c-f668a3cb9e18,False
260027aa-197d-4ceb-b498-816e61cb03f3,False
5683ede0-17d5-4563-ba60-ede1e5eb772d,False
b05ab6bf-bca9-4eba-b5ff-dd0c2eda17d5,False
6483b0e7-9c3c-4e9d-b35f-0d14edb7d4e4,False
3e6a41f1-278e-4f60-ba99-bd7654edfb70,False
f2fda085-091f-43f3-a046-d4d3e0a8a8af,False
9a00a4e2-f5ed-4b7f-9787-6a50ab7a63e3,False
2c6a6e9a-3280-47a1-8187-222b257d5e52,False
85915036-288c-4222-8148-a2458be64b98,False
0f9027d5-90f0-447c-b4af-80050ba24c4f,False
6605de3c-15c7-4c83-8336-ffe5663166a7,False
b5cbe3f5-6a66-4184-bde1-bf5daf4847f0,False
acd3d56f-3257-49cd-9571-276b33474b1b,False
15ce6a66-4dc8-4a1e-b2f9-e5fa90164161,False
304c9c7b-2e62-4a6f-9c71-14398098f50d,False
0d22af35-b648-4e8a-84e7-75b92dca365a,False
f68c62e6-e2a4-4909-a2dd-22d52afaab7b,False
fe3d81d8-0eb9-4aed-a39a-d4dfafd3ec8b,False
4819a23a-7d23-4d9a-b162-1e958d68f317,False
4b045067-1481-496b-877c-bc8ca5f604d7,False
4bbe4aff-9326-4ffd-9be4-bf5192698698,False
e03d1b30-adcd-495f-af91-a7be905c3fd9,False
4baf0f5e-a932-4094-93f2-8f11147f6570,False
bab4eb77-959f-4841-ad19-312dde3b5a64,False
7f695b97-e581-4601-84cd-c4e87225539d,False
d8867545-5025-4c18-95fb-f5dccabaef3c,False
a1230193-5c53-4042-aa3e-0103c13d8929,False
24a167fd-34c6-4a9b-a07c-0594b13e655f,False
f5705436-3877-4265-902c-01a3ab404598,False
8874a1c5-08fe-4f40-9fe1-91732bdf3df4,False
dcd1ad00-b58a-4ffc-88a2-2fe065c1e162,False
af34cf65-a193-44b2-bc19-e71d118405ad,False
cbfd4a31-c8c8-4ad6-82cb-cdc73cd30e99,False
37f3f32b-5a81-462a-9059-f77b79ff89d9,False
da2a5b5f-6796-4bd9-a9c6-d4e3e07eaf26,False
641e7f8c-4c25-498e-8ad7-3d36b62e8f02,False
99222b37-2d9e-42d2-9ade-a2a4b1c72493,False
57988711-e602-4d06-b441-a695ece321fd,False
293e16b3-cefd-4224-b36c-c67ee886818e,False
bada0c94-1679-4be0-a323-8416a82cae18,False
8129aa0c-40ef-4857-815f-566c0ba6aa86,False
e5bbffb9-e2c0-4b0f-bc37-4a1e517eb16a,False
dfcc8eb4-bfbe-4892-a3ce-37db7cb8b49d,False
1a1e3904-7e76-4e5b-9c01-1cb5c3aa59ef,False
fffcff63-7bf3-48f5-a24b-31d72e5c58ad,False
cf35fdb9-bdf1-4708-a6c0-df52f71de9c5,False
e7c2caa7-2460-4dd7-aced-c1f92c33acb9,False
94eeda02-f9aa-4d6d-b2e9-d9393fbce063,False
2b843ef3-d86d-455d-8cd9-916481df62f4,False
5c56d9bc-5111-431d-a3be-441dbd5a0c9e,False
d8d3ac89-810a-4f84-8d4e-bc4b9bb718a5,False
1344c2f6-469a-4da3-a7d7-3e5748c31385,False
cd7f9010-318b-4b4e-8251-afd9f41facd1,False
5a18f557-8f24-43da-8141-c9c57f7eedaa,False
9864dc1a-c827-4dd9-8da1-843900fc21fd,False
ae01d882-af9d-4df0-8e97-20a0751095ed,False
75557a6c-d6c1-4e57-89fa-485d3e16918f,False
764878d7-6934-4f60-9ccf-b86d4d617ffb,False
8ffbcc0f-0587-49f3-bc03-af356577aba9,False
922ba6f1-d9c1-45fd-9e28-984faf826da0,False
57e69df9-a142-470e-b197-e38d84dc5e33,False
2f64a0ad-2b1a-406e-9585-244514fe88bc,False
6e9c92ba-bbb5-4037-9e23-faf9e66414db,False
19991b39-180a-4e01-8677-36bc258675e9,False
16476e3f-1127-4207-8eae-1325ea074d80,False
df996726-5c36-4f5c-a23f-3abf0441e22c,False
7b53359e-1bac-4d0d-af35-b30b4c68eb17,False
b37bdb99-31f1-4f8b-ac4d-e885b245b7d9,False
307fc576-4b43-4873-b1a5-80d76c2ec07e,False
31a08f66-8402-437a-bfbf-7804ee4f72dc,False
afd063d6-35dd-4534-9528-68557858406c,False
53f30073-83e9-4ef4-ad7d-f5d0d3b59af7,False
26c25405-a7ea-42f0-acab-d3d710116af4,False
7caa281b-4e33-4644-8657-20ae5bd67d4d,False
32586047-9cba-4eda-ad34-3b0f9cca6d2a,False
882ae449-b5b7-4c24-b85c-a87b1f69e2b1,False
6c8073b7-76a8-4a27-88e6-1f32f01f333c,False
50326fe6-1de9-4c72-82a9-f7e5244cb9a8,False
f840596b-357c-481a-b754-85e6ea9ed202,False
0b49452d-46d4-43f3-9450-281c6c6f7633,False
1aca9cf6-7ab6-4c3c-9667-159d22021f9f,False
530ac1c7-b8ba-4368-8fc7-77685ebbcca5,False
1bf962a5-16c0-48e8-9e92-2cf1ba47680f,False
82dc4c8e-36b5-429a-acf5-e81e71316269,False
4b658517-1519-413c-a6c7-1f155bed83be,False
a3c05d75-b3b6-4eb4-abf0-1ba6ed1d3817,False
d2e08e57-a6cb-4dda-93a0-181bcbafd542,False
8f040721-e5a5-429e-8b8c-1d76303c1503,False
5097ce46-74b0-4243-bb1b-a7235ca9bc53,False
5c75352c-45cd-496b-8d8a-16f329ce9bfa,False
8d2bb00b-9c3e-4d79-a5a4-b1b446c524a5,False
d6a7aa06-2bab-4a12-a94f-513fd770a46e,False
4849032c-4875-4d16-ba0c-96e28720d00f,False
bb0c7919-330c-4ff5-88a5-fa0d09a85dc5,False
bccb296d-3bf5-400a-a82e-25e3d2832c0d,False
56b243cd-da26-4c89-a4b5-6f4e08335cee,False
c9ea356a-7abf-4ebf-942c-b1ae19f738cb,False
a748dbcf-ac61-4e63-8dde-29a6baa4b71a,False
49560c36-8560-4e8a-a7fb-19979d2cd944,False
1dee8ebf-7d3a-467e-95bb-fd22c9a84bdd,False
0ab2e2ca-73a5-4d2e-8e1e-7525e957967a,False
457e55cb-4d13-4338-8cc4-c0a9af5a01cc,False
7a14cf98-611e-4047-b90a-474e6185e21b,False
600b4b35-6a0a-47d5-a0b8-575544caa5a2,False
1f8b4af1-96bc-432d-ac11-7babd6642fe8,False
6d7fd4e2-85e9-4c6c-bfa7-c199d76f0813,False
b8beff3d-cb9f-4f6d-af3a-6f27ef06fccb,False
fdb7c107-01e7-4de7-b3a2-ca5f46834cc5,False
b0ae8f08-c31e-4bbc-b36c-b62b892e6161,False
8a693650-a9a2-49cd-bb6f-65df1d9d1d80,False
3fac4317-16e8-47b0-8552-f3c55f13fb98,False
7d53c706-fb50-48f7-a0cb-feca6d7e39bc,False
ea299a22-9914-457d-b62f-b6ee172dc647,False
7fdbabc1-25c1-4e41-af0e-c9cb756aae2d,False
eba332b1-f36c-4c45-a942-b4d7bd2dffff,False
6de72534-9c9f-4ec0-af80-a18943cbfd06,False
2a64d46b-ceac-4779-9538-e0354157abec,False
b32d3c81-a8e5-4e05-b1b7-bd1ec0d52828,False
1fda98c9-40a6-4de4-9271-e2959b21c065,False
43d10cf2-afce-4f1a-9ada-c950efe3155d,False
4e583dde-807a-4658-9272-dc48eb4d6df5,False
6e3f683a-bf3c-4140-bf54-a51101fa964e,False
e3a68a70-7e71-4b55-8639-bd418b15bd94,False
3ff69f41-9508-4801-a3be-7ca05df924fb,False
89fab5cc-95b0-4f8a-964f-10b584d6b400,False
afd50018-e27f-4dc7-aa0b-46ea1b0b249d,False
1dabb10a-bd10-487c-ad0e-0597500d92a7,False
ba5e4066-ce40-424a-a9ee-29f449e3eb48,False
bab8ad70-8d57-4064-abf0-a4f1f14cd6f2,False
10f3f41f-f202-4876-8c44-3b8c068634e7,False
a23ff67d-e957-4bc2-b9bd-8bd6d479cc36,False
4341fd0e-244f-402b-8d53-280e1ebd55b6,False
da4bdf2d-56a0-48b4-9179-2ee0bc731d47,False
1456a858-df63-4cb2-89a8-9d04bdc313b8,False
0d95ee72-46c3-4497-b546-9cb1a8c9aa31,False
5c098a5c-585d-4d17-9258-14d9638cf9e3,False
b08a4895-d4ff-4666-b5c8-e90d9e3d750d,False
49bc473f-ed7b-4656-a18a-15368c99a894,False
3ee79d31-feef-41f8-a0b6-2f900adbc4ff,False
c95bc917-1c01-460c-acc9-d15ae10b3781,False
55cf37ba-e989-45f2-abbf-1e35c4acb57d,False
11836c4f-2492-44c7-ad58-db1bfe31537a,False
fa2c9e79-2758-4f1a-a39e-5593ec11a44d,False
2f4cfefb-f798-48a2-8d9e-84ec90e9e294,False
424d9430-b724-49b7-b10b-7fa9e9a0c20d,False
36d5187b-bfdb-410b-b929-1d34db6ea0ba,False
c2cb0bc7-f032-4337-a10d-27dcbf153b90,False
df3e03c2-2172-44cf-8808-1d218d204cf6,False
9ee339ff-f1bd-4598-948f-664a9565257b,False
6359d5ce-e2aa-4dc7-b208-838e7d57ef69,False
b504cdaf-1708-4003-ba84-3b35c2bde805,False
cb08587d-1963-426d-ae21-8b099afd4015,False
72e588e9-4b4f-4b2e-b189-10ecf6dbb2b6,False
77e490c7-1d7b-4313-8de2-2f1c56b60afc,False
f4672866-ed56-42a0-ad54-ff2b10ee4f77,False
a99c37b3-a419-4fe4-85db-19d7cfbf3d39,False
cf928274-9ffc-4f2b-9ea8-22bb57385567,False
c6e19fd7-390e-4f57-b63d-2fb56baf1e8f,False
0328a80d-9ba5-458b-8585-36b7cf6d2a9d,False
4a9ff50e-8800-41b6-b3f6-21a826330c43,False
af0f134e-02a2-4fcc-984e-e3db691d8bea,False
8be15610-b234-4948-a4f2-ae4cf016716b,False
68e8f311-5295-4a96-887b-25d79cf023dd,False
84c42de1-7e5d-421a-9b81-b89887916cbe,False
907276ea-44c0-4a9a-964a-cb1f39eb038a,False
a267d32f-ddcb-44bc-8dbd-c5da787515b9,False
ae455cc6-b88e-430f-9e1e-994ac5a11f5c,False
e99d6b91-0715-42d9-b616-b5036906b588,False
142e3df0-3c28-45dc-912d-aea8673d2920,False
dff47c51-5ed1-4e7f-abb1-f2bc85a4b0cb,False
efe739dd-6260-4cbe-a8de-eb1c281ec259,False
abfe1fb5-a6c2-4716-b7bd-77509a7650dd,False
aa7898aa-95b2-468b-ac92-275a68599dc4,False
ac3a812f-765e-4cb5-8f0d-55400ec7d662,False
cfdfc6f9-eb0f-427c-a82a-3879f2b5a7ea,False
92701d60-7c4f-48e4-a7a0-2a3d620f230b,False
0f14f86c-2b50-4ad7-adb9-4a81684344a1,False
f541a44e-16cc-4813-a635-53ba4299b351,False
aeb1fcd3-f836-4a87-aaa2-25714b0d2716,False
92a81713-b90e-444b-951c-25d54d4c5280,False
ee3ada8b-84f9-40cb-82d7-57a83181b49e,False
1b9c67e0-81c8-4e2b-ad48-6d9ae69f1f78,False
5209eaab-39b6-410e-82c9-6b28beb96a4a,False
ed3353fc-692c-4aae-84ed-98e280714c8a,False
82fce908-17c3-45fc-b6b7-4e2748af7f10,False
6086a5f3-e594-4c30-b458-30d691c0e6c0,False
a42d0cd7-fd35-4f6a-b450-388748d90846,False
559a8f54-c559-4d0f-abff-c53f0e50f355,False
824fdf53-d98a-4a6f-8f8c-d57dc5ecd23e,False
92ef63c1-781f-4d3f-a7f3-39dc833de3ad,False
17584f23-1fa0-4802-bbb7-1494b7e767d4,False
78e90ae9-e9af-4d28-b665-de1bb2e33ad9,False
c4596172-9fdf-4b1b-9e05-b8b14e45a736,False
a590fd3c-ad6e-4c57-a520-c3d0fbcdbf5e,False
b432ece9-76dc-46b5-a076-aed65ed3e00e,False
4cb22b3d-c2d6-4712-a152-9522c1afd792,False
f3310760-87e6-4238-ad59-2953e24297fc,False
97f971d5-94f8-4e6c-8416-c07cb6a787b1,False
1d444351-7c93-4dc3-9635-212d92fe00e8,False
f5b78cc7-e6b3-4944-8b32-3e357922bac2,False
e525aeaf-51e1-4799-bf39-562d6b06e92f,False
9ff0f466-ccc0-4446-96dd-58af53415fe2,False
e226a768-de0e-4c53-8ae0-fd7a04e25132,False
63d69dd8-55a1-4414-8995-3dd10976e09f,False
0d559b64-e334-4bac-9c44-ebd132df8d45,False
fa75b5fc-7921-40b3-aa0a-8302276f8e0d,False
586a346a-dc5b-47d1-bcef-1972bbf483ce,False
4a4a1b64-8c10-43d4-974a-25a0b81768f8,False
ee25356a-aee0-4ec9-bf04-18a9f2765513,False
546252e7-f43b-4052-8459-bd6ec0f63229,False
461bcbc3-09d2-41e0-a6ba-7e5121de2360,False
bc2cbb0d-dd33-4cc7-ab7f-089acd5f4822,False
b253d218-6c4a-47ea-8906-17f2747b6dba,False
3834e80b-6638-4c22-a1d2-80a21038f8e4,False
1a93a3f1-8502-46c0-8abf-19038b435eca,False
1f683d6f-988c-49db-ad5c-ea4e758964f5,False
1259d654-86ad-4b8e-963b-ca599d8d2752,False
56847457-1cfc-4f01-b840-1eea5f8f8538,False
1d34d08e-7a4c-45d4-9c99-e04cf0e98b3b,False
d47ffd35-751a-4b9a-b99f-5c063a24de17,False
44f4d74f-c629-4ca6-ad07-67746bc5bcd4,False
6070b244-c5c0-4d05-ad37-ba8ce7c8f28d,False
d56e0949-1de5-4d73-8e1e-5ebdff99fe31,False
39b86bb2-b596-4a7c-af4a-fa885299e505,False
4719c1a8-d567-4214-a23e-be36f20ba0c9,False
b382c1ae-ffec-44eb-bab7-42a14cfa4f8a,False
1c35730b-49d5-4453-98d4-d949cad6d3ef,False
6d3026db-20f8-460c-bf10-545a1dd3c5d2,False
405db449-c06a-4817-a7bb-18babfd4f67c,False
cb5a4d77-91fd-427f-8cbb-7460510c8c48,False
c02553ea-d7f2-4678-9489-8025548b2ce3,False
d92f3c1e-df70-4b2a-b8bb-22a5eba742d2,False
8e2ac3ff-3c5d-4a42-8dd8-af09451b6267,False
697c3923-87fa-441a-be83-b91f25440fe0,False
1cc0b764-b06b-4fca-96b4-05d7712dd406,False
8855817d-3112-4678-b08c-523dcb7e717c,False
da8f55c4-b310-40ed-a362-84b8d4a84c96,False
67f3e4bf-a3b3-4be6-9726-9541b8d11a8f,False
58fde70b-df91-47d5-a055-25c64bb3e035,False
81ef8162-3953-48bb-883e-00325fe8a7f4,False
5583b4db-6746-4338-b2c7-a202062e0778,False
b6a35409-1c20-486b-b5d0-44fb2cd64d84,False
e3e492f3-911c-4bb8-bad4-d4c4a0493ed9,False
4949ded7-76c3-4071-81bf-7df87ead63bc,False
8ff19886-5a2c-41bc-82c2-26ff1d8b32d9,False
dd088545-92c6-4b94-b5f3-405dda2bf1b7,False
f6d22a7b-aec7-4a82-948b-4376602a4e57,False
8f8d4107-c4d5-4c13-b561-d900aa52cdf3,False
51397c06-a630-4d9d-bcb9-23f5f5edf382,False
f481b9cb-93ab-4d5e-adfc-1dc4f8c43f7a,False
a15c6648-d355-441e-be3f-9b1ec29295fd,False
4a1954ec-4a3f-4fda-baff-d9bd79e58450,False
96fc734d-a003-4d28-8a8f-3653c9af18f8,False
ba5c865d-b834-4070-a0e5-f6e504c44853,False
9d1c92f0-3770-4be5-b381-c6ebdac9d4a4,False
467248f6-aaee-4d68-9e09-f48e7e32e5d0,False
3be8a5df-5e93-4de0-83ac-e8751017ab44,False
1a037833-d4fd-4ad6-8008-40cbae9abf14,False
f30b15eb-9d69-4f34-bab7-b78f209875b2,False
37bb3eec-4bf5-4b52-b09d-258c27a0c3d7,False
0d6dcb42-bd8b-4603-9abb-574e0b16dac4,False
8f0f7109-fddb-4b80-be99-cb58b601efce,False
8b0901ab-c66d-4eb3-8494-5e091d3ca5a4,False
8921349f-eccb-453b-8d22-7ff2635fa3f3,False
cec3a6f4-9262-4536-a14e-21f714f16d92,False
0ee503e3-298d-4c45-a407-675048107252,False
1a482803-0204-4c81-9577-32970d093c73,False
10e6e383-d736-450e-8ebc-5f603687f1e1,False
aaf91531-0200-41f0-8768-a84fa76afde6,False
8047c7e1-da44-4e00-964e-81dd27e78bba,False
9175fc63-51f7-4017-b6a5-fabaa3e53892,False
e324f5db-6850-48bf-b5c3-e7f5583d2337,False
b43bf88c-c6f4-4468-8d78-e1c84f4ff145,False
c2a59d7b-2bd3-4971-ab10-b78675656daf,False
3172e9f8-7f66-4f24-9987-5a42e675835a,False
e879c9a6-0ae9-4acc-b1c9-66b39eb03954,False
c81a5f0f-1b1b-4a94-b983-4d4b1c65f6bd,False
ff7d39f7-9563-4c97-b65f-982b95eef45c,False
8b2ab759-2fc6-44e6-9113-5d7e30952621,False
06c0965d-d68b-417e-97cb-97197a3367d0,False
14fcdd54-9e8f-4965-8a2c-827e98326856,False
4a7109c6-74f8-4694-bc95-9cad75e7f531,False
56fb9a22-e2b6-4f5d-9805-2a559118b0e6,False
39323a07-2ec3-48e0-8d62-00500b3b5efa,False
4b11c181-2dc1-4143-8469-8c048af190cb,False
f77fa3a7-802a-46eb-b2e9-7c2d2fb90ccf,False
36cf9429-8657-48ff-ab72-e451df0ccde7,False
635b729c-eb2a-408b-8780-d6caddebd8d4,False
7c8b7f1e-5bf8-4967-b057-fcd4a1701e8e,False
1e38f711-e2ec-43f4-bba1-aed944cdbfdd,False
6e20cc72-cf46-4215-9225-33fd765e3ce8,False
a2807710-32d5-4d87-a1bd-1db7485873c1,False
0bd4a990-0640-4e0f-a5b8-fd4b32fa2de8,False
a8cdf44d-7b74-4440-97db-4c2f1e158e2f,False
03c3c30d-ae34-4b14-905c-698697f9580e,False
ba303cce-3590-47e0-bd2e-7d9ee2c6093e,False
41a51d1f-7bde-4381-b4fc-b6bc012db1c4,False
33252134-ebdf-4eb4-b679-9210efe87716,False
55f3ad50-e2fb-4984-bab2-7bcea39c3bd5,False
6c262577-66d6-489e-ab91-e501f5bd62cd,False
56ad3649-289a-4abc-a1aa-8c494ed9974f,False
965d744f-0445-41a8-92af-97e4c536c66e,False
b31e120d-9f49-4b89-a866-d52e0e05926a,False
2f81d4b2-14c6-4d19-ad33-29b7befe0e22,False
de823285-01e7-40a0-af18-2049b329b6a4,False
3eaf5f08-28c5-41e3-a8ac-4518eb8f54d8,False
a14ed649-926e-402e-8659-8f83b50b9ff8,False
4497734d-77a0-4a7f-b027-8488be015802,False
49e64c22-89a0-47eb-b98f-569b465cc2cb,False
23eaea4f-690e-4ee8-8152-caf60f29301d,False
5e331ed8-48f0-4cb2-9398-6e7f9f2c7e7f,False
70869a45-4a8a-4b17-b09a-083a0c9ea060,False
60a399d4-e821-4716-aac8-0da1de9f6f5b,False
f1c2fa18-c2af-46a6-9038-4c0ddbc3f559,False
3f068051-187e-4974-9fe3-61117c7b5816,False
af70de70-2b69-495e-8567-1b58926bffa5,False
696c5060-cbb4-44a3-b763-4604fe048d5a,False
54c3b22e-4c66-4a4d-9a70-ea8ad6881d3e,False
f540838e-1333-4679-9b5c-4b589c425665,False
d0be73ee-fd37-4539-a5f2-02f983f02dc7,False
a180f402-fb3e-427f-9308-e1f29990e4a9,False
6c21835d-d8e8-497c-a0a2-59014932936e,False
50c49c2b-e8c4-41fc-9f8c-1c815ce9a3d3,False
cc0a628b-f518-4923-a829-2e3bbbfc5dc1,False
007fb3cb-cf73-4afa-b2af-6a55b08e8dd4,False
af5a7636-e8b8-4252-9670-cd19383e69a4,False
960b9746-9b51-4232-bca7-644d47b76d17,False
1667b920-926e-4991-aa82-cac85b74c4d1,False
3d846fc9-c3f6-4136-846d-5a3b2661c426,False
2944e059-bafa-44da-a9e8-fe2a879f22eb,False
b0b63bcf-0860-4833-879d-0cdaf396ea37,False
9267e278-9bd7-49be-a265-eddaea02cc7d,False
53054058-80e2-4e40-bb89-1988c04d3cca,False
d45e087f-86d4-4ba8-805f-08927c795dd9,False
bfeef19d-b360-4faa-be6e-9d47f0c0804b,False
2a9d0c6a-3ffc-4e13-9c1c-ac23533487f7,False
fbb8d9fe-d0cb-46e9-bbc2-b67c9eec1868,False
3d563b0e-d11c-45c8-90b2-81c0ffdba2ee,False
351d1137-d518-4b72-b0ac-cfda7f055b10,False
21e219ce-5158-4417-ab6d-0f79fac368c1,False
74773879-3eec-45dc-b660-302f477eb375,False
1d0bc9bd-e9b5-45cf-9766-5cdafe049059,False
e2c350af-42e3-47d9-a97b-43bd00b73636,False
2cabb9ad-a15d-47c4-ba38-204b2091a706,False
03c72ba8-d605-4770-8a63-f881ffd0f9d5,False
f4fd25b7-384f-4e3b-8680-4a8a515f352c,False
8ed6ad5e-1831-4aa3-9466-9d1910df9974,False
f5c9f459-9db1-4d5e-91a4-d796b9720eec,False
dc8f79c8-bd95-4829-a72c-f300c917a68e,False
d8bb254c-88e5-413a-b62f-197d8da40d27,False
8a713a73-fdee-4aa1-853d-80902041e7ed,False
9181c8a2-30e3-4645-b66c-4a03378aa526,False
78202426-3134-4ab8-b9e8-d78149bb1313,False
924e48b4-504e-4b66-874c-146ccea6c978,False
6766d37b-6fa1-49a5-ba67-58707d9d2b3b,False
1417c2f9-eb91-431a-9eb0-5b4a1b4ffd5f,False
c5144d98-b41c-404f-a346-f415e5267a2b,False
5c3e82e9-6867-453f-8ad2-1d5dacfb605e,False
a566e884-d473-4687-b6ad-1c332469d0c2,False
25bdab14-74ae-4b96-ae13-3adc7ff5088e,False
ae991937-0846-4aa4-bfa4-cfdd01c31adc,False
8c6d768e-45bc-43ba-af52-d36e8a63b93c,False
0beba1de-beb0-4722-bfff-bc75ff866deb,False
7c0e8cd8-8573-4793-8715-b2b9c40c5d91,False
98550b1e-d588-4c1c-a5db-5946a091e5b4,False
51a0bd7c-447d-40b8-a49a-3cd986df42bd,False
ad851456-bdc5-4633-8e5b-961f585d4011,False
bb2168c4-a318-4a65-896f-e30824f7e239,False
ff36fe7f-c1ab-4f4c-a3a8-bfbe96289af2,False
2815eb62-670f-4921-9b61-e82e334b2922,False
0426fcc9-255b-40e2-bdc2-b74b38a56b49,False
f0b2a5d1-8c7e-4f42-a646-eaf9d5c0244d,False
afb28b3d-38ec-4b4d-b69f-5eabb9ff2c29,False
4b9dfd58-9e5d-4c7a-85ac-c35415f00cb4,False
3acb43a3-d2c7-4ffb-a118-433b882ccd1e,False
59ccc94a-bc1c-460d-bd9c-03c773deaa56,False
7a2f2c57-94ce-43b7-82fd-7e2d95eef403,False
ec4014c6-da60-49f3-8e40-b29426b94955,False
946b4482-97bb-4fbf-b1df-c82cb8addf54,False
e0ccedc5-f05d-476e-9a84-a51aa9d3d7c7,False
b1fead13-f280-4f1d-9a6c-0db952171c88,False
2ed86804-57e2-4419-98e6-650123755bc8,False
23966b83-5cd1-4b22-b0e8-b2fa4fc34759,False
772d416d-da05-42fc-9c71-a82122f1c32b,False
c2294116-1152-4a73-91fc-dedd61022b56,False
a0624c48-d713-4c2e-a001-965b66f89b87,False
fe1be3e9-bee1-4c65-b7a3-19c6619c4a06,False
d14b049b-79de-46cb-b150-c32387826633,False
1e32e3e1-5058-4a4a-9771-3fff49714ec3,False
0463aa5e-222c-4fd2-a7a1-66d270293dbb,False
1ee26f39-eed4-4b89-8010-4995bc06e86b,False
d61a080a-3fec-4a37-95be-a8dc33e88249,False
7a44167a-63f7-4edf-b294-8c6466d2c0a7,False
f48f709c-49a2-4441-8ac4-de854a5b1aff,False
dc89e59a-5190-4e93-a9d0-c2ecaa8d904c,False
396c357b-dd66-4071-8fd7-b1a1bd4f6118,False
98874bfe-c136-4c65-ae2a-e3413f59e4f2,False
fae9df3f-585b-4128-8002-c5eb9cd3e931,False
a8c5840f-aa54-468f-a927-4d42288a2e51,False
6d39da75-aee7-4ab2-a1fa-8e7a078c26ce,False
c36b9a0a-41e0-4a89-966a-9ce7af521b94,False
c571f9ab-4158-4d90-b504-4d156fb138c2,False
f398d16e-18b9-40a2-a364-42e58abe5779,False
17e52113-4626-43be-a068-8849eec71a30,False
b907e44b-0e4c-4983-82ff-51e0e21d4d53,False
df681283-d4be-477b-8f1f-114793cabbe1,False
35eb728f-5775-4d0f-9256-e276fba75385,False
93d563ae-51a3-4c26-937b-f79bbb44badc,False
09624ec9-e803-42eb-b677-7be4970c9eb4,False
0316cde5-9590-4901-a5fb-24214d8e8fdb,False
676e34be-78be-4228-8455-da792a4150de,False
dc406c3b-2e50-478b-945f-d39a376788ab,False
0c46d8be-bd3f-4354-904b-9abba41425de,False
0f163af8-3b80-4449-82b5-79c2910f445d,False
520b7950-dee4-454b-8afc-13fb6e8f19bc,False
7412c272-02b7-4c51-9fbe-ffb3a8e3ac9b,False
eee5b33e-2dd3-4f8e-9fcb-f48261e8baa5,False
3e5f7e23-704c-49e2-aa3d-d7698dac210d,False
3cfe18e9-5f20-4c06-9ace-863187638104,False
dbb54645-7dda-41b6-97c4-caed47c4cc51,False
3948fe22-022a-4dda-8d05-79e299e4704c,False
92fbacf6-d5d1-4669-9c45-3357e8294a67,False
f11afc00-132b-4f36-9940-4d24eced9c30,False
c926a021-19da-4262-8790-3dc5900c0af7,False
fa61726a-eedf-4f78-9c99-4976008ec990,False
808eadf2-19db-433e-80ea-83afbdcfc159,False
e5508ea2-6133-434d-8b0e-8eb1ad371d9e,False
9255273f-ed09-40f7-9217-4fb08e6b3085,False
75d0a2af-1c06-4fa6-921b-a1e492e7fc57,False
d7f64255-cf97-4ff0-bafd-0718ebced334,False
be332380-b7aa-43b6-a900-b66f6083bf88,False
a30c1e0e-69cd-4159-a53d-fc49f7410b94,False
e1e669e5-c055-4921-a35b-8f49823483a8,False
3e84455f-a755-4468-9e74-e1224aed4cc8,False
9c4cc0fd-fee4-4434-9d2b-11d0e976d79f,False
5e452956-81e4-4e99-8c28-6323d27f6d1f,False
dad95c71-c688-499b-9111-277c82cc3039,False
25dbbe8d-a534-4425-aa69-b7f7b28d7cb8,False
3348eda0-aa57-46e4-a753-297e752f524f,False
ea467d0d-ce05-4ac8-9e0e-5cdf89d4d409,False
0a349670-be8b-45f3-b7e1-c9a264cc7a90,False
858c5992-882c-4812-b3c3-c4289338e35d,False
cb881c32-cbb0-4a8b-9908-a121d1a7ba20,False
5fdc9844-fdb3-4e45-8e0f-89b95f187c02,False
ea163354-a35f-49c1-9804-95628972abbd,False
afdc8a51-a34c-4c78-97a9-9ae771757228,False
41f83199-f4ea-4769-8366-c189cd8d9f75,False
331f63fb-d11f-48c0-a97c-a4fff75d599f,False
23bf1f71-a901-4db8-80ae-50f37770014d,False
73146dae-97a7-4f9d-b9f4-4feba61109cf,False
5ef993c3-07d7-4fec-9d34-a21912990cb3,False
dbd7b4b4-ea44-4cc9-a5cb-bf135b619ebe,False
aacefa98-732e-4280-82fd-617775ffe99a,False
3d730c3b-bade-43a0-93a2-2a821458771d,False
42bb8f63-4145-4abc-8cc2-e0f013093c17,False
90208d23-86ff-46f2-a970-1e00520fc3e7,False
6db99102-a48b-4dbe-957d-94a106f028ff,False
5024bdc6-dcb3-4df3-93ee-cdc6ebd14d2c,False
46983234-6246-45b9-9deb-7a4b17db4613,False
b9d707a9-e74e-40b3-bdce-635fbf905d6a,False
c528ac36-2545-434c-b14c-d65e079e8b0b,False
e9ebd446-2622-40d6-b23d-9820977e5877,False
f1b88d65-406f-44d6-9c72-aebd13b11e59,False
c33a8761-618f-478a-a66b-4b6db9ec28ff,False
763f56ac-bfee-4533-acf5-9149b1c9d0dc,False
ab45eaf0-7ad3-4e2a-8413-ffc7173a0c96,False
8c7e2904-4237-492a-8017-466e85f4c0a2,False
7de1936b-d0fe-44f1-ab1c-2d3dfcadb3fd,False
a3fb6d0b-f4be-48b4-8cd7-e6f7433ecd2c,False
25f98046-0c1d-480e-9873-9636c50e5194,False
aa757eeb-97e6-42d6-bc74-38955388d128,False
1307afb6-728e-4994-b7df-79d830bd373a,False
c4b27b21-bc0d-46ed-bb12-2ee53d305a07,False
36cdf42f-892c-4b33-99af-8224d7232ce3,False
e9d68f23-b489-4070-b914-f8a8bea4ff31,False
5c17ebb5-093b-4d72-ac8c-dcaf2b633b18,False
ec1f0155-6662-4bd2-b243-b5c6833d7595,False
21813d25-6552-48a6-83ff-50113d1a85dd,False
2e9ce8ff-084a-4c4b-9146-8cdcf7164b73,False
2ad3136f-a338-47fa-b9db-138870aff6eb,False
702b7014-adab-4c2f-91a6-46dacd613988,False
054046cc-16d5-4b84-a61f-7117dd926cbf,False
dd34aa18-9001-4ed4-8bb4-01e769f753f1,False
0d67d38e-990f-4c5b-adcc-3daf569f3ab3,False
c337ed45-4e93-453a-a32a-992b5ddf6f80,False
7846e9c5-15a8-4b98-ab2d-96a005f4a2d0,False
c86aed73-3415-4076-801c-5617a2c3b917,False
8db78572-ef7d-4821-bca0-258eb63d65d5,False
9a11ddf4-be1a-45c9-a12a-c11c21677dca,False
3466b8f9-e1e3-4199-9f1f-05c37717a7cb,False
0aecc94d-aebb-469f-bdc2-705ce023282a,False
73dd8d31-40e1-4b51-9128-58041243161c,False
5f843666-831f-4c00-9490-029d3e1e0693,False
f8f9a45d-0f55-4896-b610-396b7df59abf,False
8a2db2e6-3bfd-48a6-b05f-ddf566fadca0,False
05a95733-2bdd-4419-beec-0074f4028e77,False
8e990457-e0b1-4762-8524-f0470bf2fb51,False
98a21f1c-914d-4fae-b100-13a7c6deb2f0,False
6ef68419-8a39-4869-bbec-a80c87280662,False
f7eefd84-b31c-4349-9799-2f42351b3e63,False
b86d066b-1ba8-47c6-897a-24ad41b455b8,False
23cce3bb-bfcd-4af7-823d-d884ca5fccf2,False
c54f87ad-7750-4fbb-9af9-ae1b5d9dacbd,False
c36db2ec-eeda-49bc-9c40-6cbe50f370af,False
851ab93f-297e-4f2f-837c-e599c1c353c4,False
6553b15f-1ea1-4b0f-95ae-b18b46ae7e06,False
02b622e9-808e-48d2-9d26-4b1b6593b659,False
aaef0591-3fd1-40e5-90a6-eb2200c65ec8,False
c363f61f-9400-4191-91d0-6bcd195efd72,False
d45d91e1-7979-4bb2-9013-8f7ecab5e9f3,False
3f4574d4-401a-45cd-972b-81545594d9c6,False
3964afe6-9e6e-47d7-876f-3b07a2ec377a,False
1bb868d5-88c0-43d7-b86c-014f65fae4a1,False
649423aa-6454-46be-a791-346cb7403274,False
69bea8c9-3a24-4c19-8292-9d3d96afa28a,False
43651cb8-329d-4f9e-b964-8a0f2d0490a7,False
14c62aba-89c2-4ba5-a48d-f4c0c330ec14,False
ba5916c5-9de6-4f2c-97bd-9ee6e63f6d3a,False
df823a94-8114-4235-b5b4-aee10836a865,False
44482593-e232-4c25-bcd6-2aba93c1392f,False
b4adaf89-0ff1-4a9f-ba37-0623bc5fd4dd,False
590c3cdc-7455-467a-9623-d84810b72ccf,False
c82585fa-c60b-446e-86bf-1fb70e2bd8c9,False
d74d930e-0e0f-4619-a926-61f516ca331c,False
1993edfe-583f-497d-a8c9-d68c7a3338e0,False
6c5495bf-f88f-4979-b0d7-509da551524c,False
722764e6-8c41-461b-a827-a1b9d4a02e53,False
497ec6d1-081f-46dc-b8d9-a88aef0bea4f,False
a9fc73da-5926-4059-bfd0-b387963dbc5e,False
b800f540-7f69-43af-a921-3dfa86e979fe,False
56f401e5-c1e9-44fa-be47-27fdc51c91f4,False
c8d0f9e5-9919-45ea-98d0-0c2c17d30f32,False
529b20e0-53bf-4b10-90cc-c1a51b912adc,False
01bf9e73-3f80-4385-af92-40b652d78f10,False
ef0a573d-53d2-456d-9040-158728e213bc,False
704d628f-35a7-48ab-aaed-979fb2ac4768,False
a17f2016-c997-4b86-8ea7-c6ed5f1d3663,False
e21734c6-d36f-41c9-8caa-2cd36ae71db3,False
a5b2c7ea-2947-4f54-973e-129c35f0b1be,False
a8575900-7a8c-4c36-a5d7-71639b2aeea6,False
0e77b689-3d40-4ee0-ba36-a26d42c0d1c2,False
ef3dc5a8-9295-4d18-ac7c-44a8e6c9e05e,False
57d52b78-9cf3-437e-b562-037b78aa16ea,False
ba2c43ec-43f8-4fcf-8997-0b27dbdcfb3d,False
ac9ed156-f63f-4e41-ba9a-ca5e176132ed,False
77ec2100-ec28-417a-92ec-c3bd16757d7e,False
57b6b27c-bf18-474a-8743-d9f12d08413f,False
b87189e1-9e5b-4abf-8478-608888c62a79,False
a81d0ecf-c27f-469e-bebe-a834bfffd800,False
edbc36d8-9a30-4096-9977-66bea71c8948,False
659e2deb-ec28-4a93-b5a4-f270eadeae69,False
d37ee471-6e3b-4507-a21c-1209c3a1962d,False
2dc09158-7b83-41cf-8ebc-6d7ec8a65b85,False
34cec306-c39f-4fb3-a5ec-c39cc6079cb1,False
8fae987e-1ed8-49a2-b45e-2b3707995fbc,False
a1b2a7e5-fb72-425b-b209-329d4aa7f4e2,False
37850b5c-3ce5-488c-be53-d702e1f8d192,False
23ac64e5-d1aa-4b53-8755-66c2dde4cd87,False
6dec6bbd-f697-47a1-99fe-3d53624fea4b,False
71be94c3-6ab1-4db6-9da4-66feb0937085,False
746b161a-31cc-4738-b68a-e9b79b3aa1d1,False
0bc1f9e5-fb3d-4063-8409-c5eacde918b3,False
42f8bae4-0145-43df-bd0e-be4e877f867c,False
bd350d2a-7a0c-456d-9f43-25f4b3521505,False
399557cb-827e-40b2-a892-0b25ab35f75a,False
19b17e80-dea4-4e17-94fd-9ad39716108e,False
8365d2cf-173b-4226-84d9-ea2dcb56eb48,False
af88239f-d4a3-418d-ac08-f40119271805,False
0bd18d4a-4cf4-4edd-bf93-04fa00059b9d,False
6e1a1e1b-ed1d-4efa-9c4f-c55ebf715a28,False
592448ee-7ac1-44f9-8472-f9f6ec6494e0,False
7393c675-a3cc-47c1-84b6-ae47ea0970c6,False
0937a982-96f4-4688-b33b-5a5d0a45f604,False
26e21c56-a5e1-48aa-b287-b9a1cedf8af6,False
888e58e7-06b6-45f4-99d4-5a552e7c77b0,False
28791fa4-7a80-4dd0-8286-2014ff41e2a0,False
80fa3363-7497-47d9-8346-93d1ca67d562,False
11defebf-9e98-461d-88fe-bf6d199c8d94,False
7a5cd426-5c1f-4f7b-81c4-dda8ccbf1dfe,False
6f082598-e1b4-47ef-9f8a-4862ff68ef1a,False
a19ccc9a-b732-4e2b-94a4-2bf0b96a5305,False
3e447305-eb55-420d-81d2-31cb66bd5d42,False
4421c1e1-2a8b-4fc8-9006-862ab31eb8f5,False
6b2afb3a-1b38-41ad-8b21-cf12a284598a,False
18412e07-f583-4c69-807f-26542be4be9c,False
05d04902-48d1-4e77-9710-d2f519b7a8e8,False
5da8d6d2-f8b3-4a8b-a05f-b8bc8a16a06c,False
b4157cea-0738-4ba4-9770-a3dbe9fa97e2,False
9b465e04-b4cf-4cd7-b2a1-c14d46a49f8d,False
899fad03-ebd2-4573-a012-a24e3c168418,False
420079f5-1dc3-426e-bb62-659e0700749a,False
cd4c01b3-33e4-4ea9-baaa-f675b807eb46,False
34a0dcd4-1a9a-429e-95ee-25876c98fd9b,False
ebc1bb52-82e4-4d4a-943a-c1c54f560ed5,False
5c42adcf-5acc-416d-999d-ed5edb84aa96,False
6f959489-8af2-420e-a9a3-e5f6984ad463,False
2474e10f-7181-40c2-b4b1-58aa26df6494,False
3e9639ba-0ed2-4c9d-bd17-5712d8b22277,False
6fb0d297-7daf-438b-853f-1a4361874fa9,False
aa8fb624-4f2f-4eb3-98dd-0b26fc0ea898,False
13c3fc1b-d77a-40b8-9ae6-befe8f2de908,False
889b78d5-dbfd-497e-aca2-b148da330aa1,False
8ece1128-56ce-4b42-bc9e-1dcbcb7e6268,False
4001570a-3312-4e73-8485-63a3aeee2302,False
0acc09da-0ada-434b-ba8b-a3cf39bbab8a,False
a5c9cf20-3967-46aa-ad2b-2c8276a990f1,False
09572517-18f2-4999-9410-8438f82e5e1b,False
49c3f48b-f881-4f18-9f34-fd6c7bf75b57,False
83d04bac-21e3-4238-92b1-178bfd6c47e3,False
97266a28-dd7d-4ff7-b32f-4bd725acf1b6,False
55c275e2-d363-421f-b11c-dad44e6ccc79,False
f7347784-a049-4164-952f-6d1127ff97ca,False
af8422cc-484f-4a28-a2d4-7bffa510f7b4,False
ee426792-ce2c-46df-8051-01e5a7b85447,False
7b2a7f10-3590-4039-86dd-5e19dbe83664,False
929daf9f-0149-42af-8ab1-a5041f8c56e0,False
0bb9c606-5320-46af-beb0-b8d1e3e7e32d,False
1f44aa88-855b-4c5b-8cb1-457eeffad15b,False
9d1c0838-edc8-4ca8-a3bc-d6f3b18d2c8c,False
923da956-9be2-4179-bf1d-8f89847ccb1d,False
67753489-3bdc-4115-8148-e22463404548,False
262edf5e-0f4f-4d2b-b039-d524089742f0,False
d1049948-5f6d-4884-84fb-cda0164e03e0,False
5e2467ba-1130-421c-883a-e2b3f6f4fc48,False
e6bd7f5e-cf23-4be0-acb3-a74d8daf1352,False
e0788722-adef-4e74-a1a1-b34377a4802c,False
b1aa6e6d-e1dc-4188-8c03-e875a8bc30fa,False
d95d48ed-6a02-4dca-a566-a39e41a3e739,False
6a673cff-e0e3-4d7a-99f5-870ddb2bee8a,False
bb0084fa-3822-451b-9b00-f1a0d2ed3196,False
576b67e3-eac7-457b-bc96-fd06ce8b30ce,False
fc0221b4-95eb-4914-aac9-8c18f63e7ed4,False
b21e810b-ecac-4756-b9b2-5e7e73eb73ce,False
c96d525e-a563-4cf4-a7df-eb9257c13f7e,False
69be173a-850e-40ad-9872-f72ee5b4a1ae,False
7b1463c9-30bf-4f5a-b01d-e9361527690a,False
1216e243-634e-4115-9c81-2bad0bb34c14,False
c1b156bd-fa2b-4df7-9c89-4d3970a6b5fc,False
d90949aa-9bdd-4d7a-ad53-628b49851b79,False
74300ccc-03fd-4d08-8b73-361fccbeb6db,False
f6b896c2-6855-490d-8f2f-ea5708839311,False
32e72520-4d83-4055-97ac-720e0626d3be,False
d2b2cf4b-489d-4b8a-bab0-dbe0438e1bb9,False
93de2f9e-f0c9-45a9-91c3-d6377ca5013c,False
ab7d09b2-7d01-4706-98cc-49bb12581998,False
4496a883-4a7a-477b-876a-16e73c1fc9aa,False
dd750e98-90e0-495f-8212-b554464458b4,False
9b62d6d2-c6cf-47bf-b73e-54c31ef8aca7,False
1b37ef19-b3bc-412f-9fb7-474e85a0d089,False
b440b852-e033-400e-a432-62b38675820e,False
2951c8a7-cd21-4a34-8a49-ba1b3ab5a9f1,False
5c3bd3b5-ecaa-4afb-97e4-527a6274d240,False
282f0aa6-730f-4b28-acaf-549ed37dcef3,False
43d75413-a939-4bd1-a516-b0d47d3572cc,False
09360f02-75ac-4819-b14b-5c03605797cf,False
75175f39-7354-44fb-a44a-0371c5ab4e57,False
87f1d48c-d54e-4948-81c0-c5e3527c8f50,False
4f11d8dc-5cd3-4369-84aa-c1b75ca0c428,False
76f2dbfe-cd29-436f-a222-82e174daaebf,False
9d47172c-ab01-4101-bb32-aadb1f41c851,False
4c1d2e43-0c2b-43e4-83e1-346d49902258,False
0577f0c3-925b-4545-a090-9a10fb0f79e5,False
2bde3c78-a931-4044-9f52-58abcf3a9723,False
b176e71f-3918-4c16-a386-3cd100f24a96,False
816ce054-282c-4470-af32-f72aa4b5c723,False
b381e8b0-38ca-4da7-81f0-98fca45ccc55,False
fcd2280e-e3c5-4ba8-b122-d7a0d12972d3,False
737ea52f-6d15-4b06-961c-9af39f021a19,False
5d20d8de-24a1-4c7f-b63f-93f646b5b8f6,False
235fc3d5-2224-4806-8e07-2a5273edb223,False
e950419d-f89c-491d-9280-9c97a1f76e1c,False
f9f15e65-c919-4c69-8bfe-68f0b8a9f704,False
cffe7547-a347-4f55-b94b-a015fa126797,False
1c36036f-beba-4619-9b6f-b706e04e6585,False
144be8bc-e207-4595-be20-9925a72427a6,False
9ceeaf74-a3f2-43db-9236-948e34ecb64f,False
ffa361be-0f92-40e1-87f9-7d05f6ca6b8b,False
7060ee63-1927-4b44-8e2c-f16bf3fd9e32,False
698f546d-5f29-4290-9848-5a54531c8812,False
74246baa-2dca-4c82-8660-a3e9736d417c,False
ae62990c-19bd-4f93-b8ef-7666b7a4c719,False
2c913a7c-a340-4f08-b341-91b8ed6522b4,False
0769165f-e746-4cb9-8ca9-cf07b1aa0f6a,False
1ce62a9f-79af-4348-90bb-c60d07bf63ee,False
bf337a15-1e08-4f20-bdd1-51b0f64ab6ec,False
6f97aebd-e15d-4642-8a84-bd349d345ce9,False
9ef63a80-179f-4235-9f2e-f2803b5844f5,False
81627cf1-4394-42e6-9a58-7e8aa25d6b29,False
7e7d5e88-4dcd-4534-95d0-3545d5a76023,False
1f115b76-d92c-4227-aadf-50853fcb7546,False
4400592c-a0b3-45c7-8fe1-f0505cf9d973,False
9e90d107-0611-4bfe-88b6-f61d316da914,False
15936f42-4d31-49b3-a187-8e933281f976,False
2ff3cde4-6aa4-4c9f-9217-04753d959e3f,False
c8594dfb-6d73-4d1d-9da1-497a6f1f9af1,False
1ac62a63-feca-4f41-9908-d31984584019,False
abe05b22-13dc-4154-ab1f-c2ab640eb68e,False
5415668e-4f75-43d1-9610-7189016ff44c,False
fbf3a106-260b-43e0-8ce6-929f7a44bd05,False
2b1ac76c-89ec-4c51-98cb-aa5247f53019,False
accc1507-42f8-4fc5-92bc-b64dc59498c5,False
5820b3f2-5989-4d6c-8d24-34f9963dc8bf,False
9d30b0f7-f6a9-4c38-93f7-4636c7be5406,False
dca02eec-acda-4acc-9165-e21098543881,False
b33aa6b9-7a23-4f3c-81f6-028b4a0efbe5,False
3d51d528-072e-45dd-95e1-7880d8bb62b7,False
a67155cd-76e9-4fdc-87e4-b3f364ad2b39,False
afe1d845-a18a-4249-945a-1de3731dc76f,False
c51b2922-ca91-4df7-b174-5b78c705dd1e,False
9b69554d-7c54-435f-ac8c-3b6aa974d079,False
f7222fbe-ea06-494b-a310-ff72ad62d094,False
95e2f91b-da88-4b20-b819-58f22b258bdf,False
300a491a-faa1-4736-bee6-b06e37f7a96a,False
54e38579-c0af-4193-b780-ef2f664d5922,False
44113459-aa79-47f8-8649-c4c31cdd5a61,False
21c71aa3-7414-43b5-8e3e-25f2cf0671c7,False
8ec29e07-ee0c-4303-b9c1-1c4a639817e5,False
50bf2995-9ee4-405d-9f06-bc767b777e71,False
1ad74fd4-298b-4e78-9420-60ce6b2f9d47,False
7f843004-c4ac-41b5-bf04-2c7b13ab7d2c,False
44f7f01a-3cb5-46d7-834a-130e8c6ea6ad,False
fdff67de-6a63-4d5b-9398-ba020141f1ae,False
1b0c9092-8127-48f7-9909-e0c9276c7935,False
76e51a12-79c6-4757-b7fe-b7351cc6f0a0,False
b4c70241-990c-48bf-8197-8cb867218261,False
1aa3c18e-0aaf-4962-b92c-23e3454009f2,False
bb3494d1-f327-43ef-850b-d5b96f581316,False
acef45c4-de37-40fb-9db9-4eee1a3c2131,False
a3922a4e-4f2c-486f-a27b-0edd8d7f9371,False
f311a3a1-45a8-4731-a00f-6ea257647ecf,False
fc1b3217-83eb-4e95-9891-0c365dc57345,False
a8cf2936-8e81-42f0-ad47-4c4f08697ffa,False
9174f53b-548b-4c63-be87-a6bcf3e00dc5,False
7d2f4e58-b47a-4c5b-b0b3-901535102852,False
6f339c5e-0392-4cfa-9d9f-2c8c6640464a,False
f6b751f7-9b74-4245-9b1b-c8952af43ab7,False
205f9619-df73-421d-87b2-e24dcbad3916,False
6e43b319-f929-4271-b220-58f9bdb2fd9e,False
ddbb3fa4-0679-44f2-ad92-38a459225b53,False
34d88c51-4f2e-43eb-b98e-249757a55d1a,False
054d35aa-2899-4ac0-8c2e-a4dc685b2cbc,False
f58f9bdd-d520-4ef5-878a-4dcbdac97c5a,False
092351d9-fedc-4b65-84aa-6e12208a9c4f,False
cc361369-2636-4245-a9b8-8f333c5d815e,False
53ad132c-0131-471e-8338-57e4877478d3,False
ed1115d7-50a4-4c85-99d5-7b0242d04d55,False
8e676a01-d86a-4460-99a1-120e1bb43332,False
ce0ae1dd-5b95-4e5e-bf24-87bc8c102bc1,False
cdad7736-7a27-4eb3-8f69-24f32f532a9f,False
eb0230a0-3313-4402-a382-d280b44304e9,False
04a624f3-2318-40a3-8fab-07f40022994c,False
f9f4fbcd-6f41-4c23-ab31-b5e740ed4d57,False
83239ba9-771a-43fe-8a88-57a5957e8c66,False
d0ef1299-250b-4c5a-90e0-8a8175ea1023,False
4169de84-0ad3-48b9-ac10-180ec8d2382a,False
68e438e0-5a57-4306-b0dc-80e80aee5a68,False
15f0e5ea-4b0a-4742-946e-6a4f2a873e02,False
79fc3831-ee9a-41b5-ae58-d695e15ab8f3,False
7222534d-b309-4e0d-b0ac-0677d60f8680,False
04621030-5afc-46a6-9229-13f100f3e866,False
c5857b6b-7b98-4c6e-9ac6-e2bf00b36478,False
71e007b0-bb6a-4647-ad2f-458d9237e145,False
aa000756-52e0-434e-a505-a2b69dd3c15a,False
ce315937-34fa-42b6-9043-7e4c34e50699,False
229da816-d113-4946-bcd4-2854b6630e4c,False
52a7c5d6-08ca-45a8-b822-b39dfbe770a6,False
d5b1a96a-2e4c-46e2-9b79-9e6bf52ef4a6,False
0cc66163-002a-4e3d-9588-3c8fa9065c79,False
8591a818-91fb-4925-b511-24380d892ced,False
c01f36bf-3e6d-458b-b367-c28de1b294de,False
f31d40e2-0967-4567-aba4-39e6d4ec494f,False
b360e8af-91aa-4b5c-ab0c-bd6ca6032997,False
23625303-2ae7-4b5d-9cd2-dfd44c745676,False
9145aa38-7722-4c2c-b6b9-ca355430c8c3,False
f28bf846-3b50-4fda-b875-b1c777243aa3,False
5b7117bd-2442-4191-be7c-7d6ea8cc4515,False
1bad52a8-a976-4c4d-8c47-2187fea35d37,False
4cec495b-2267-46e3-ba5b-6ac5de703b72,False
279c658a-3676-4ce5-81e5-c9f693f277cc,False
999921ec-9d2f-4e76-beb2-d1727be19731,False
178926f3-f91e-4b9b-8596-7e762824162d,False
ad05b912-5ab2-4d4a-8bd8-8fcd57a2be4e,False
170e0447-1a28-4f20-8e52-9b862433d80d,False
32fd73c5-0894-4176-be99-df69bcd49975,False
4c618a43-6f04-4c76-b3e6-922da5044925,False
d1ad3e51-89f9-4de9-b798-0131a885a7b4,False
46e95aec-0cfb-4d8a-ba8a-7ad235362888,False
171603b1-7466-4e6f-a1ee-b1f133b1d0dc,False
ff03f1a9-72ed-457b-835b-66254e7fb47f,False
d61968aa-7fb8-46b2-8573-3d101d3ebe5b,False
26366874-b225-48de-b6e2-887aefe61690,False
d771b446-7ac5-4288-8053-f74e3f003f8a,False
216dfc70-2196-4bee-9a35-44b538118828,False
5bf2e8db-7f7e-42ed-b05c-3053b789593e,False
b2092e71-208f-498c-ae2c-92b2d9b97b79,False
a845f723-8992-4e2d-8400-e249f8bb1616,False
b703fa9f-e15c-4c37-a4ab-9bae5aca08f9,False
646d2e33-380a-402d-8e55-ced39e79a6fe,False
805aadb5-fd91-4a63-9ca4-2a3ce177105f,False
c4ddfe54-917c-4f11-b81e-d083929614b5,False
d89939ba-da7a-4e9f-8265-1976e0880267,False
8224153c-320b-4ab7-959d-880c76a5025c,False
cd03a402-c827-47c0-9337-bb3466e1608e,False
36e90637-e921-46db-8b72-d0efb2fdaa38,False
02774ef3-1f4f-4a0f-907f-fc32c78e4415,False
12cb7604-34f6-40dd-8952-9a77ce09e92a,False
f8d4866f-599a-40f1-81dc-d57c164caf2f,False
17759710-65a8-45a3-b833-eece08e5ed83,False
f9e33543-8d1d-47a3-8c88-4f7be84b3c55,False
cb618d75-aa96-4dfb-a79b-265ab15f3994,False
2ffbe857-82ee-4e08-8ba9-ee1e75888aa1,False
2adcecb5-109b-451a-9d69-32c9a9db47b9,False
e27718c5-737d-4fb6-9113-76e038d77b9a,False
fb8fe8c4-d8b4-4ead-9360-8edf382b5b86,False
4580ee86-18ce-4087-a53c-e1148d185c2a,False
57b936b0-3346-4332-be0a-824e232a5e82,False
0ba6eab9-4639-447b-a067-bdac88bd13d1,False
f7336094-6b2b-48b9-85c7-f3bed183010f,False
c0d2201b-26cf-4e04-bed5-e52eaa3d2111,False
00c85e9a-408a-4d2f-8c86-e6b66ffcc6e5,False
e47f9c7e-07ec-4d32-89e4-ec2813d88e04,False
ef3bbcb5-4135-44d3-8108-cc5d9351a5da,False
cf2e3296-7184-4713-a55f-65b7e709fba6,False
462741ec-08ac-484f-8a10-b49968028b3b,False
63a35592-34ef-4156-a55a-b787a292bd6c,False
9e9a1e40-ba49-4cd5-a185-3b1a63e12924,False
a89f5f9d-e12d-4f58-8482-0852489a4ca4,False
6147adeb-277b-4667-8499-d0a615007170,False
16db80db-a543-448e-9adf-e9816ab19e15,False
3451cf94-ee8b-46d3-8b94-6541d4cae432,False
51ffdef6-b660-4a31-b8b8-9fc4e47172b1,False
37663e35-cdba-4cac-be85-f617f17e993d,False
620956a8-1c68-4db0-8d33-3496e3528539,False
ff70abaa-80e5-4b3d-90be-35ee397e241d,False
16e7bff3-d2a6-4853-8c50-1e6e27ad082f,False
8a2e6a93-c558-4bb2-81f7-f3fb19e45c6a,False
8a4b8f7c-2147-4a15-bcce-96f6250a4578,False
43b9da13-ec85-4f37-bbc1-a987aff8754d,False
cc0cb19c-a973-4b18-a9d5-039af5260cb1,False
37309e25-f10c-44f0-a85d-9795b9138441,False
e18e763b-0d57-4ef5-8aec-b05721e5259f,False
d0778d1f-7079-44e0-8ef9-2e305f9094ca,False
471b0cc7-e233-4597-b129-ed2f25ec77e4,False
2ce6f908-cece-45d3-9ea9-09ef7257dcb6,False
b2c4606b-8381-423f-a92f-aba1a6d50103,False
8caf7d2a-bc40-47fa-9c63-86f732fc5015,False
e00c04a3-3826-4d58-8e98-686d051852dc,False
b95175be-5c89-458a-96b4-4b0c576bd523,False
bc9a7998-6365-4c2a-a793-cb096b271eff,False
8c38c18b-02de-4556-9f27-e8b562e03868,False
87eb754a-995e-45bd-8465-3d5fa51f4e7c,False
91a17855-aabd-4589-b736-5e1b36f1374d,False
d85195ac-d3aa-4b27-90f3-2ab5df586eff,False
3db02235-261e-4555-863e-1f2a18a806ef,False
58bce5e4-d282-454d-8827-02f04caa568b,False
eb053fc4-1b65-4dab-ade4-6e91e8e6e840,False
113145d2-4346-4ce5-8895-d134acb4b5c3,False
df61dbe1-b714-4c44-91b2-152483c38648,False
7e1f48c4-a9d6-490d-b4ad-fa22ad0205f5,False
9af4ab8a-8908-43f9-9619-5c4f4db1f8cb,False
2db13deb-ee6f-4bea-8df7-164713769ff9,False
88f47eed-6990-4abf-b792-be4734783752,False
de14b989-4c91-472f-9ef7-c9e1ea882491,False
1fa382e8-895c-4d99-83b3-8eb403902c5d,False
2cd94cbb-c19a-458c-835b-1c8c0a4c9f7f,False
26daf6d1-71c3-46be-9297-cb6658ab766f,False
8706f724-bf83-42d4-a3de-67fcbe59d035,False
c179c596-d772-463e-b670-0a627506d74c,False
592aa87b-fd85-4cf8-b932-28b9ad8ac4bc,False
6b1d20b9-8954-4c3d-a10f-2a8a1c59b736,False
77806788-dff1-45e3-bcba-6c808c7aa939,False
c88994e7-49ef-4088-8ab7-2eb99be4e2ac,False
7f2632df-21c2-4510-b6b2-b13cb79f0581,False
bec62bbe-4d7e-44b1-8001-8cbe54492845,False
8c9bcaa6-07aa-440c-9762-0a6f6f24564d,False
65d77fc8-252a-483c-9d7b-ca5cf7a87bc5,False
8db06746-7927-4973-9e78-1fd794e0d3ba,False
a71f4b37-4e35-4338-8124-98f96de27e22,False
e1d5fcea-c610-424b-a0c8-667fb46f0145,False
a61f0b96-e75f-445a-aa1d-3fc65f31273d,False
a90e319d-637e-4f94-910c-8d920222305d,False
e9ad0e9b-8c9a-41e9-b3b2-63376a74dbb7,False
66205167-17cf-475f-898b-cf673f8dcf96,False
d900b745-311d-4ed4-863a-5bb6c841b6a8,False
a0279a18-6576-4410-8d41-ee472a5fda18,False
ba2c98ce-0b19-488e-9d77-a45ef206c269,False
f0582911-0499-4aeb-98b6-a5b0c7c22f1b,False
060615bf-d1b5-4519-844f-376a4bd01f7a,False
57f7d71f-2978-4c73-9440-adec12439b0f,False
9950f11a-1114-40da-b87a-e6defe8c9aab,False
6388f6dc-9c12-43c9-bbee-45828fae46a9,False
6e4928ac-19f1-45cc-8244-e4d75ac2a176,False
f5dab6fe-1ea4-489d-9898-2e99fa9fdbb3,False
ba098484-f5a7-420d-ad6d-91e193ed82c5,False
74e5418d-baa3-40fa-8743-8e60cd4901c9,False
75757602-2d02-423f-ad25-32e51d0678b7,False
37196a50-02e7-4683-8cf2-7f33e6371a1b,False
24e700ef-d69c-4471-8729-1e1da4773a78,False
95c7c261-ee45-4bb8-bf80-48b423817db9,False
a16f9a2a-96b0-4859-8e78-78c3dc4e9d81,False
d0e1c093-eacb-41a2-b482-679667cc3176,False
d7aaabb2-637b-410c-aa19-3ff9a20173ac,False
d4d332e6-fdd2-4e6c-9401-cf76bfa886b5,False
75c32e98-1bdf-4f34-990c-8fb930f6151f,False
52c4c108-2f16-4c7f-a598-a7bc71285350,False
c02ac52a-582f-4c69-8be9-e5d7b3d916f2,False
4323c3c7-9299-4d80-9216-bc346539b1f8,False
d216d058-e84d-4aa4-8fa6-897eb96f5266,False
99cd0df3-a873-4bc8-95aa-aa3bb6123cda,False
437fdbd9-6159-4130-aec5-509c922615b2,False
6c99ce56-a58a-4bb5-9f19-30e0cda7a451,False
ab0dbf11-7577-4452-9378-05ee204fcbe4,False
88e5e76e-68ea-4538-bfc9-cf297dbd40f0,False
15445902-6bfe-4d17-b60a-d0a38eeefe95,False
59876711-3c20-4e71-826c-d241261e5c4d,False
64591a9b-8267-4f9a-80f8-99defca339e8,False
cf2a5746-b41e-4125-ab16-1276d8e8ea7d,False
ee8fd6ca-59e0-490f-af58-b690632e67ff,False
73fbf312-64ec-4beb-aeea-f8b3f3e5118a,False
adec6f15-bfdc-4b0d-99ff-a018c1c1ba4f,False
515ea371-f0b1-4781-a9c6-49ec2b48a034,False
f3e4613a-6672-4f51-887d-f059b2e3e64b,False
9384ec2b-44fe-4cae-9248-a9a7ac1aa554,False
a9230810-c346-44f9-8bed-0104929ea405,False
4f66a914-0563-4b30-8834-0d51a5c6c5ae,False
41ff81d1-689d-4205-8b31-f4d8e073c1d0,False
d24289ea-3959-4465-85c5-581054b728fa,False
d69cd777-4114-42dc-ac06-2d4a708183ae,False
1b19b829-d0fc-4577-8ec7-56748b19f320,False
1387bcda-5b78-47ed-8824-faf3f4b28643,False
b8d7e825-bd6f-4707-b17d-64df35e8f24a,False
70944bdb-26a5-44e3-90ee-7a92a09151e0,False
4cb4a7f6-9db8-4f7e-95ed-d864f68b6ba0,False
c481ea69-f83b-4029-b6ac-204884308e0c,False
f9690579-79dd-4dd4-af97-fbd2a0c45942,False
dde7110f-f42e-48ee-9f30-1cb5c8c574fa,False
c9e26074-4f16-49a0-8a17-991ea5769411,False
d0725b5c-a281-4044-af96-288295d82980,False
493e904d-30ec-4796-a59b-457fc0d7ac73,False
cdd0b4d4-5542-47de-b6ad-f48b2314d0c8,False
69498671-7e55-43ba-a8a2-f417379e03dd,False
a9f25336-83f4-49a9-88a6-39d015b52908,False
905f9096-2996-46e2-8c9d-690713b22cec,False
c074718e-425a-409f-b337-c59979844388,False
c0476d80-532b-470a-a09f-839fb6ddbd11,False
3457c8d7-5236-44ef-8d8b-10518af35cd2,False
4c71b0d5-bf4d-493d-bc57-003e91f91586,False
7092947d-be49-49ec-a667-d3bbe3b56360,False
ac7625b8-0fc0-4f77-b27b-14fdd4edc9d8,False
80e022c8-3b80-4c61-bde7-8473a3fdd59c,False
ffdb88d7-52b1-431b-a4df-08c567adb841,False
15260718-cd18-4a82-8447-ceab84ef4324,False
a4d37418-581e-40ef-b8ef-6c712b9fff6a,False
7c4cec7d-ce55-454e-b68d-6f3819e3b84f,False
5c70ee97-fca4-4567-8316-d2d6fa4a58ef,False
835108d8-9251-4afe-9d7e-5e48c03caa32,False
87935334-fc20-494e-bf7d-a45e35221344,False
9d7032c1-0478-4ccf-841d-ac52441982d6,False
4bc65ea5-681e-4744-b48b-d9d3c508c7e7,False
dacd40ba-8625-4bc0-a0ac-34f2ae672648,False
c76b25ad-499e-42b5-b1dc-89583c0a12c6,False
6713250d-6615-42bb-8599-f9ca5990e243,False
604e86b1-1bbb-4fac-b988-5901a1827433,False
29568c67-26ff-42a1-9ddc-7abbb6a16061,False
6f3b8e35-9c23-413d-b5b3-ecb55d61362d,False
b932ab84-9c01-4345-9b75-1b4f0a6ac930,False
9522eda1-9462-49de-ad87-f3d71ecc9af6,False
48139734-d6f1-4b12-92f9-8849efa8c7a7,False
27d415b6-0d77-45a0-a222-b6a615bfbe97,False
dff4cc91-3164-4c14-b1a0-051f0acae683,False
ae2e69e2-6c3f-4800-ac13-d7c3e1c72223,False
6a7330b3-ecfa-4700-a790-eee07dcfe924,False
84471dfa-d11b-446b-a993-f6e9f2007b99,False
88f7f097-57f2-445f-a751-5d4b0d829d52,False
4c6f9a45-8192-4f8f-9fed-7603fadc9704,False
96b80e76-23ec-4136-a33a-280f78bbbfdc,False
61a73056-5114-4a97-89cb-c14823b1d124,False
e9ef8d38-ab23-44be-9769-9f3168f97c61,False
7953424e-69b6-4c09-be4f-0b8c81f60936,False
0a21bf21-6f85-49d4-ad35-5cc1d48a79db,False
